sequence_id,subject,gesture,length,fold
SEQ_000007,SUBJ_059520,Cheek - pinch skin,57,1
SEQ_000008,SUBJ_020948,Forehead - pull hairline,68,0
SEQ_000013,SUBJ_040282,Cheek - pinch skin,53,1
SEQ_000016,SUBJ_052342,Write name on leg,61,3
SEQ_000018,SUBJ_032165,Forehead - pull hairline,54,1
SEQ_000022,SUBJ_024086,Feel around in tray and pull out an object,159,2
SEQ_000033,SUBJ_040733,Neck - scratch,56,0
SEQ_000034,SUBJ_063346,Neck - pinch skin,40,2
SEQ_000046,SUBJ_055211,Forehead - pull hairline,78,2
SEQ_000053,SUBJ_020948,Eyelash - pull hair,50,0
SEQ_000058,SUBJ_001430,Eyebrow - pull hair,54,0
SEQ_000063,SUBJ_012088,Eyelash - pull hair,88,0
SEQ_000079,SUBJ_040310,Forehead - scratch,67,1
SEQ_000091,SUBJ_032233,Above ear - pull hair,61,4
SEQ_000092,SUBJ_059330,Above ear - pull hair,54,4
SEQ_000111,SUBJ_001430,Wave hello,55,0
SEQ_000113,SUBJ_013623,Wave hello,81,4
SEQ_000114,SUBJ_040733,Forehead - scratch,87,0
SEQ_000142,SUBJ_032585,Forehead - pull hairline,73,3
SEQ_000150,SUBJ_040282,Write name in air,80,1
SEQ_000166,SUBJ_063464,Neck - pinch skin,46,2
SEQ_000169,SUBJ_038023,Above ear - pull hair,81,3
SEQ_000174,SUBJ_044680,Neck - pinch skin,234,3
SEQ_000182,SUBJ_024137,Eyebrow - pull hair,45,3
SEQ_000210,SUBJ_030676,Neck - scratch,161,4
SEQ_000220,SUBJ_047636,Text on phone,73,0
SEQ_000237,SUBJ_053173,Forehead - pull hairline,61,1
SEQ_000239,SUBJ_057917,Feel around in tray and pull out an object,86,2
SEQ_000240,SUBJ_040724,Pull air toward your face,50,2
SEQ_000245,SUBJ_020948,Wave hello,77,0
SEQ_000250,SUBJ_049223,Eyelash - pull hair,53,0
SEQ_000255,SUBJ_019262,Text on phone,77,0
SEQ_000259,SUBJ_053906,Pinch knee/leg skin,54,1
SEQ_000266,SUBJ_027682,Scratch knee/leg skin,55,4
SEQ_000281,SUBJ_058786,Above ear - pull hair,55,2
SEQ_000284,SUBJ_000206,Neck - pinch skin,45,2
SEQ_000297,SUBJ_055211,Write name in air,50,2
SEQ_000313,SUBJ_020948,Eyelash - pull hair,65,0
SEQ_000320,SUBJ_032761,Above ear - pull hair,57,2
SEQ_000322,SUBJ_017170,Forehead - scratch,169,2
SEQ_000323,SUBJ_041243,Above ear - pull hair,83,0
SEQ_000326,SUBJ_019663,Eyebrow - pull hair,61,1
SEQ_000331,SUBJ_061552,Pull air toward your face,108,0
SEQ_000335,SUBJ_061552,Neck - scratch,107,0
SEQ_000354,SUBJ_024086,Forehead - pull hairline,53,2
SEQ_000360,SUBJ_057917,Drink from bottle/cup,92,2
SEQ_000365,SUBJ_012088,Pull air toward your face,52,0
SEQ_000366,SUBJ_027682,Forehead - scratch,52,4
SEQ_000367,SUBJ_063464,Eyebrow - pull hair,169,2
SEQ_000371,SUBJ_053906,Drink from bottle/cup,61,1
SEQ_000386,SUBJ_032704,Neck - pinch skin,94,1
SEQ_000389,SUBJ_011323,Forehead - scratch,67,2
SEQ_000412,SUBJ_041770,Pull air toward your face,65,1
SEQ_000416,SUBJ_040106,Cheek - pinch skin,45,0
SEQ_000417,SUBJ_040106,Forehead - scratch,59,0
SEQ_000419,SUBJ_039234,Pinch knee/leg skin,96,4
SEQ_000430,SUBJ_030676,Neck - pinch skin,54,4
SEQ_000436,SUBJ_012088,Neck - scratch,53,0
SEQ_000449,SUBJ_050642,Above ear - pull hair,47,3
SEQ_000458,SUBJ_021670,Write name in air,107,2
SEQ_000461,SUBJ_056936,Cheek - pinch skin,51,4
SEQ_000464,SUBJ_013623,Neck - scratch,50,4
SEQ_000475,SUBJ_042779,Above ear - pull hair,49,1
SEQ_000492,SUBJ_039234,Eyebrow - pull hair,56,4
SEQ_000502,SUBJ_034574,Eyelash - pull hair,58,3
SEQ_000504,SUBJ_008304,Text on phone,84,0
SEQ_000508,SUBJ_064387,Forehead - pull hairline,49,4
SEQ_000510,SUBJ_063346,Wave hello,67,2
SEQ_000517,SUBJ_054811,Above ear - pull hair,81,3
SEQ_000525,SUBJ_063464,Eyebrow - pull hair,59,2
SEQ_000527,SUBJ_063346,Cheek - pinch skin,54,2
SEQ_000536,SUBJ_045235,Wave hello,85,1
SEQ_000541,SUBJ_017807,Cheek - pinch skin,49,1
SEQ_000544,SUBJ_034574,Cheek - pinch skin,48,3
SEQ_000546,SUBJ_034631,Forehead - pull hairline,125,3
SEQ_000548,SUBJ_053906,Write name on leg,59,1
SEQ_000571,SUBJ_039234,Cheek - pinch skin,54,4
SEQ_000586,SUBJ_034631,Neck - scratch,56,3
SEQ_000589,SUBJ_024825,Drink from bottle/cup,86,4
SEQ_000602,SUBJ_019297,Pull air toward your face,49,3
SEQ_000603,SUBJ_057917,Eyebrow - pull hair,75,2
SEQ_000615,SUBJ_032704,Text on phone,70,1
SEQ_000617,SUBJ_032585,Above ear - pull hair,94,3
SEQ_000626,SUBJ_055211,Above ear - pull hair,79,2
SEQ_000641,SUBJ_057917,Eyebrow - pull hair,46,2
SEQ_000682,SUBJ_050642,Text on phone,55,3
SEQ_000693,SUBJ_030676,Pull air toward your face,132,4
SEQ_000714,SUBJ_047636,Neck - scratch,53,0
SEQ_000733,SUBJ_064387,Pull air toward your face,72,4
SEQ_000736,SUBJ_035353,Write name in air,45,3
SEQ_000737,SUBJ_027671,Forehead - pull hairline,49,1
SEQ_000749,SUBJ_004117,Eyebrow - pull hair,65,3
SEQ_000752,SUBJ_019262,Cheek - pinch skin,58,0
SEQ_000765,SUBJ_052342,Neck - pinch skin,56,3
SEQ_000766,SUBJ_061552,Forehead - pull hairline,54,0
SEQ_000772,SUBJ_019262,Eyelash - pull hair,103,0
SEQ_000778,SUBJ_032704,Forehead - pull hairline,44,1
SEQ_000780,SUBJ_042794,Neck - scratch,55,0
SEQ_000783,SUBJ_032585,Pull air toward your face,54,3
SEQ_000789,SUBJ_038023,Neck - scratch,88,3
SEQ_000792,SUBJ_008304,Neck - scratch,53,0
SEQ_000793,SUBJ_063464,Above ear - pull hair,50,2
SEQ_000798,SUBJ_041243,Pull air toward your face,121,0
SEQ_000805,SUBJ_008728,Eyebrow - pull hair,76,2
SEQ_000807,SUBJ_055211,Eyelash - pull hair,84,2
SEQ_000810,SUBJ_054811,Wave hello,81,3
SEQ_000821,SUBJ_032233,Neck - scratch,54,4
SEQ_000824,SUBJ_041770,Forehead - scratch,66,1
SEQ_000835,SUBJ_019663,Eyebrow - pull hair,48,1
SEQ_000838,SUBJ_054811,Neck - pinch skin,47,3
SEQ_000846,SUBJ_003328,Text on phone,61,3
SEQ_000849,SUBJ_053906,Pull air toward your face,62,1
SEQ_000851,SUBJ_019297,Cheek - pinch skin,48,3
SEQ_000862,SUBJ_055211,Neck - pinch skin,42,2
SEQ_000864,SUBJ_017499,Cheek - pinch skin,87,4
SEQ_000874,SUBJ_038023,Eyelash - pull hair,65,3
SEQ_000877,SUBJ_001430,Forehead - pull hairline,48,0
SEQ_000881,SUBJ_040310,Write name in air,66,1
SEQ_000892,SUBJ_036450,Text on phone,55,2
SEQ_000896,SUBJ_059520,Forehead - scratch,98,1
SEQ_000899,SUBJ_017170,Forehead - pull hairline,47,2
SEQ_000905,SUBJ_053906,Pull air toward your face,49,1
SEQ_000913,SUBJ_019756,Neck - pinch skin,48,4
SEQ_000927,SUBJ_026824,Feel around in tray and pull out an object,75,4
SEQ_000929,SUBJ_019663,Forehead - scratch,55,1
SEQ_000936,SUBJ_039234,Eyebrow - pull hair,83,4
SEQ_000942,SUBJ_063447,Above ear - pull hair,55,0
SEQ_000949,SUBJ_040310,Above ear - pull hair,56,1
SEQ_000957,SUBJ_019663,Neck - scratch,49,1
SEQ_000958,SUBJ_034631,Glasses on/off,59,3
SEQ_000959,SUBJ_036450,Eyebrow - pull hair,48,2
SEQ_000961,SUBJ_063319,Forehead - pull hairline,67,4
SEQ_000965,SUBJ_026824,Cheek - pinch skin,46,4
SEQ_000971,SUBJ_050642,Cheek - pinch skin,69,3
SEQ_000976,SUBJ_032704,Above ear - pull hair,102,1
SEQ_000979,SUBJ_063346,Pull air toward your face,73,2
SEQ_000983,SUBJ_051942,Eyebrow - pull hair,47,2
SEQ_000985,SUBJ_032704,Forehead - pull hairline,108,1
SEQ_000992,SUBJ_017170,Forehead - pull hairline,48,2
SEQ_000993,SUBJ_011323,Forehead - scratch,53,2
SEQ_000995,SUBJ_050642,Neck - pinch skin,61,3
SEQ_000996,SUBJ_041243,Write name on leg,55,0
SEQ_000999,SUBJ_013623,Eyebrow - pull hair,62,4
SEQ_001003,SUBJ_030676,Write name in air,49,4
SEQ_001025,SUBJ_019756,Neck - scratch,92,4
SEQ_001031,SUBJ_034574,Forehead - scratch,52,3
SEQ_001032,SUBJ_042794,Eyebrow - pull hair,47,0
SEQ_001043,SUBJ_040733,Above ear - pull hair,55,0
SEQ_001053,SUBJ_040310,Neck - pinch skin,52,1
SEQ_001060,SUBJ_038023,Wave hello,69,3
SEQ_001062,SUBJ_001430,Text on phone,68,0
SEQ_001065,SUBJ_004117,Neck - pinch skin,80,3
SEQ_001069,SUBJ_057917,Eyebrow - pull hair,58,2
SEQ_001077,SUBJ_020948,Neck - pinch skin,57,0
SEQ_001091,SUBJ_054811,Wave hello,58,3
SEQ_001118,SUBJ_028998,Above ear - pull hair,49,1
SEQ_001121,SUBJ_001430,Pull air toward your face,53,0
SEQ_001124,SUBJ_032761,Drink from bottle/cup,117,2
SEQ_001127,SUBJ_008304,Neck - scratch,60,0
SEQ_001133,SUBJ_008728,Cheek - pinch skin,64,2
SEQ_001136,SUBJ_008304,Write name in air,53,0
SEQ_001139,SUBJ_057917,Neck - pinch skin,44,2
SEQ_001154,SUBJ_026824,Wave hello,46,4
SEQ_001159,SUBJ_057917,Forehead - scratch,49,2
SEQ_001160,SUBJ_058967,Cheek - pinch skin,63,4
SEQ_001196,SUBJ_038277,Forehead - pull hairline,99,0
SEQ_001201,SUBJ_052342,Neck - scratch,56,3
SEQ_001203,SUBJ_059960,Eyelash - pull hair,47,1
SEQ_001223,SUBJ_032704,Eyebrow - pull hair,53,1
SEQ_001225,SUBJ_004117,Above ear - pull hair,54,3
SEQ_001230,SUBJ_024137,Cheek - pinch skin,43,3
SEQ_001232,SUBJ_003328,Write name in air,53,3
SEQ_001234,SUBJ_032761,Text on phone,125,2
SEQ_001245,SUBJ_002923,Neck - scratch,65,3
SEQ_001249,SUBJ_021670,Eyelash - pull hair,60,2
SEQ_001256,SUBJ_001430,Neck - scratch,51,0
SEQ_001257,SUBJ_045235,Neck - pinch skin,52,1
SEQ_001265,SUBJ_035353,Write name on leg,55,3
SEQ_001283,SUBJ_040282,Neck - pinch skin,68,1
SEQ_001290,SUBJ_024825,Forehead - pull hairline,47,4
SEQ_001295,SUBJ_026460,Feel around in tray and pull out an object,75,3
SEQ_001296,SUBJ_019756,Neck - pinch skin,59,4
SEQ_001301,SUBJ_019663,Neck - scratch,47,1
SEQ_001302,SUBJ_008728,Neck - pinch skin,73,2
SEQ_001307,SUBJ_026460,Forehead - scratch,46,3
SEQ_001311,SUBJ_019297,Write name on leg,55,3
SEQ_001317,SUBJ_039498,Cheek - pinch skin,58,0
SEQ_001324,SUBJ_059330,Neck - pinch skin,74,4
SEQ_001342,SUBJ_032165,Eyelash - pull hair,51,1
SEQ_001350,SUBJ_024086,Eyebrow - pull hair,56,2
SEQ_001352,SUBJ_051942,Neck - pinch skin,57,2
SEQ_001353,SUBJ_008304,Forehead - pull hairline,60,0
SEQ_001361,SUBJ_059520,Forehead - pull hairline,56,1
SEQ_001363,SUBJ_063346,Cheek - pinch skin,59,2
SEQ_001368,SUBJ_041770,Forehead - scratch,51,1
SEQ_001375,SUBJ_041243,Write name in air,57,0
SEQ_001383,SUBJ_032165,Eyebrow - pull hair,58,1
SEQ_001384,SUBJ_057917,Neck - scratch,56,2
SEQ_001392,SUBJ_003328,Neck - scratch,52,3
SEQ_001398,SUBJ_027682,Text on phone,99,4
SEQ_001404,SUBJ_019756,Pull air toward your face,57,4
SEQ_001410,SUBJ_017807,Write name in air,82,1
SEQ_001414,SUBJ_055211,Cheek - pinch skin,48,2
SEQ_001416,SUBJ_057917,Eyelash - pull hair,50,2
SEQ_001418,SUBJ_039234,Text on phone,66,4
SEQ_001420,SUBJ_027671,Drink from bottle/cup,89,1
SEQ_001426,SUBJ_034574,Neck - pinch skin,50,3
SEQ_001439,SUBJ_063464,Neck - pinch skin,45,2
SEQ_001451,SUBJ_004117,Forehead - pull hairline,53,3
SEQ_001456,SUBJ_020948,Above ear - pull hair,56,0
SEQ_001459,SUBJ_032165,Text on phone,95,1
SEQ_001460,SUBJ_026824,Scratch knee/leg skin,44,4
SEQ_001481,SUBJ_024825,Neck - scratch,53,4
SEQ_001494,SUBJ_063447,Forehead - pull hairline,47,0
SEQ_001520,SUBJ_032585,Glasses on/off,47,3
SEQ_001524,SUBJ_036450,Forehead - pull hairline,58,2
SEQ_001531,SUBJ_053217,Neck - pinch skin,55,4
SEQ_001540,SUBJ_043192,Neck - scratch,52,3
SEQ_001549,SUBJ_049223,Pull air toward your face,71,0
SEQ_001555,SUBJ_040733,Wave hello,180,0
SEQ_001556,SUBJ_024137,Forehead - scratch,64,3
SEQ_001558,SUBJ_059330,Eyebrow - pull hair,53,4
SEQ_001567,SUBJ_058967,Neck - pinch skin,96,4
SEQ_001568,SUBJ_049223,Neck - pinch skin,54,0
SEQ_001570,SUBJ_026460,Forehead - scratch,88,3
SEQ_001580,SUBJ_001430,Wave hello,49,0
SEQ_001589,SUBJ_024086,Pull air toward your face,51,2
SEQ_001598,SUBJ_042794,Neck - pinch skin,69,0
SEQ_001601,SUBJ_047636,Eyebrow - pull hair,55,0
SEQ_001605,SUBJ_051942,Eyebrow - pull hair,47,2
SEQ_001607,SUBJ_026824,Glasses on/off,56,4
SEQ_001614,SUBJ_064387,Forehead - scratch,90,4
SEQ_001615,SUBJ_042779,Scratch knee/leg skin,102,1
SEQ_001616,SUBJ_042254,Feel around in tray and pull out an object,155,1
SEQ_001618,SUBJ_002923,Cheek - pinch skin,51,3
SEQ_001628,SUBJ_054811,Pull air toward your face,81,3
SEQ_001633,SUBJ_059330,Feel around in tray and pull out an object,92,4
SEQ_001642,SUBJ_000206,Feel around in tray and pull out an object,96,2
SEQ_001649,SUBJ_039234,Forehead - pull hairline,52,4
SEQ_001655,SUBJ_059330,Scratch knee/leg skin,55,4
SEQ_001658,SUBJ_035353,Above ear - pull hair,54,3
SEQ_001664,SUBJ_051942,Above ear - pull hair,60,2
SEQ_001679,SUBJ_042794,Cheek - pinch skin,92,0
SEQ_001694,SUBJ_016552,Forehead - pull hairline,80,0
SEQ_001704,SUBJ_034574,Text on phone,60,3
SEQ_001708,SUBJ_012088,Forehead - scratch,88,0
SEQ_001714,SUBJ_032761,Above ear - pull hair,70,2
SEQ_001721,SUBJ_008728,Eyelash - pull hair,48,2
SEQ_001731,SUBJ_032233,Eyebrow - pull hair,54,4
SEQ_001753,SUBJ_053173,Neck - pinch skin,66,1
SEQ_001758,SUBJ_021670,Forehead - scratch,47,2
SEQ_001760,SUBJ_049223,Write name on leg,49,0
SEQ_001761,SUBJ_001430,Pull air toward your face,69,0
SEQ_001763,SUBJ_036405,Neck - scratch,72,4
SEQ_001765,SUBJ_042794,Forehead - pull hairline,50,0
SEQ_001776,SUBJ_049223,Neck - pinch skin,52,0
SEQ_001777,SUBJ_039234,Neck - pinch skin,75,4
SEQ_001778,SUBJ_021670,Write name on leg,51,2
SEQ_001784,SUBJ_047636,Eyelash - pull hair,54,0
SEQ_001786,SUBJ_050642,Eyelash - pull hair,89,3
SEQ_001801,SUBJ_004117,Eyelash - pull hair,48,3
SEQ_001822,SUBJ_019262,Neck - scratch,50,0
SEQ_001830,SUBJ_038277,Forehead - pull hairline,91,0
SEQ_001832,SUBJ_053217,Drink from bottle/cup,98,4
SEQ_001861,SUBJ_024086,Neck - pinch skin,58,2
SEQ_001864,SUBJ_040106,Wave hello,75,0
SEQ_001865,SUBJ_039498,Cheek - pinch skin,72,0
SEQ_001876,SUBJ_024825,Wave hello,59,4
SEQ_001885,SUBJ_017170,Text on phone,50,2
SEQ_001904,SUBJ_038277,Write name on leg,72,0
SEQ_001905,SUBJ_011323,Neck - pinch skin,60,2
SEQ_001906,SUBJ_039498,Neck - pinch skin,75,0
SEQ_001909,SUBJ_027671,Eyelash - pull hair,53,1
SEQ_001910,SUBJ_021670,Text on phone,68,2
SEQ_001915,SUBJ_045235,Write name on leg,49,1
SEQ_001926,SUBJ_032585,Eyebrow - pull hair,66,3
SEQ_001932,SUBJ_024825,Cheek - pinch skin,47,4
SEQ_001935,SUBJ_017807,Eyebrow - pull hair,51,1
SEQ_001936,SUBJ_004117,Text on phone,98,3
SEQ_001946,SUBJ_021670,Text on phone,70,2
SEQ_001954,SUBJ_053173,Pinch knee/leg skin,51,1
SEQ_001963,SUBJ_000206,Cheek - pinch skin,46,2
SEQ_001971,SUBJ_012088,Wave hello,52,0
SEQ_001978,SUBJ_063346,Cheek - pinch skin,68,2
SEQ_001985,SUBJ_042779,Feel around in tray and pull out an object,90,1
SEQ_001986,SUBJ_039498,Pull air toward your face,59,0
SEQ_002011,SUBJ_050642,Scratch knee/leg skin,92,3
SEQ_002012,SUBJ_059960,Forehead - scratch,49,1
SEQ_002020,SUBJ_040106,Neck - scratch,43,0
SEQ_002029,SUBJ_044680,Write name in air,60,3
SEQ_002044,SUBJ_020948,Write name on leg,75,0
SEQ_002045,SUBJ_027671,Neck - scratch,73,1
SEQ_002046,SUBJ_000206,Above ear - pull hair,97,2
SEQ_002050,SUBJ_036450,Write name in air,48,2
SEQ_002054,SUBJ_024825,Neck - scratch,50,4
SEQ_002074,SUBJ_051942,Write name in air,51,2
SEQ_002095,SUBJ_059330,Text on phone,81,4
SEQ_002096,SUBJ_056936,Above ear - pull hair,64,4
SEQ_002101,SUBJ_034631,Above ear - pull hair,89,3
SEQ_002108,SUBJ_024825,Neck - scratch,110,4
SEQ_002117,SUBJ_017807,Wave hello,117,1
SEQ_002119,SUBJ_027671,Scratch knee/leg skin,88,1
SEQ_002157,SUBJ_040106,Glasses on/off,52,0
SEQ_002161,SUBJ_038023,Eyelash - pull hair,52,3
SEQ_002177,SUBJ_038277,Drink from bottle/cup,66,0
SEQ_002182,SUBJ_017170,Text on phone,57,2
SEQ_002183,SUBJ_019756,Eyebrow - pull hair,145,4
SEQ_002185,SUBJ_040724,Eyelash - pull hair,48,2
SEQ_002190,SUBJ_040310,Write name in air,55,1
SEQ_002194,SUBJ_032233,Forehead - scratch,66,4
SEQ_002216,SUBJ_021670,Neck - scratch,398,2
SEQ_002223,SUBJ_047636,Text on phone,70,0
SEQ_002228,SUBJ_024825,Write name on leg,55,4
SEQ_002250,SUBJ_058786,Wave hello,52,2
SEQ_002256,SUBJ_054811,Forehead - scratch,50,3
SEQ_002260,SUBJ_003328,Eyebrow - pull hair,213,3
SEQ_002268,SUBJ_042254,Text on phone,151,1
SEQ_002276,SUBJ_051942,Neck - pinch skin,117,2
SEQ_002285,SUBJ_050642,Write name in air,127,3
SEQ_002294,SUBJ_053217,Eyelash - pull hair,130,4
SEQ_002302,SUBJ_019262,Forehead - scratch,69,0
SEQ_002309,SUBJ_053217,Above ear - pull hair,58,4
SEQ_002317,SUBJ_045235,Neck - scratch,49,1
SEQ_002320,SUBJ_041243,Text on phone,71,0
SEQ_002322,SUBJ_027671,Neck - scratch,58,1
SEQ_002324,SUBJ_017499,Forehead - pull hairline,57,4
SEQ_002325,SUBJ_026824,Neck - scratch,123,4
SEQ_002344,SUBJ_036450,Write name on leg,68,2
SEQ_002349,SUBJ_059960,Eyebrow - pull hair,52,1
SEQ_002350,SUBJ_017499,Forehead - scratch,94,4
SEQ_002357,SUBJ_044680,Drink from bottle/cup,141,3
SEQ_002359,SUBJ_000206,Neck - pinch skin,47,2
SEQ_002362,SUBJ_053906,Neck - scratch,90,1
SEQ_002363,SUBJ_019756,Forehead - scratch,56,4
SEQ_002374,SUBJ_047636,Text on phone,71,0
SEQ_002380,SUBJ_001430,Text on phone,66,0
SEQ_002381,SUBJ_032585,Forehead - scratch,62,3
SEQ_002384,SUBJ_036405,Forehead - pull hairline,58,4
SEQ_002391,SUBJ_050642,Eyebrow - pull hair,47,3
SEQ_002450,SUBJ_040733,Text on phone,96,0
SEQ_002451,SUBJ_024137,Text on phone,52,3
SEQ_002452,SUBJ_008728,Above ear - pull hair,49,2
SEQ_002461,SUBJ_052342,Write name in air,88,3
SEQ_002515,SUBJ_039234,Above ear - pull hair,45,4
SEQ_002529,SUBJ_026824,Forehead - pull hairline,75,4
SEQ_002555,SUBJ_040310,Text on phone,60,1
SEQ_002559,SUBJ_011323,Wave hello,79,2
SEQ_002591,SUBJ_028998,Neck - pinch skin,53,1
SEQ_002600,SUBJ_053217,Cheek - pinch skin,54,4
SEQ_002614,SUBJ_053173,Drink from bottle/cup,63,1
SEQ_002622,SUBJ_002923,Forehead - scratch,144,3
SEQ_002624,SUBJ_063346,Eyebrow - pull hair,45,2
SEQ_002629,SUBJ_026460,Above ear - pull hair,46,3
SEQ_002631,SUBJ_045235,Eyebrow - pull hair,49,1
SEQ_002652,SUBJ_019262,Forehead - scratch,52,0
SEQ_002653,SUBJ_017499,Glasses on/off,146,4
SEQ_002654,SUBJ_032165,Neck - pinch skin,53,1
SEQ_002663,SUBJ_057917,Eyelash - pull hair,55,2
SEQ_002664,SUBJ_061552,Neck - scratch,56,0
SEQ_002678,SUBJ_063346,Write name in air,58,2
SEQ_002687,SUBJ_036450,Write name in air,53,2
SEQ_002693,SUBJ_026824,Forehead - scratch,48,4
SEQ_002695,SUBJ_053173,Eyebrow - pull hair,56,1
SEQ_002699,SUBJ_040282,Text on phone,68,1
SEQ_002715,SUBJ_044680,Above ear - pull hair,85,3
SEQ_002721,SUBJ_054811,Eyelash - pull hair,48,3
SEQ_002736,SUBJ_034631,Eyebrow - pull hair,59,3
SEQ_002740,SUBJ_049223,Forehead - pull hairline,72,0
SEQ_002743,SUBJ_059960,Write name in air,80,1
SEQ_002754,SUBJ_059960,Neck - pinch skin,73,1
SEQ_002759,SUBJ_032761,Pinch knee/leg skin,55,2
SEQ_002770,SUBJ_017499,Pull air toward your face,94,4
SEQ_002777,SUBJ_058967,Write name on leg,63,4
SEQ_002782,SUBJ_061552,Neck - scratch,124,0
SEQ_002790,SUBJ_063346,Above ear - pull hair,44,2
SEQ_002802,SUBJ_002923,Eyelash - pull hair,54,3
SEQ_002812,SUBJ_052342,Neck - pinch skin,64,3
SEQ_002815,SUBJ_063464,Cheek - pinch skin,56,2
SEQ_002817,SUBJ_049223,Forehead - pull hairline,54,0
SEQ_002826,SUBJ_028998,Eyelash - pull hair,49,1
SEQ_002833,SUBJ_012088,Drink from bottle/cup,60,0
SEQ_002841,SUBJ_026824,Neck - pinch skin,63,4
SEQ_002852,SUBJ_016552,Feel around in tray and pull out an object,322,0
SEQ_002855,SUBJ_058786,Forehead - pull hairline,81,2
SEQ_002856,SUBJ_045235,Forehead - scratch,45,1
SEQ_002861,SUBJ_019663,Eyebrow - pull hair,49,1
SEQ_002876,SUBJ_059330,Pull air toward your face,58,4
SEQ_002890,SUBJ_042254,Cheek - pinch skin,59,1
SEQ_002910,SUBJ_059960,Forehead - pull hairline,74,1
SEQ_002924,SUBJ_039234,Pull air toward your face,59,4
SEQ_002926,SUBJ_040282,Eyebrow - pull hair,53,1
SEQ_002928,SUBJ_038709,Text on phone,56,4
SEQ_002939,SUBJ_032585,Neck - scratch,52,3
SEQ_002957,SUBJ_012088,Forehead - pull hairline,54,0
SEQ_002962,SUBJ_034631,Pinch knee/leg skin,50,3
SEQ_002982,SUBJ_051942,Forehead - pull hairline,70,2
SEQ_002990,SUBJ_059330,Neck - scratch,112,4
SEQ_003018,SUBJ_056936,Write name in air,57,4
SEQ_003027,SUBJ_024137,Forehead - pull hairline,49,3
SEQ_003028,SUBJ_063447,Cheek - pinch skin,54,0
SEQ_003033,SUBJ_063447,Text on phone,70,0
SEQ_003041,SUBJ_017499,Neck - scratch,116,4
SEQ_003060,SUBJ_024825,Feel around in tray and pull out an object,80,4
SEQ_003066,SUBJ_043192,Scratch knee/leg skin,147,3
SEQ_003071,SUBJ_011323,Pull air toward your face,47,2
SEQ_003073,SUBJ_003328,Eyelash - pull hair,95,3
SEQ_003075,SUBJ_052342,Cheek - pinch skin,62,3
SEQ_003081,SUBJ_027671,Cheek - pinch skin,59,1
SEQ_003090,SUBJ_054811,Text on phone,91,3
SEQ_003092,SUBJ_032585,Neck - scratch,87,3
SEQ_003094,SUBJ_017807,Eyebrow - pull hair,66,1
SEQ_003098,SUBJ_016552,Eyelash - pull hair,54,0
SEQ_003134,SUBJ_040282,Write name in air,51,1
SEQ_003164,SUBJ_008304,Eyebrow - pull hair,64,0
SEQ_003180,SUBJ_032233,Write name on leg,71,4
SEQ_003183,SUBJ_054811,Eyelash - pull hair,85,3
SEQ_003185,SUBJ_024086,Text on phone,136,2
SEQ_003190,SUBJ_030676,Forehead - scratch,52,4
SEQ_003191,SUBJ_001430,Cheek - pinch skin,71,0
SEQ_003207,SUBJ_053906,Drink from bottle/cup,92,1
SEQ_003221,SUBJ_011323,Glasses on/off,63,2
SEQ_003226,SUBJ_039234,Forehead - pull hairline,108,4
SEQ_003230,SUBJ_027671,Cheek - pinch skin,49,1
SEQ_003253,SUBJ_032585,Text on phone,125,3
SEQ_003260,SUBJ_063346,Neck - scratch,90,2
SEQ_003282,SUBJ_038709,Cheek - pinch skin,57,4
SEQ_003297,SUBJ_028998,Pinch knee/leg skin,79,1
SEQ_003332,SUBJ_063319,Cheek - pinch skin,63,4
SEQ_003334,SUBJ_023739,Neck - pinch skin,101,2
SEQ_003338,SUBJ_055211,Forehead - pull hairline,94,2
SEQ_003343,SUBJ_019756,Feel around in tray and pull out an object,136,4
SEQ_003345,SUBJ_054811,Wave hello,100,3
SEQ_003348,SUBJ_038277,Neck - scratch,53,0
SEQ_003356,SUBJ_034631,Above ear - pull hair,52,3
SEQ_003363,SUBJ_032761,Glasses on/off,59,2
SEQ_003399,SUBJ_021670,Wave hello,154,2
SEQ_003415,SUBJ_047636,Eyebrow - pull hair,79,0
SEQ_003418,SUBJ_017499,Eyelash - pull hair,88,4
SEQ_003421,SUBJ_003328,Text on phone,186,3
SEQ_003423,SUBJ_002923,Neck - pinch skin,54,3
SEQ_003433,SUBJ_000206,Pull air toward your face,46,2
SEQ_003447,SUBJ_061552,Text on phone,206,0
SEQ_003453,SUBJ_040724,Forehead - pull hairline,58,2
SEQ_003464,SUBJ_000206,Eyelash - pull hair,55,2
SEQ_003482,SUBJ_024086,Forehead - pull hairline,47,2
SEQ_003489,SUBJ_035353,Eyebrow - pull hair,54,3
SEQ_003520,SUBJ_016552,Cheek - pinch skin,48,0
SEQ_003532,SUBJ_017170,Cheek - pinch skin,56,2
SEQ_003539,SUBJ_059520,Forehead - scratch,55,1
SEQ_003549,SUBJ_055211,Above ear - pull hair,50,2
SEQ_003552,SUBJ_047636,Forehead - scratch,53,0
SEQ_003556,SUBJ_040724,Eyelash - pull hair,49,2
SEQ_003560,SUBJ_053906,Neck - pinch skin,45,1
SEQ_003564,SUBJ_035353,Cheek - pinch skin,48,3
SEQ_003582,SUBJ_000206,Eyebrow - pull hair,47,2
SEQ_003588,SUBJ_038709,Write name on leg,66,4
SEQ_003589,SUBJ_045235,Wave hello,49,1
SEQ_003604,SUBJ_041770,Pull air toward your face,83,1
SEQ_003614,SUBJ_032233,Text on phone,101,4
SEQ_003615,SUBJ_059330,Neck - scratch,55,4
SEQ_003635,SUBJ_032165,Wave hello,53,1
SEQ_003652,SUBJ_032704,Forehead - scratch,94,1
SEQ_003665,SUBJ_038709,Above ear - pull hair,62,4
SEQ_003671,SUBJ_036450,Cheek - pinch skin,52,2
SEQ_003675,SUBJ_019663,Write name in air,45,1
SEQ_003678,SUBJ_047636,Neck - pinch skin,51,0
SEQ_003679,SUBJ_058967,Eyelash - pull hair,91,4
SEQ_003708,SUBJ_039498,Cheek - pinch skin,83,0
SEQ_003714,SUBJ_019756,Neck - scratch,45,4
SEQ_003715,SUBJ_026460,Scratch knee/leg skin,174,3
SEQ_003717,SUBJ_047636,Feel around in tray and pull out an object,84,0
SEQ_003727,SUBJ_059960,Eyebrow - pull hair,55,1
SEQ_003730,SUBJ_024137,Pull air toward your face,52,3
SEQ_003738,SUBJ_019262,Drink from bottle/cup,60,0
SEQ_003742,SUBJ_027671,Eyelash - pull hair,57,1
SEQ_003744,SUBJ_039234,Eyebrow - pull hair,63,4
SEQ_003746,SUBJ_043192,Write name in air,62,3
SEQ_003750,SUBJ_024137,Write name in air,74,3
SEQ_003753,SUBJ_040724,Glasses on/off,57,2
SEQ_003762,SUBJ_017499,Above ear - pull hair,92,4
SEQ_003766,SUBJ_058786,Cheek - pinch skin,77,2
SEQ_003776,SUBJ_028998,Forehead - scratch,139,1
SEQ_003784,SUBJ_013623,Eyelash - pull hair,51,4
SEQ_003820,SUBJ_051942,Wave hello,59,2
SEQ_003856,SUBJ_017807,Wave hello,49,1
SEQ_003883,SUBJ_041243,Above ear - pull hair,53,0
SEQ_003902,SUBJ_003328,Drink from bottle/cup,59,3
SEQ_003905,SUBJ_063346,Forehead - scratch,63,2
SEQ_003911,SUBJ_019297,Forehead - pull hairline,49,3
SEQ_003913,SUBJ_038023,Eyelash - pull hair,55,3
SEQ_003926,SUBJ_017499,Neck - scratch,51,4
SEQ_003929,SUBJ_017170,Text on phone,48,2
SEQ_003935,SUBJ_063346,Forehead - pull hairline,44,2
SEQ_003941,SUBJ_053173,Forehead - scratch,52,1
SEQ_003949,SUBJ_063319,Text on phone,78,4
SEQ_003950,SUBJ_059520,Wave hello,52,1
SEQ_003958,SUBJ_017499,Cheek - pinch skin,51,4
SEQ_003960,SUBJ_023739,Cheek - pinch skin,205,2
SEQ_003965,SUBJ_017499,Eyelash - pull hair,96,4
SEQ_003975,SUBJ_040106,Neck - pinch skin,54,0
SEQ_003976,SUBJ_002923,Write name in air,77,3
SEQ_003978,SUBJ_038277,Write name in air,53,0
SEQ_003987,SUBJ_008728,Feel around in tray and pull out an object,215,2
SEQ_003988,SUBJ_026460,Eyebrow - pull hair,77,3
SEQ_004003,SUBJ_000206,Write name in air,55,2
SEQ_004029,SUBJ_059330,Neck - pinch skin,61,4
SEQ_004042,SUBJ_019756,Drink from bottle/cup,84,4
SEQ_004062,SUBJ_019262,Wave hello,76,0
SEQ_004087,SUBJ_030676,Above ear - pull hair,115,4
SEQ_004091,SUBJ_042779,Cheek - pinch skin,52,1
SEQ_004092,SUBJ_040733,Forehead - pull hairline,101,0
SEQ_004105,SUBJ_063346,Write name in air,56,2
SEQ_004122,SUBJ_039234,Text on phone,84,4
SEQ_004132,SUBJ_040733,Neck - scratch,61,0
SEQ_004142,SUBJ_013623,Forehead - scratch,63,4
SEQ_004145,SUBJ_035353,Eyebrow - pull hair,63,3
SEQ_004146,SUBJ_016552,Eyebrow - pull hair,52,0
SEQ_004175,SUBJ_042779,Neck - scratch,47,1
SEQ_004196,SUBJ_040106,Forehead - pull hairline,46,0
SEQ_004222,SUBJ_059520,Forehead - pull hairline,68,1
SEQ_004243,SUBJ_027671,Eyebrow - pull hair,50,1
SEQ_004257,SUBJ_034574,Forehead - pull hairline,81,3
SEQ_004258,SUBJ_032704,Eyelash - pull hair,51,1
SEQ_004261,SUBJ_019756,Eyebrow - pull hair,49,4
SEQ_004267,SUBJ_053173,Above ear - pull hair,55,1
SEQ_004294,SUBJ_063464,Forehead - scratch,76,2
SEQ_004307,SUBJ_039234,Scratch knee/leg skin,135,4
SEQ_004308,SUBJ_041243,Text on phone,65,0
SEQ_004309,SUBJ_042254,Text on phone,65,1
SEQ_004356,SUBJ_040282,Pull air toward your face,60,1
SEQ_004359,SUBJ_042779,Neck - scratch,44,1
SEQ_004366,SUBJ_027682,Neck - pinch skin,54,4
SEQ_004369,SUBJ_004117,Above ear - pull hair,61,3
SEQ_004389,SUBJ_038277,Above ear - pull hair,54,0
SEQ_004390,SUBJ_040310,Scratch knee/leg skin,50,1
SEQ_004393,SUBJ_024086,Forehead - scratch,46,2
SEQ_004404,SUBJ_041243,Write name in air,56,0
SEQ_004406,SUBJ_019297,Above ear - pull hair,48,3
SEQ_004407,SUBJ_024137,Text on phone,66,3
SEQ_004414,SUBJ_050642,Neck - scratch,56,3
SEQ_004417,SUBJ_035353,Cheek - pinch skin,81,3
SEQ_004430,SUBJ_017499,Forehead - pull hairline,50,4
SEQ_004432,SUBJ_023739,Forehead - scratch,54,2
SEQ_004441,SUBJ_042779,Pinch knee/leg skin,46,1
SEQ_004444,SUBJ_026460,Eyebrow - pull hair,47,3
SEQ_004445,SUBJ_017499,Eyebrow - pull hair,51,4
SEQ_004446,SUBJ_032704,Wave hello,125,1
SEQ_004461,SUBJ_017170,Wave hello,79,2
SEQ_004466,SUBJ_061552,Eyelash - pull hair,53,0
SEQ_004468,SUBJ_032704,Scratch knee/leg skin,150,1
SEQ_004476,SUBJ_051942,Pull air toward your face,50,2
SEQ_004487,SUBJ_013623,Neck - pinch skin,61,4
SEQ_004499,SUBJ_024086,Neck - scratch,114,2
SEQ_004507,SUBJ_027671,Forehead - scratch,87,1
SEQ_004510,SUBJ_063464,Neck - scratch,389,2
SEQ_004512,SUBJ_035353,Glasses on/off,57,3
SEQ_004514,SUBJ_021670,Neck - pinch skin,53,2
SEQ_004517,SUBJ_040282,Eyebrow - pull hair,263,1
SEQ_004519,SUBJ_032165,Above ear - pull hair,50,1
SEQ_004536,SUBJ_011323,Forehead - scratch,49,2
SEQ_004547,SUBJ_052342,Write name in air,64,3
SEQ_004548,SUBJ_016552,Eyebrow - pull hair,53,0
SEQ_004573,SUBJ_058786,Cheek - pinch skin,75,2
SEQ_004583,SUBJ_021670,Forehead - pull hairline,47,2
SEQ_004584,SUBJ_019262,Neck - scratch,64,0
SEQ_004585,SUBJ_042779,Text on phone,127,1
SEQ_004587,SUBJ_019262,Text on phone,80,0
SEQ_004590,SUBJ_059960,Wave hello,98,1
SEQ_004593,SUBJ_016552,Neck - pinch skin,65,0
SEQ_004597,SUBJ_058967,Glasses on/off,88,4
SEQ_004601,SUBJ_054811,Neck - pinch skin,97,3
SEQ_004623,SUBJ_040106,Wave hello,92,0
SEQ_004624,SUBJ_041243,Forehead - pull hairline,80,0
SEQ_004628,SUBJ_019297,Forehead - scratch,49,3
SEQ_004655,SUBJ_040282,Neck - scratch,248,1
SEQ_004656,SUBJ_061552,Wave hello,97,0
SEQ_004658,SUBJ_040724,Eyelash - pull hair,55,2
SEQ_004677,SUBJ_017499,Text on phone,83,4
SEQ_004688,SUBJ_053173,Write name in air,68,1
SEQ_004709,SUBJ_036450,Cheek - pinch skin,56,2
SEQ_004747,SUBJ_030676,Neck - scratch,252,4
SEQ_004748,SUBJ_026824,Forehead - pull hairline,106,4
SEQ_004754,SUBJ_038277,Eyebrow - pull hair,55,0
SEQ_004768,SUBJ_027682,Text on phone,101,4
SEQ_004780,SUBJ_008304,Above ear - pull hair,74,0
SEQ_004791,SUBJ_032233,Neck - pinch skin,58,4
SEQ_004805,SUBJ_017807,Cheek - pinch skin,158,1
SEQ_004812,SUBJ_055211,Neck - scratch,49,2
SEQ_004827,SUBJ_028998,Forehead - pull hairline,113,1
SEQ_004829,SUBJ_045235,Above ear - pull hair,60,1
SEQ_004841,SUBJ_013623,Eyelash - pull hair,52,4
SEQ_004853,SUBJ_053217,Forehead - scratch,52,4
SEQ_004861,SUBJ_034574,Eyelash - pull hair,48,3
SEQ_004873,SUBJ_038277,Glasses on/off,56,0
SEQ_004888,SUBJ_039498,Wave hello,84,0
SEQ_004892,SUBJ_057917,Write name in air,64,2
SEQ_004894,SUBJ_034574,Forehead - pull hairline,64,3
SEQ_004904,SUBJ_055211,Forehead - pull hairline,50,2
SEQ_004914,SUBJ_021670,Wave hello,63,2
SEQ_004920,SUBJ_040724,Cheek - pinch skin,51,2
SEQ_004922,SUBJ_047636,Forehead - scratch,84,0
SEQ_004924,SUBJ_019297,Forehead - pull hairline,52,3
SEQ_004946,SUBJ_042794,Above ear - pull hair,47,0
SEQ_004951,SUBJ_024825,Above ear - pull hair,49,4
SEQ_004956,SUBJ_003328,Above ear - pull hair,56,3
SEQ_004969,SUBJ_063346,Neck - scratch,54,2
SEQ_004972,SUBJ_008728,Text on phone,187,2
SEQ_004974,SUBJ_008304,Above ear - pull hair,55,0
SEQ_004988,SUBJ_056936,Write name in air,50,4
SEQ_004991,SUBJ_021670,Eyebrow - pull hair,93,2
SEQ_004993,SUBJ_040310,Text on phone,88,1
SEQ_005016,SUBJ_056936,Forehead - scratch,49,4
SEQ_005017,SUBJ_019756,Eyelash - pull hair,51,4
SEQ_005021,SUBJ_024825,Above ear - pull hair,55,4
SEQ_005033,SUBJ_017807,Pull air toward your face,93,1
SEQ_005036,SUBJ_042779,Wave hello,42,1
SEQ_005041,SUBJ_013623,Neck - scratch,52,4
SEQ_005067,SUBJ_042254,Pull air toward your face,50,1
SEQ_005080,SUBJ_063319,Wave hello,74,4
SEQ_005092,SUBJ_059330,Drink from bottle/cup,61,4
SEQ_005093,SUBJ_017499,Neck - pinch skin,138,4
SEQ_005095,SUBJ_056936,Cheek - pinch skin,51,4
SEQ_005111,SUBJ_053217,Cheek - pinch skin,80,4
SEQ_005112,SUBJ_012088,Above ear - pull hair,52,0
SEQ_005119,SUBJ_042794,Scratch knee/leg skin,47,0
SEQ_005148,SUBJ_042779,Wave hello,99,1
SEQ_005153,SUBJ_055211,Forehead - scratch,83,2
SEQ_005194,SUBJ_039234,Eyelash - pull hair,56,4
SEQ_005211,SUBJ_038277,Eyelash - pull hair,53,0
SEQ_005215,SUBJ_054811,Eyelash - pull hair,104,3
SEQ_005230,SUBJ_028998,Eyelash - pull hair,89,1
SEQ_005234,SUBJ_017170,Neck - pinch skin,47,2
SEQ_005250,SUBJ_052342,Eyelash - pull hair,113,3
SEQ_005253,SUBJ_045235,Text on phone,57,1
SEQ_005286,SUBJ_013623,Above ear - pull hair,60,4
SEQ_005289,SUBJ_039234,Above ear - pull hair,52,4
SEQ_005298,SUBJ_016552,Text on phone,64,0
SEQ_005299,SUBJ_061552,Cheek - pinch skin,117,0
SEQ_005301,SUBJ_059520,Eyelash - pull hair,137,1
SEQ_005305,SUBJ_039234,Above ear - pull hair,44,4
SEQ_005306,SUBJ_040733,Eyebrow - pull hair,145,0
SEQ_005307,SUBJ_042254,Eyebrow - pull hair,52,1
SEQ_005308,SUBJ_036450,Eyebrow - pull hair,54,2
SEQ_005310,SUBJ_027682,Pull air toward your face,81,4
SEQ_005334,SUBJ_016552,Write name on leg,83,0
SEQ_005347,SUBJ_040733,Neck - pinch skin,150,0
SEQ_005354,SUBJ_019756,Eyelash - pull hair,62,4
SEQ_005363,SUBJ_051942,Above ear - pull hair,51,2
SEQ_005379,SUBJ_012088,Cheek - pinch skin,92,0
SEQ_005400,SUBJ_035353,Pull air toward your face,46,3
SEQ_005401,SUBJ_041770,Wave hello,48,1
SEQ_005403,SUBJ_017807,Neck - scratch,52,1
SEQ_005404,SUBJ_064387,Wave hello,46,4
SEQ_005411,SUBJ_059960,Pull air toward your face,52,1
SEQ_005412,SUBJ_042254,Text on phone,104,1
SEQ_005414,SUBJ_058967,Forehead - scratch,74,4
SEQ_005417,SUBJ_026460,Forehead - pull hairline,69,3
SEQ_005426,SUBJ_058967,Eyebrow - pull hair,68,4
SEQ_005434,SUBJ_024825,Text on phone,61,4
SEQ_005436,SUBJ_054811,Neck - scratch,112,3
SEQ_005448,SUBJ_042254,Wave hello,45,1
SEQ_005450,SUBJ_042794,Neck - pinch skin,51,0
SEQ_005451,SUBJ_021670,Text on phone,119,2
SEQ_005476,SUBJ_039234,Feel around in tray and pull out an object,99,4
SEQ_005479,SUBJ_045235,Neck - scratch,48,1
SEQ_005484,SUBJ_020948,Neck - scratch,307,0
SEQ_005485,SUBJ_032585,Cheek - pinch skin,59,3
SEQ_005491,SUBJ_032585,Above ear - pull hair,59,3
SEQ_005495,SUBJ_045235,Drink from bottle/cup,67,1
SEQ_005500,SUBJ_064387,Eyelash - pull hair,48,4
SEQ_005502,SUBJ_032165,Scratch knee/leg skin,54,1
SEQ_005504,SUBJ_044680,Wave hello,103,3
SEQ_005514,SUBJ_036450,Forehead - scratch,61,2
SEQ_005518,SUBJ_063447,Text on phone,75,0
SEQ_005524,SUBJ_038023,Write name on leg,63,3
SEQ_005532,SUBJ_026460,Pull air toward your face,87,3
SEQ_005544,SUBJ_050642,Cheek - pinch skin,51,3
SEQ_005562,SUBJ_028998,Glasses on/off,62,1
SEQ_005579,SUBJ_051942,Pull air toward your face,66,2
SEQ_005590,SUBJ_055211,Wave hello,80,2
SEQ_005602,SUBJ_035353,Drink from bottle/cup,72,3
SEQ_005614,SUBJ_063319,Above ear - pull hair,51,4
SEQ_005619,SUBJ_063464,Neck - scratch,256,2
SEQ_005625,SUBJ_050642,Glasses on/off,43,3
SEQ_005627,SUBJ_027671,Forehead - scratch,56,1
SEQ_005628,SUBJ_063346,Forehead - scratch,50,2
SEQ_005637,SUBJ_041243,Neck - scratch,53,0
SEQ_005643,SUBJ_020948,Above ear - pull hair,50,0
SEQ_005644,SUBJ_040310,Eyelash - pull hair,43,1
SEQ_005662,SUBJ_049223,Forehead - scratch,54,0
SEQ_005677,SUBJ_027682,Forehead - pull hairline,81,4
SEQ_005690,SUBJ_055211,Neck - pinch skin,53,2
SEQ_005699,SUBJ_032585,Glasses on/off,69,3
SEQ_005701,SUBJ_017807,Pull air toward your face,48,1
SEQ_005704,SUBJ_013623,Feel around in tray and pull out an object,82,4
SEQ_005705,SUBJ_024137,Wave hello,52,3
SEQ_005715,SUBJ_063346,Neck - pinch skin,48,2
SEQ_005721,SUBJ_026824,Cheek - pinch skin,58,4
SEQ_005727,SUBJ_042779,Eyebrow - pull hair,56,1
SEQ_005736,SUBJ_019663,Neck - scratch,115,1
SEQ_005737,SUBJ_043192,Eyebrow - pull hair,53,3
SEQ_005754,SUBJ_038277,Forehead - scratch,103,0
SEQ_005768,SUBJ_042254,Wave hello,105,1
SEQ_005769,SUBJ_054811,Text on phone,71,3
SEQ_005778,SUBJ_026460,Above ear - pull hair,52,3
SEQ_005795,SUBJ_024825,Forehead - scratch,65,4
SEQ_005796,SUBJ_041243,Pull air toward your face,57,0
SEQ_005802,SUBJ_040106,Eyelash - pull hair,49,0
SEQ_005815,SUBJ_049223,Pull air toward your face,57,0
SEQ_005818,SUBJ_039498,Eyelash - pull hair,83,0
SEQ_005822,SUBJ_041770,Drink from bottle/cup,93,1
SEQ_005831,SUBJ_026460,Pinch knee/leg skin,50,3
SEQ_005835,SUBJ_013623,Above ear - pull hair,63,4
SEQ_005837,SUBJ_043192,Cheek - pinch skin,47,3
SEQ_005851,SUBJ_028998,Neck - pinch skin,87,1
SEQ_005852,SUBJ_041770,Forehead - pull hairline,78,1
SEQ_005854,SUBJ_003328,Pull air toward your face,51,3
SEQ_005856,SUBJ_038709,Glasses on/off,96,4
SEQ_005857,SUBJ_024825,Text on phone,67,4
SEQ_005875,SUBJ_061552,Forehead - scratch,58,0
SEQ_005879,SUBJ_026460,Cheek - pinch skin,50,3
SEQ_005891,SUBJ_038023,Forehead - scratch,75,3
SEQ_005893,SUBJ_053906,Scratch knee/leg skin,51,1
SEQ_005900,SUBJ_059520,Write name on leg,55,1
SEQ_005903,SUBJ_021670,Above ear - pull hair,50,2
SEQ_005910,SUBJ_044680,Wave hello,73,3
SEQ_005922,SUBJ_024086,Forehead - pull hairline,53,2
SEQ_005924,SUBJ_024137,Neck - scratch,48,3
SEQ_005940,SUBJ_032165,Neck - pinch skin,105,1
SEQ_005941,SUBJ_024137,Eyelash - pull hair,54,3
SEQ_005942,SUBJ_053173,Eyebrow - pull hair,61,1
SEQ_005951,SUBJ_043192,Forehead - scratch,50,3
SEQ_005963,SUBJ_017807,Text on phone,125,1
SEQ_005967,SUBJ_040733,Cheek - pinch skin,302,0
SEQ_005990,SUBJ_042779,Forehead - scratch,48,1
SEQ_005997,SUBJ_059960,Above ear - pull hair,71,1
SEQ_005998,SUBJ_038277,Neck - scratch,55,0
SEQ_006001,SUBJ_034631,Wave hello,116,3
SEQ_006003,SUBJ_034631,Neck - pinch skin,95,3
SEQ_006004,SUBJ_027671,Text on phone,88,1
SEQ_006006,SUBJ_063319,Pull air toward your face,68,4
SEQ_006009,SUBJ_020948,Scratch knee/leg skin,52,0
SEQ_006011,SUBJ_034631,Pull air toward your face,48,3
SEQ_006013,SUBJ_028998,Forehead - pull hairline,48,1
SEQ_006022,SUBJ_053173,Feel around in tray and pull out an object,89,1
SEQ_006064,SUBJ_043192,Neck - scratch,51,3
SEQ_006067,SUBJ_017170,Glasses on/off,63,2
SEQ_006070,SUBJ_061552,Pull air toward your face,116,0
SEQ_006088,SUBJ_024825,Pinch knee/leg skin,54,4
SEQ_006090,SUBJ_013623,Text on phone,73,4
SEQ_006096,SUBJ_024086,Text on phone,75,2
SEQ_006103,SUBJ_044680,Above ear - pull hair,52,3
SEQ_006110,SUBJ_002923,Neck - scratch,52,3
SEQ_006112,SUBJ_017499,Text on phone,66,4
SEQ_006113,SUBJ_019756,Eyelash - pull hair,51,4
SEQ_006119,SUBJ_053173,Pull air toward your face,59,1
SEQ_006134,SUBJ_000206,Neck - pinch skin,58,2
SEQ_006135,SUBJ_034631,Glasses on/off,163,3
SEQ_006160,SUBJ_063346,Neck - scratch,104,2
SEQ_006161,SUBJ_019297,Forehead - scratch,51,3
SEQ_006171,SUBJ_002923,Eyebrow - pull hair,51,3
SEQ_006173,SUBJ_004117,Forehead - pull hairline,61,3
SEQ_006179,SUBJ_041243,Eyelash - pull hair,54,0
SEQ_006186,SUBJ_054811,Feel around in tray and pull out an object,76,3
SEQ_006188,SUBJ_063464,Pinch knee/leg skin,60,2
SEQ_006194,SUBJ_058786,Text on phone,72,2
SEQ_006201,SUBJ_050642,Cheek - pinch skin,47,3
SEQ_006205,SUBJ_030676,Eyelash - pull hair,54,4
SEQ_006210,SUBJ_057917,Write name in air,55,2
SEQ_006217,SUBJ_063447,Eyelash - pull hair,60,0
SEQ_006225,SUBJ_024086,Neck - scratch,191,2
SEQ_006226,SUBJ_051942,Eyelash - pull hair,66,2
SEQ_006229,SUBJ_019756,Neck - scratch,56,4
SEQ_006232,SUBJ_041243,Above ear - pull hair,55,0
SEQ_006239,SUBJ_026460,Eyelash - pull hair,47,3
SEQ_006241,SUBJ_040106,Text on phone,153,0
SEQ_006248,SUBJ_028998,Forehead - pull hairline,61,1
SEQ_006250,SUBJ_059520,Neck - pinch skin,54,1
SEQ_006252,SUBJ_023739,Pull air toward your face,55,2
SEQ_006274,SUBJ_027671,Text on phone,99,1
SEQ_006287,SUBJ_021670,Text on phone,87,2
SEQ_006292,SUBJ_012088,Eyebrow - pull hair,90,0
SEQ_006337,SUBJ_040310,Above ear - pull hair,104,1
SEQ_006343,SUBJ_027671,Eyelash - pull hair,79,1
SEQ_006366,SUBJ_012088,Scratch knee/leg skin,52,0
SEQ_006372,SUBJ_063346,Eyebrow - pull hair,75,2
SEQ_006380,SUBJ_036450,Pull air toward your face,51,2
SEQ_006388,SUBJ_064387,Forehead - scratch,63,4
SEQ_006404,SUBJ_019663,Cheek - pinch skin,48,1
SEQ_006407,SUBJ_043192,Wave hello,48,3
SEQ_006414,SUBJ_040733,Wave hello,60,0
SEQ_006418,SUBJ_024086,Forehead - scratch,60,2
SEQ_006444,SUBJ_059520,Neck - scratch,57,1
SEQ_006446,SUBJ_019756,Neck - scratch,78,4
SEQ_006460,SUBJ_061552,Write name on leg,109,0
SEQ_006470,SUBJ_042254,Text on phone,65,1
SEQ_006503,SUBJ_041770,Pull air toward your face,73,1
SEQ_006522,SUBJ_055211,Neck - pinch skin,92,2
SEQ_006529,SUBJ_059960,Scratch knee/leg skin,102,1
SEQ_006535,SUBJ_049223,Neck - pinch skin,76,0
SEQ_006545,SUBJ_063319,Eyebrow - pull hair,43,4
SEQ_006550,SUBJ_061552,Forehead - pull hairline,102,0
SEQ_006554,SUBJ_011323,Text on phone,83,2
SEQ_006585,SUBJ_032585,Forehead - scratch,61,3
SEQ_006589,SUBJ_030676,Neck - pinch skin,62,4
SEQ_006591,SUBJ_064387,Neck - pinch skin,47,4
SEQ_006592,SUBJ_059330,Eyelash - pull hair,54,4
SEQ_006597,SUBJ_016552,Wave hello,86,0
SEQ_006608,SUBJ_040733,Forehead - scratch,106,0
SEQ_006612,SUBJ_051942,Forehead - pull hairline,64,2
SEQ_006614,SUBJ_040282,Pull air toward your face,87,1
SEQ_006621,SUBJ_035353,Eyelash - pull hair,58,3
SEQ_006628,SUBJ_026824,Pull air toward your face,60,4
SEQ_006637,SUBJ_064387,Glasses on/off,60,4
SEQ_006638,SUBJ_056936,Forehead - pull hairline,54,4
SEQ_006639,SUBJ_028998,Wave hello,70,1
SEQ_006648,SUBJ_027682,Wave hello,96,4
SEQ_006649,SUBJ_001430,Above ear - pull hair,49,0
SEQ_006664,SUBJ_041243,Text on phone,50,0
SEQ_006674,SUBJ_042254,Eyebrow - pull hair,47,1
SEQ_006676,SUBJ_055211,Pinch knee/leg skin,48,2
SEQ_006678,SUBJ_053217,Eyebrow - pull hair,55,4
SEQ_006682,SUBJ_049223,Eyebrow - pull hair,60,0
SEQ_006683,SUBJ_042794,Forehead - scratch,52,0
SEQ_006684,SUBJ_032165,Neck - pinch skin,117,1
SEQ_006693,SUBJ_032233,Eyebrow - pull hair,46,4
SEQ_006696,SUBJ_042779,Above ear - pull hair,45,1
SEQ_006723,SUBJ_030676,Text on phone,160,4
SEQ_006730,SUBJ_024086,Neck - scratch,49,2
SEQ_006745,SUBJ_032233,Cheek - pinch skin,55,4
SEQ_006753,SUBJ_020948,Cheek - pinch skin,78,0
SEQ_006757,SUBJ_038709,Neck - pinch skin,52,4
SEQ_006779,SUBJ_053906,Write name in air,61,1
SEQ_006780,SUBJ_008304,Above ear - pull hair,52,0
SEQ_006789,SUBJ_058967,Text on phone,87,4
SEQ_006800,SUBJ_049223,Pinch knee/leg skin,49,0
SEQ_006807,SUBJ_041770,Neck - pinch skin,62,1
SEQ_006809,SUBJ_019663,Glasses on/off,60,1
SEQ_006810,SUBJ_019663,Forehead - scratch,44,1
SEQ_006812,SUBJ_001430,Neck - pinch skin,52,0
SEQ_006816,SUBJ_011323,Above ear - pull hair,47,2
SEQ_006817,SUBJ_024137,Above ear - pull hair,67,3
SEQ_006819,SUBJ_024137,Eyebrow - pull hair,50,3
SEQ_006825,SUBJ_038023,Forehead - scratch,63,3
SEQ_006839,SUBJ_042779,Eyelash - pull hair,44,1
SEQ_006842,SUBJ_000206,Pull air toward your face,64,2
SEQ_006847,SUBJ_040733,Text on phone,162,0
SEQ_006861,SUBJ_004117,Neck - scratch,96,3
SEQ_006862,SUBJ_001430,Neck - scratch,59,0
SEQ_006867,SUBJ_040106,Above ear - pull hair,60,0
SEQ_006868,SUBJ_050642,Forehead - scratch,105,3
SEQ_006872,SUBJ_017170,Drink from bottle/cup,112,2
SEQ_006875,SUBJ_008304,Eyebrow - pull hair,52,0
SEQ_006881,SUBJ_057917,Text on phone,61,2
SEQ_006897,SUBJ_050642,Forehead - scratch,47,3
SEQ_006902,SUBJ_021670,Above ear - pull hair,59,2
SEQ_006905,SUBJ_042254,Eyelash - pull hair,54,1
SEQ_006918,SUBJ_032761,Above ear - pull hair,102,2
SEQ_006944,SUBJ_042779,Pull air toward your face,63,1
SEQ_006948,SUBJ_023739,Above ear - pull hair,57,2
SEQ_006951,SUBJ_041770,Write name in air,49,1
SEQ_006962,SUBJ_041770,Forehead - scratch,74,1
SEQ_006964,SUBJ_000206,Above ear - pull hair,57,2
SEQ_006965,SUBJ_032585,Text on phone,66,3
SEQ_006990,SUBJ_030676,Text on phone,68,4
SEQ_007000,SUBJ_059330,Cheek - pinch skin,53,4
SEQ_007009,SUBJ_013623,Text on phone,72,4
SEQ_007016,SUBJ_063319,Eyebrow - pull hair,51,4
SEQ_007022,SUBJ_042254,Eyelash - pull hair,50,1
SEQ_007031,SUBJ_012088,Eyelash - pull hair,54,0
SEQ_007032,SUBJ_042779,Cheek - pinch skin,46,1
SEQ_007039,SUBJ_045235,Cheek - pinch skin,45,1
SEQ_007045,SUBJ_039234,Eyelash - pull hair,54,4
SEQ_007048,SUBJ_064387,Neck - scratch,46,4
SEQ_007055,SUBJ_059960,Forehead - scratch,99,1
SEQ_007059,SUBJ_059960,Forehead - scratch,56,1
SEQ_007060,SUBJ_058786,Pull air toward your face,53,2
SEQ_007068,SUBJ_050642,Feel around in tray and pull out an object,110,3
SEQ_007071,SUBJ_053906,Neck - pinch skin,59,1
SEQ_007076,SUBJ_042254,Forehead - pull hairline,59,1
SEQ_007077,SUBJ_028998,Eyelash - pull hair,53,1
SEQ_007102,SUBJ_054811,Write name in air,57,3
SEQ_007114,SUBJ_039498,Pull air toward your face,61,0
SEQ_007118,SUBJ_016552,Forehead - scratch,69,0
SEQ_007123,SUBJ_053906,Neck - pinch skin,49,1
SEQ_007124,SUBJ_045235,Cheek - pinch skin,45,1
SEQ_007139,SUBJ_019756,Eyebrow - pull hair,61,4
SEQ_007152,SUBJ_032704,Above ear - pull hair,91,1
SEQ_007155,SUBJ_042794,Pull air toward your face,72,0
SEQ_007161,SUBJ_019663,Forehead - scratch,48,1
SEQ_007168,SUBJ_000206,Forehead - pull hairline,54,2
SEQ_007177,SUBJ_002923,Drink from bottle/cup,63,3
SEQ_007179,SUBJ_044680,Write name in air,116,3
SEQ_007183,SUBJ_003328,Glasses on/off,60,3
SEQ_007201,SUBJ_063346,Wave hello,71,2
SEQ_007204,SUBJ_024825,Forehead - pull hairline,54,4
SEQ_007218,SUBJ_059520,Neck - scratch,115,1
SEQ_007243,SUBJ_017170,Glasses on/off,180,2
SEQ_007259,SUBJ_024086,Forehead - scratch,45,2
SEQ_007285,SUBJ_063464,Neck - scratch,201,2
SEQ_007291,SUBJ_017499,Cheek - pinch skin,50,4
SEQ_007296,SUBJ_053217,Wave hello,61,4
SEQ_007327,SUBJ_003328,Forehead - scratch,55,3
SEQ_007335,SUBJ_061552,Neck - pinch skin,87,0
SEQ_007345,SUBJ_026460,Write name in air,98,3
SEQ_007357,SUBJ_051942,Neck - scratch,52,2
SEQ_007387,SUBJ_039498,Neck - pinch skin,64,0
SEQ_007391,SUBJ_042254,Text on phone,77,1
SEQ_007400,SUBJ_032704,Write name on leg,97,1
SEQ_007402,SUBJ_002923,Pinch knee/leg skin,70,3
SEQ_007410,SUBJ_008728,Neck - scratch,56,2
SEQ_007424,SUBJ_024825,Text on phone,70,4
SEQ_007433,SUBJ_043192,Forehead - scratch,58,3
SEQ_007439,SUBJ_053217,Pinch knee/leg skin,46,4
SEQ_007466,SUBJ_032233,Forehead - pull hairline,55,4
SEQ_007468,SUBJ_008728,Above ear - pull hair,68,2
SEQ_007475,SUBJ_063464,Scratch knee/leg skin,88,2
SEQ_007502,SUBJ_063319,Text on phone,92,4
SEQ_007515,SUBJ_059330,Eyelash - pull hair,52,4
SEQ_007525,SUBJ_032233,Pull air toward your face,50,4
SEQ_007537,SUBJ_038277,Wave hello,70,0
SEQ_007540,SUBJ_044680,Pull air toward your face,68,3
SEQ_007549,SUBJ_058967,Feel around in tray and pull out an object,110,4
SEQ_007558,SUBJ_063447,Write name on leg,50,0
SEQ_007583,SUBJ_040282,Glasses on/off,293,1
SEQ_007587,SUBJ_008728,Forehead - scratch,68,2
SEQ_007588,SUBJ_045235,Eyebrow - pull hair,74,1
SEQ_007596,SUBJ_040724,Neck - pinch skin,57,2
SEQ_007622,SUBJ_012088,Text on phone,86,0
SEQ_007633,SUBJ_058967,Cheek - pinch skin,102,4
SEQ_007634,SUBJ_063464,Eyebrow - pull hair,52,2
SEQ_007639,SUBJ_026460,Cheek - pinch skin,61,3
SEQ_007640,SUBJ_008728,Glasses on/off,69,2
SEQ_007647,SUBJ_027671,Eyelash - pull hair,62,1
SEQ_007649,SUBJ_026460,Eyelash - pull hair,46,3
SEQ_007650,SUBJ_019297,Above ear - pull hair,47,3
SEQ_007653,SUBJ_032585,Eyelash - pull hair,57,3
SEQ_007654,SUBJ_008304,Forehead - scratch,56,0
SEQ_007655,SUBJ_026460,Text on phone,62,3
SEQ_007668,SUBJ_059520,Neck - scratch,109,1
SEQ_007669,SUBJ_013623,Forehead - pull hairline,52,4
SEQ_007686,SUBJ_027682,Eyelash - pull hair,47,4
SEQ_007689,SUBJ_008304,Neck - scratch,54,0
SEQ_007708,SUBJ_040310,Pull air toward your face,45,1
SEQ_007712,SUBJ_032165,Wave hello,77,1
SEQ_007740,SUBJ_059960,Forehead - scratch,60,1
SEQ_007752,SUBJ_053906,Wave hello,74,1
SEQ_007754,SUBJ_019297,Feel around in tray and pull out an object,58,3
SEQ_007756,SUBJ_024086,Scratch knee/leg skin,47,2
SEQ_007757,SUBJ_004117,Above ear - pull hair,55,3
SEQ_007761,SUBJ_063464,Write name on leg,52,2
SEQ_007769,SUBJ_019663,Cheek - pinch skin,53,1
SEQ_007777,SUBJ_000206,Wave hello,91,2
SEQ_007794,SUBJ_053173,Neck - scratch,56,1
SEQ_007807,SUBJ_042254,Write name in air,111,1
SEQ_007825,SUBJ_045235,Wave hello,50,1
SEQ_007864,SUBJ_028998,Neck - pinch skin,56,1
SEQ_007877,SUBJ_032165,Neck - scratch,58,1
SEQ_007892,SUBJ_017807,Drink from bottle/cup,61,1
SEQ_007893,SUBJ_053906,Cheek - pinch skin,102,1
SEQ_007899,SUBJ_013623,Glasses on/off,95,4
SEQ_007906,SUBJ_001430,Forehead - pull hairline,58,0
SEQ_007910,SUBJ_001430,Scratch knee/leg skin,70,0
SEQ_007913,SUBJ_059960,Forehead - pull hairline,50,1
SEQ_007917,SUBJ_019297,Eyelash - pull hair,51,3
SEQ_007920,SUBJ_023739,Forehead - pull hairline,62,2
SEQ_007924,SUBJ_011323,Text on phone,57,2
SEQ_007927,SUBJ_058967,Cheek - pinch skin,86,4
SEQ_007929,SUBJ_036450,Pull air toward your face,91,2
SEQ_007937,SUBJ_053906,Scratch knee/leg skin,53,1
SEQ_007940,SUBJ_038023,Wave hello,47,3
SEQ_007941,SUBJ_053173,Write name on leg,57,1
SEQ_007943,SUBJ_032585,Above ear - pull hair,60,3
SEQ_007946,SUBJ_019756,Forehead - scratch,46,4
SEQ_007955,SUBJ_058967,Eyebrow - pull hair,95,4
SEQ_007971,SUBJ_040310,Neck - scratch,44,1
SEQ_007978,SUBJ_021670,Forehead - pull hairline,65,2
SEQ_007995,SUBJ_017499,Forehead - scratch,94,4
SEQ_008001,SUBJ_032761,Pull air toward your face,55,2
SEQ_008002,SUBJ_045235,Text on phone,83,1
SEQ_008007,SUBJ_064387,Neck - scratch,61,4
SEQ_008014,SUBJ_038277,Pull air toward your face,107,0
SEQ_008033,SUBJ_041770,Forehead - pull hairline,89,1
SEQ_008045,SUBJ_063464,Forehead - scratch,89,2
SEQ_008050,SUBJ_044680,Text on phone,63,3
SEQ_008066,SUBJ_019262,Eyelash - pull hair,61,0
SEQ_008071,SUBJ_063319,Neck - scratch,48,4
SEQ_008088,SUBJ_013623,Neck - scratch,108,4
SEQ_008100,SUBJ_000206,Text on phone,134,2
SEQ_008108,SUBJ_020948,Eyelash - pull hair,46,0
SEQ_008117,SUBJ_004117,Wave hello,60,3
SEQ_008137,SUBJ_032704,Eyelash - pull hair,98,1
SEQ_008138,SUBJ_038709,Above ear - pull hair,70,4
SEQ_008140,SUBJ_017807,Write name on leg,85,1
SEQ_008150,SUBJ_049223,Above ear - pull hair,49,0
SEQ_008152,SUBJ_040106,Scratch knee/leg skin,46,0
SEQ_008153,SUBJ_001430,Wave hello,56,0
SEQ_008166,SUBJ_036450,Neck - pinch skin,80,2
SEQ_008172,SUBJ_041243,Write name on leg,115,0
SEQ_008179,SUBJ_028998,Neck - scratch,393,1
SEQ_008187,SUBJ_040282,Cheek - pinch skin,57,1
SEQ_008189,SUBJ_041243,Neck - pinch skin,70,0
SEQ_008190,SUBJ_012088,Eyelash - pull hair,84,0
SEQ_008201,SUBJ_024825,Eyebrow - pull hair,51,4
SEQ_008206,SUBJ_051942,Glasses on/off,93,2
SEQ_008220,SUBJ_024137,Wave hello,69,3
SEQ_008223,SUBJ_028998,Pull air toward your face,54,1
SEQ_008230,SUBJ_032761,Forehead - pull hairline,54,2
SEQ_008239,SUBJ_040282,Eyelash - pull hair,52,1
SEQ_008277,SUBJ_047636,Above ear - pull hair,53,0
SEQ_008281,SUBJ_059330,Forehead - pull hairline,52,4
SEQ_008284,SUBJ_002923,Eyebrow - pull hair,70,3
SEQ_008290,SUBJ_024137,Eyebrow - pull hair,80,3
SEQ_008304,SUBJ_053906,Neck - pinch skin,133,1
SEQ_008307,SUBJ_058967,Eyebrow - pull hair,58,4
SEQ_008309,SUBJ_042254,Neck - pinch skin,57,1
SEQ_008312,SUBJ_019297,Pull air toward your face,48,3
SEQ_008323,SUBJ_000206,Scratch knee/leg skin,171,2
SEQ_008326,SUBJ_047636,Forehead - pull hairline,96,0
SEQ_008334,SUBJ_027682,Text on phone,142,4
SEQ_008343,SUBJ_039498,Above ear - pull hair,78,0
SEQ_008367,SUBJ_008728,Write name in air,64,2
SEQ_008375,SUBJ_059330,Write name in air,65,4
SEQ_008381,SUBJ_051942,Neck - pinch skin,47,2
SEQ_008401,SUBJ_040106,Above ear - pull hair,54,0
SEQ_008402,SUBJ_056936,Forehead - pull hairline,47,4
SEQ_008404,SUBJ_019262,Eyebrow - pull hair,51,0
SEQ_008420,SUBJ_040282,Forehead - scratch,111,1
SEQ_008426,SUBJ_064387,Write name in air,64,4
SEQ_008428,SUBJ_020948,Cheek - pinch skin,54,0
SEQ_008438,SUBJ_023739,Scratch knee/leg skin,55,2
SEQ_008450,SUBJ_026824,Above ear - pull hair,121,4
SEQ_008451,SUBJ_017807,Drink from bottle/cup,160,1
SEQ_008464,SUBJ_040282,Forehead - scratch,68,1
SEQ_008465,SUBJ_034631,Write name in air,80,3
SEQ_008471,SUBJ_058786,Drink from bottle/cup,76,2
SEQ_008475,SUBJ_032233,Eyelash - pull hair,49,4
SEQ_008476,SUBJ_052342,Eyelash - pull hair,134,3
SEQ_008486,SUBJ_040106,Above ear - pull hair,51,0
SEQ_008489,SUBJ_063319,Cheek - pinch skin,46,4
SEQ_008491,SUBJ_027682,Wave hello,60,4
SEQ_008495,SUBJ_036450,Neck - scratch,104,2
SEQ_008496,SUBJ_019297,Scratch knee/leg skin,49,3
SEQ_008530,SUBJ_028998,Pull air toward your face,58,1
SEQ_008546,SUBJ_001430,Wave hello,51,0
SEQ_008548,SUBJ_053173,Neck - scratch,47,1
SEQ_008554,SUBJ_058786,Above ear - pull hair,91,2
SEQ_008562,SUBJ_053906,Neck - pinch skin,95,1
SEQ_008572,SUBJ_056936,Neck - scratch,45,4
SEQ_008574,SUBJ_024825,Neck - scratch,108,4
SEQ_008577,SUBJ_001430,Pinch knee/leg skin,48,0
SEQ_008581,SUBJ_013623,Eyebrow - pull hair,63,4
SEQ_008584,SUBJ_011323,Forehead - pull hairline,43,2
SEQ_008600,SUBJ_042779,Glasses on/off,56,1
SEQ_008602,SUBJ_040733,Neck - pinch skin,72,0
SEQ_008616,SUBJ_032761,Text on phone,124,2
SEQ_008622,SUBJ_038277,Write name in air,131,0
SEQ_008627,SUBJ_056936,Feel around in tray and pull out an object,90,4
SEQ_008632,SUBJ_032704,Forehead - pull hairline,87,1
SEQ_008637,SUBJ_059520,Cheek - pinch skin,94,1
SEQ_008640,SUBJ_055211,Write name on leg,107,2
SEQ_008651,SUBJ_026824,Pull air toward your face,51,4
SEQ_008659,SUBJ_058786,Forehead - scratch,91,2
SEQ_008662,SUBJ_036450,Eyelash - pull hair,70,2
SEQ_008666,SUBJ_058786,Neck - pinch skin,78,2
SEQ_008667,SUBJ_032233,Above ear - pull hair,88,4
SEQ_008676,SUBJ_026824,Eyelash - pull hair,56,4
SEQ_008679,SUBJ_041243,Eyebrow - pull hair,56,0
SEQ_008687,SUBJ_004117,Text on phone,70,3
SEQ_008688,SUBJ_000206,Pull air toward your face,42,2
SEQ_008690,SUBJ_035353,Forehead - scratch,69,3
SEQ_008691,SUBJ_051942,Above ear - pull hair,45,2
SEQ_008698,SUBJ_032233,Wave hello,84,4
SEQ_008703,SUBJ_040106,Cheek - pinch skin,51,0
SEQ_008711,SUBJ_049223,Cheek - pinch skin,54,0
SEQ_008718,SUBJ_032704,Above ear - pull hair,51,1
SEQ_008719,SUBJ_040310,Above ear - pull hair,48,1
SEQ_008720,SUBJ_063447,Forehead - scratch,54,0
SEQ_008722,SUBJ_038709,Neck - scratch,57,4
SEQ_008724,SUBJ_061552,Forehead - scratch,54,0
SEQ_008727,SUBJ_063319,Forehead - scratch,79,4
SEQ_008739,SUBJ_063319,Forehead - scratch,71,4
SEQ_008755,SUBJ_055211,Neck - scratch,255,2
SEQ_008758,SUBJ_000206,Forehead - scratch,44,2
SEQ_008762,SUBJ_036405,Text on phone,120,4
SEQ_008763,SUBJ_024086,Above ear - pull hair,47,2
SEQ_008764,SUBJ_024086,Neck - scratch,82,2
SEQ_008771,SUBJ_019756,Neck - pinch skin,60,4
SEQ_008774,SUBJ_002923,Glasses on/off,160,3
SEQ_008775,SUBJ_019297,Wave hello,75,3
SEQ_008787,SUBJ_024137,Neck - scratch,60,3
SEQ_008807,SUBJ_064387,Wave hello,72,4
SEQ_008827,SUBJ_040310,Neck - pinch skin,53,1
SEQ_008840,SUBJ_032165,Feel around in tray and pull out an object,80,1
SEQ_008847,SUBJ_032761,Text on phone,241,2
SEQ_008858,SUBJ_004117,Above ear - pull hair,66,3
SEQ_008859,SUBJ_044680,Forehead - pull hairline,52,3
SEQ_008864,SUBJ_040724,Write name in air,52,2
SEQ_008875,SUBJ_051942,Cheek - pinch skin,59,2
SEQ_008877,SUBJ_057917,Forehead - scratch,44,2
SEQ_008879,SUBJ_017170,Neck - scratch,52,2
SEQ_008886,SUBJ_047636,Neck - scratch,56,0
SEQ_008887,SUBJ_059520,Glasses on/off,158,1
SEQ_008888,SUBJ_054811,Text on phone,132,3
SEQ_008898,SUBJ_041770,Above ear - pull hair,45,1
SEQ_008900,SUBJ_027671,Forehead - scratch,82,1
SEQ_008905,SUBJ_042779,Eyelash - pull hair,43,1
SEQ_008923,SUBJ_055211,Cheek - pinch skin,88,2
SEQ_008928,SUBJ_052342,Pull air toward your face,115,3
SEQ_008931,SUBJ_036450,Cheek - pinch skin,131,2
SEQ_008932,SUBJ_008728,Forehead - pull hairline,62,2
SEQ_008952,SUBJ_026460,Eyelash - pull hair,53,3
SEQ_008963,SUBJ_063346,Text on phone,89,2
SEQ_008964,SUBJ_019756,Cheek - pinch skin,52,4
SEQ_008967,SUBJ_024137,Text on phone,62,3
SEQ_008977,SUBJ_052342,Pinch knee/leg skin,57,3
SEQ_008979,SUBJ_003328,Forehead - scratch,57,3
SEQ_008980,SUBJ_038023,Text on phone,59,3
SEQ_008983,SUBJ_056936,Scratch knee/leg skin,51,4
SEQ_008984,SUBJ_027682,Cheek - pinch skin,56,4
SEQ_009000,SUBJ_040106,Forehead - pull hairline,55,0
SEQ_009003,SUBJ_017807,Eyelash - pull hair,49,1
SEQ_009018,SUBJ_040106,Neck - pinch skin,47,0
SEQ_009024,SUBJ_059330,Eyebrow - pull hair,45,4
SEQ_009025,SUBJ_036450,Scratch knee/leg skin,48,2
SEQ_009031,SUBJ_054811,Write name in air,52,3
SEQ_009039,SUBJ_002923,Text on phone,68,3
SEQ_009047,SUBJ_050642,Eyebrow - pull hair,45,3
SEQ_009059,SUBJ_024137,Write name on leg,51,3
SEQ_009062,SUBJ_040282,Forehead - pull hairline,72,1
SEQ_009066,SUBJ_016552,Eyelash - pull hair,53,0
SEQ_009082,SUBJ_035353,Write name in air,47,3
SEQ_009085,SUBJ_034631,Eyelash - pull hair,76,3
SEQ_009090,SUBJ_032585,Pull air toward your face,95,3
SEQ_009096,SUBJ_027671,Text on phone,64,1
SEQ_009098,SUBJ_034574,Above ear - pull hair,53,3
SEQ_009102,SUBJ_064387,Neck - pinch skin,55,4
SEQ_009123,SUBJ_019756,Scratch knee/leg skin,49,4
SEQ_009125,SUBJ_064387,Forehead - pull hairline,51,4
SEQ_009126,SUBJ_058786,Forehead - pull hairline,49,2
SEQ_009128,SUBJ_051942,Eyelash - pull hair,98,2
SEQ_009138,SUBJ_038023,Write name in air,93,3
SEQ_009143,SUBJ_051942,Write name in air,84,2
SEQ_009145,SUBJ_061552,Forehead - scratch,83,0
SEQ_009152,SUBJ_063346,Forehead - scratch,43,2
SEQ_009169,SUBJ_052342,Scratch knee/leg skin,229,3
SEQ_009171,SUBJ_063447,Write name in air,49,0
SEQ_009185,SUBJ_040733,Wave hello,56,0
SEQ_009186,SUBJ_019663,Text on phone,72,1
SEQ_009196,SUBJ_047636,Scratch knee/leg skin,135,0
SEQ_009199,SUBJ_034631,Text on phone,29,3
SEQ_009202,SUBJ_063464,Eyelash - pull hair,51,2
SEQ_009215,SUBJ_059330,Text on phone,75,4
SEQ_009220,SUBJ_058786,Neck - pinch skin,93,2
SEQ_009223,SUBJ_023739,Neck - scratch,56,2
SEQ_009231,SUBJ_038709,Pull air toward your face,95,4
SEQ_009233,SUBJ_040106,Eyelash - pull hair,63,0
SEQ_009235,SUBJ_055211,Cheek - pinch skin,51,2
SEQ_009242,SUBJ_008728,Neck - pinch skin,48,2
SEQ_009261,SUBJ_030676,Wave hello,62,4
SEQ_009292,SUBJ_053906,Cheek - pinch skin,46,1
SEQ_009294,SUBJ_042794,Neck - scratch,53,0
SEQ_009297,SUBJ_059330,Pull air toward your face,93,4
SEQ_009306,SUBJ_000206,Eyelash - pull hair,81,2
SEQ_009310,SUBJ_026824,Eyebrow - pull hair,50,4
SEQ_009314,SUBJ_061552,Above ear - pull hair,54,0
SEQ_009319,SUBJ_049223,Forehead - pull hairline,50,0
SEQ_009325,SUBJ_059520,Wave hello,136,1
SEQ_009331,SUBJ_013623,Pull air toward your face,62,4
SEQ_009342,SUBJ_055211,Pull air toward your face,47,2
SEQ_009346,SUBJ_041243,Cheek - pinch skin,57,0
SEQ_009362,SUBJ_008304,Neck - pinch skin,51,0
SEQ_009367,SUBJ_059960,Neck - scratch,57,1
SEQ_009368,SUBJ_059330,Write name in air,54,4
SEQ_009370,SUBJ_041770,Above ear - pull hair,49,1
SEQ_009372,SUBJ_013623,Neck - pinch skin,53,4
SEQ_009374,SUBJ_047636,Cheek - pinch skin,76,0
SEQ_009385,SUBJ_039498,Text on phone,68,0
SEQ_009403,SUBJ_004117,Above ear - pull hair,47,3
SEQ_009407,SUBJ_038277,Above ear - pull hair,101,0
SEQ_009408,SUBJ_027682,Eyelash - pull hair,50,4
SEQ_009418,SUBJ_040106,Drink from bottle/cup,55,0
SEQ_009430,SUBJ_040310,Eyelash - pull hair,50,1
SEQ_009440,SUBJ_019663,Text on phone,64,1
SEQ_009441,SUBJ_019262,Forehead - pull hairline,50,0
SEQ_009445,SUBJ_019297,Eyelash - pull hair,50,3
SEQ_009454,SUBJ_030676,Above ear - pull hair,97,4
SEQ_009458,SUBJ_004117,Write name on leg,61,3
SEQ_009471,SUBJ_039498,Text on phone,55,0
SEQ_009480,SUBJ_053173,Cheek - pinch skin,54,1
SEQ_009482,SUBJ_000206,Cheek - pinch skin,45,2
SEQ_009490,SUBJ_036450,Text on phone,94,2
SEQ_009495,SUBJ_042254,Forehead - pull hairline,88,1
SEQ_009501,SUBJ_038277,Cheek - pinch skin,97,0
SEQ_009502,SUBJ_038277,Eyebrow - pull hair,91,0
SEQ_009504,SUBJ_040733,Eyelash - pull hair,53,0
SEQ_009505,SUBJ_052342,Forehead - pull hairline,56,3
SEQ_009506,SUBJ_040310,Neck - scratch,105,1
SEQ_009510,SUBJ_059520,Eyelash - pull hair,114,1
SEQ_009511,SUBJ_063319,Forehead - pull hairline,43,4
SEQ_009512,SUBJ_038709,Neck - scratch,51,4
SEQ_009523,SUBJ_055211,Text on phone,63,2
SEQ_009528,SUBJ_002923,Neck - scratch,54,3
SEQ_009538,SUBJ_063319,Eyebrow - pull hair,49,4
SEQ_009540,SUBJ_027671,Eyebrow - pull hair,136,1
SEQ_009546,SUBJ_008304,Neck - pinch skin,60,0
SEQ_009548,SUBJ_032233,Above ear - pull hair,51,4
SEQ_009553,SUBJ_055211,Neck - pinch skin,84,2
SEQ_009556,SUBJ_058967,Pull air toward your face,74,4
SEQ_009561,SUBJ_032761,Eyelash - pull hair,50,2
SEQ_009568,SUBJ_017807,Feel around in tray and pull out an object,70,1
SEQ_009585,SUBJ_002923,Pull air toward your face,52,3
SEQ_009597,SUBJ_019756,Pull air toward your face,62,4
SEQ_009602,SUBJ_042779,Text on phone,85,1
SEQ_009604,SUBJ_053906,Cheek - pinch skin,68,1
SEQ_009624,SUBJ_059520,Neck - pinch skin,101,1
SEQ_009636,SUBJ_059520,Wave hello,104,1
SEQ_009644,SUBJ_053217,Write name in air,61,4
SEQ_009675,SUBJ_058786,Write name in air,85,2
SEQ_009676,SUBJ_049223,Above ear - pull hair,51,0
SEQ_009698,SUBJ_019297,Pinch knee/leg skin,50,3
SEQ_009708,SUBJ_041770,Glasses on/off,58,1
SEQ_009710,SUBJ_019262,Cheek - pinch skin,74,0
SEQ_009716,SUBJ_012088,Forehead - pull hairline,95,0
SEQ_009720,SUBJ_064387,Text on phone,69,4
SEQ_009722,SUBJ_049223,Above ear - pull hair,101,0
SEQ_009739,SUBJ_058967,Forehead - pull hairline,107,4
SEQ_009762,SUBJ_019297,Glasses on/off,56,3
SEQ_009766,SUBJ_039498,Forehead - pull hairline,97,0
SEQ_009769,SUBJ_019297,Write name in air,50,3
SEQ_009787,SUBJ_032233,Write name in air,57,4
SEQ_009794,SUBJ_039498,Forehead - scratch,57,0
SEQ_009800,SUBJ_004117,Glasses on/off,54,3
SEQ_009803,SUBJ_030676,Write name in air,73,4
SEQ_009805,SUBJ_040106,Above ear - pull hair,49,0
SEQ_009812,SUBJ_042794,Cheek - pinch skin,52,0
SEQ_009827,SUBJ_063464,Cheek - pinch skin,76,2
SEQ_009839,SUBJ_040310,Text on phone,55,1
SEQ_009851,SUBJ_032233,Wave hello,65,4
SEQ_009861,SUBJ_004117,Neck - scratch,57,3
SEQ_009870,SUBJ_063447,Neck - scratch,136,0
SEQ_009873,SUBJ_051942,Text on phone,71,2
SEQ_009875,SUBJ_001430,Eyebrow - pull hair,52,0
SEQ_009877,SUBJ_053906,Forehead - scratch,94,1
SEQ_009880,SUBJ_040724,Pinch knee/leg skin,47,2
SEQ_009888,SUBJ_019663,Neck - scratch,79,1
SEQ_009892,SUBJ_038277,Pull air toward your face,96,0
SEQ_009897,SUBJ_043192,Feel around in tray and pull out an object,88,3
SEQ_009914,SUBJ_054811,Eyelash - pull hair,50,3
SEQ_009938,SUBJ_028998,Wave hello,53,1
SEQ_009972,SUBJ_063464,Neck - scratch,54,2
SEQ_009981,SUBJ_027682,Cheek - pinch skin,70,4
SEQ_009992,SUBJ_040106,Eyebrow - pull hair,50,0
SEQ_010019,SUBJ_059520,Eyelash - pull hair,58,1
SEQ_010025,SUBJ_032233,Above ear - pull hair,53,4
SEQ_010026,SUBJ_026460,Cheek - pinch skin,50,3
SEQ_010031,SUBJ_001430,Neck - pinch skin,55,0
SEQ_010037,SUBJ_024137,Forehead - pull hairline,50,3
SEQ_010042,SUBJ_021670,Forehead - pull hairline,102,2
SEQ_010045,SUBJ_019756,Text on phone,67,4
SEQ_010058,SUBJ_061552,Above ear - pull hair,89,0
SEQ_010068,SUBJ_000206,Forehead - pull hairline,91,2
SEQ_010071,SUBJ_036450,Forehead - pull hairline,52,2
SEQ_010076,SUBJ_036405,Neck - pinch skin,50,4
SEQ_010112,SUBJ_038709,Forehead - pull hairline,54,4
SEQ_010117,SUBJ_032165,Wave hello,71,1
SEQ_010119,SUBJ_034574,Text on phone,70,3
SEQ_010125,SUBJ_040724,Neck - scratch,56,2
SEQ_010127,SUBJ_027671,Wave hello,82,1
SEQ_010135,SUBJ_055211,Neck - scratch,49,2
SEQ_010144,SUBJ_050642,Wave hello,46,3
SEQ_010153,SUBJ_040724,Pull air toward your face,62,2
SEQ_010161,SUBJ_053217,Neck - scratch,58,4
SEQ_010188,SUBJ_027682,Neck - scratch,58,4
SEQ_010192,SUBJ_035353,Wave hello,59,3
SEQ_010195,SUBJ_040282,Eyelash - pull hair,43,1
SEQ_010201,SUBJ_040310,Neck - scratch,50,1
SEQ_010208,SUBJ_041770,Neck - scratch,47,1
SEQ_010232,SUBJ_038023,Eyebrow - pull hair,54,3
SEQ_010249,SUBJ_063346,Text on phone,58,2
SEQ_010253,SUBJ_038277,Feel around in tray and pull out an object,69,0
SEQ_010259,SUBJ_063447,Neck - scratch,72,0
SEQ_010276,SUBJ_030676,Above ear - pull hair,56,4
SEQ_010277,SUBJ_038023,Text on phone,78,3
SEQ_010279,SUBJ_019262,Eyebrow - pull hair,56,0
SEQ_010280,SUBJ_058967,Forehead - pull hairline,70,4
SEQ_010294,SUBJ_045235,Write name in air,80,1
SEQ_010300,SUBJ_059960,Write name in air,52,1
SEQ_010314,SUBJ_020948,Above ear - pull hair,48,0
SEQ_010321,SUBJ_045235,Forehead - scratch,48,1
SEQ_010327,SUBJ_064387,Above ear - pull hair,76,4
SEQ_010345,SUBJ_059330,Forehead - scratch,53,4
SEQ_010351,SUBJ_053217,Write name in air,56,4
SEQ_010353,SUBJ_017807,Feel around in tray and pull out an object,237,1
SEQ_010366,SUBJ_063447,Pull air toward your face,69,0
SEQ_010375,SUBJ_050642,Neck - pinch skin,49,3
SEQ_010384,SUBJ_061552,Eyebrow - pull hair,243,0
SEQ_010396,SUBJ_034574,Eyebrow - pull hair,73,3
SEQ_010402,SUBJ_008728,Pull air toward your face,65,2
SEQ_010409,SUBJ_053173,Pull air toward your face,60,1
SEQ_010415,SUBJ_017170,Feel around in tray and pull out an object,59,2
SEQ_010434,SUBJ_047636,Eyelash - pull hair,93,0
SEQ_010452,SUBJ_061552,Neck - scratch,154,0
SEQ_010462,SUBJ_021670,Neck - pinch skin,53,2
SEQ_010468,SUBJ_013623,Neck - scratch,74,4
SEQ_010479,SUBJ_008728,Write name in air,47,2
SEQ_010480,SUBJ_034631,Forehead - scratch,69,3
SEQ_010486,SUBJ_041770,Eyebrow - pull hair,73,1
SEQ_010497,SUBJ_038023,Scratch knee/leg skin,53,3
SEQ_010506,SUBJ_001430,Text on phone,56,0
SEQ_010510,SUBJ_063464,Pull air toward your face,53,2
SEQ_010520,SUBJ_032761,Neck - pinch skin,48,2
SEQ_010543,SUBJ_026824,Text on phone,154,4
SEQ_010545,SUBJ_039498,Above ear - pull hair,57,0
SEQ_010556,SUBJ_019756,Write name in air,53,4
SEQ_010561,SUBJ_063319,Above ear - pull hair,77,4
SEQ_010575,SUBJ_042254,Feel around in tray and pull out an object,68,1
SEQ_010586,SUBJ_042794,Text on phone,193,0
SEQ_010592,SUBJ_045235,Neck - scratch,63,1
SEQ_010596,SUBJ_026460,Text on phone,65,3
SEQ_010603,SUBJ_047636,Eyebrow - pull hair,50,0
SEQ_010608,SUBJ_039498,Forehead - scratch,48,0
SEQ_010641,SUBJ_049223,Pull air toward your face,49,0
SEQ_010642,SUBJ_020948,Forehead - scratch,52,0
SEQ_010661,SUBJ_032585,Eyebrow - pull hair,55,3
SEQ_010663,SUBJ_047636,Drink from bottle/cup,70,0
SEQ_010666,SUBJ_004117,Eyelash - pull hair,70,3
SEQ_010693,SUBJ_054811,Neck - pinch skin,54,3
SEQ_010698,SUBJ_000206,Above ear - pull hair,52,2
SEQ_010700,SUBJ_032585,Neck - scratch,60,3
SEQ_010705,SUBJ_012088,Write name in air,88,0
SEQ_010709,SUBJ_064387,Glasses on/off,84,4
SEQ_010714,SUBJ_063464,Above ear - pull hair,57,2
SEQ_010720,SUBJ_040310,Scratch knee/leg skin,74,1
SEQ_010725,SUBJ_008728,Neck - pinch skin,48,2
SEQ_010726,SUBJ_054811,Neck - scratch,42,3
SEQ_010736,SUBJ_051942,Pinch knee/leg skin,47,2
SEQ_010741,SUBJ_053906,Above ear - pull hair,57,1
SEQ_010744,SUBJ_002923,Forehead - pull hairline,56,3
SEQ_010746,SUBJ_040724,Neck - scratch,77,2
SEQ_010756,SUBJ_053173,Glasses on/off,68,1
SEQ_010765,SUBJ_036405,Cheek - pinch skin,80,4
SEQ_010778,SUBJ_028998,Text on phone,63,1
SEQ_010781,SUBJ_042779,Pull air toward your face,62,1
SEQ_010790,SUBJ_019297,Neck - pinch skin,47,3
SEQ_010797,SUBJ_038023,Neck - pinch skin,49,3
SEQ_010818,SUBJ_020948,Text on phone,57,0
SEQ_010819,SUBJ_063319,Eyelash - pull hair,47,4
SEQ_010842,SUBJ_035353,Neck - scratch,90,3
SEQ_010846,SUBJ_032761,Pull air toward your face,63,2
SEQ_010847,SUBJ_024137,Above ear - pull hair,52,3
SEQ_010851,SUBJ_042254,Eyebrow - pull hair,73,1
SEQ_010863,SUBJ_032165,Forehead - pull hairline,54,1
SEQ_010865,SUBJ_041770,Eyebrow - pull hair,42,1
SEQ_010879,SUBJ_059520,Forehead - pull hairline,103,1
SEQ_010882,SUBJ_042779,Forehead - pull hairline,55,1
SEQ_010887,SUBJ_024137,Wave hello,81,3
SEQ_010899,SUBJ_040724,Forehead - scratch,51,2
SEQ_010908,SUBJ_038023,Forehead - pull hairline,61,3
SEQ_010914,SUBJ_058786,Forehead - pull hairline,54,2
SEQ_010925,SUBJ_008304,Wave hello,91,0
SEQ_010939,SUBJ_027671,Pull air toward your face,52,1
SEQ_010946,SUBJ_019663,Pull air toward your face,61,1
SEQ_010956,SUBJ_013623,Write name in air,48,4
SEQ_010966,SUBJ_040310,Eyelash - pull hair,46,1
SEQ_010973,SUBJ_063447,Above ear - pull hair,54,0
SEQ_010975,SUBJ_000206,Wave hello,96,2
SEQ_010977,SUBJ_040310,Eyebrow - pull hair,50,1
SEQ_010986,SUBJ_064387,Neck - scratch,48,4
SEQ_011008,SUBJ_047636,Cheek - pinch skin,52,0
SEQ_011018,SUBJ_002923,Text on phone,76,3
SEQ_011023,SUBJ_052342,Pull air toward your face,64,3
SEQ_011032,SUBJ_011323,Neck - pinch skin,48,2
SEQ_011034,SUBJ_058786,Neck - pinch skin,51,2
SEQ_011040,SUBJ_020948,Eyelash - pull hair,139,0
SEQ_011049,SUBJ_064387,Cheek - pinch skin,50,4
SEQ_011050,SUBJ_017170,Wave hello,54,2
SEQ_011056,SUBJ_041770,Cheek - pinch skin,49,1
SEQ_011057,SUBJ_019756,Forehead - pull hairline,47,4
SEQ_011071,SUBJ_034631,Wave hello,55,3
SEQ_011079,SUBJ_026460,Pull air toward your face,74,3
SEQ_011087,SUBJ_058786,Neck - pinch skin,57,2
SEQ_011103,SUBJ_027682,Wave hello,68,4
SEQ_011114,SUBJ_041243,Forehead - pull hairline,74,0
SEQ_011126,SUBJ_034574,Neck - scratch,58,3
SEQ_011131,SUBJ_030676,Neck - pinch skin,53,4
SEQ_011134,SUBJ_002923,Neck - pinch skin,75,3
SEQ_011139,SUBJ_017807,Above ear - pull hair,51,1
SEQ_011143,SUBJ_024825,Pull air toward your face,98,4
SEQ_011149,SUBJ_052342,Forehead - pull hairline,190,3
SEQ_011155,SUBJ_049223,Write name in air,96,0
SEQ_011157,SUBJ_053173,Neck - pinch skin,76,1
SEQ_011166,SUBJ_043192,Wave hello,94,3
SEQ_011168,SUBJ_032761,Forehead - scratch,52,2
SEQ_011183,SUBJ_038709,Text on phone,64,4
SEQ_011209,SUBJ_057917,Wave hello,110,2
SEQ_011211,SUBJ_054811,Above ear - pull hair,49,3
SEQ_011224,SUBJ_032704,Above ear - pull hair,112,1
SEQ_011225,SUBJ_004117,Text on phone,74,3
SEQ_011240,SUBJ_017807,Neck - scratch,103,1
SEQ_011242,SUBJ_026460,Neck - scratch,192,3
SEQ_011246,SUBJ_052342,Above ear - pull hair,93,3
SEQ_011250,SUBJ_054811,Neck - scratch,61,3
SEQ_011255,SUBJ_043192,Write name on leg,55,3
SEQ_011258,SUBJ_040282,Eyebrow - pull hair,65,1
SEQ_011260,SUBJ_026460,Pull air toward your face,45,3
SEQ_011271,SUBJ_039234,Wave hello,34,4
SEQ_011273,SUBJ_019663,Scratch knee/leg skin,112,1
SEQ_011275,SUBJ_008304,Forehead - scratch,54,0
SEQ_011276,SUBJ_059330,Text on phone,69,4
SEQ_011281,SUBJ_057917,Text on phone,51,2
SEQ_011310,SUBJ_026824,Write name in air,65,4
SEQ_011312,SUBJ_024086,Forehead - pull hairline,60,2
SEQ_011313,SUBJ_040724,Forehead - scratch,52,2
SEQ_011320,SUBJ_042779,Text on phone,133,1
SEQ_011344,SUBJ_023739,Text on phone,186,2
SEQ_011362,SUBJ_002923,Eyelash - pull hair,51,3
SEQ_011371,SUBJ_019663,Pull air toward your face,63,1
SEQ_011377,SUBJ_008728,Feel around in tray and pull out an object,78,2
SEQ_011384,SUBJ_040106,Write name in air,74,0
SEQ_011400,SUBJ_032233,Eyelash - pull hair,61,4
SEQ_011404,SUBJ_019297,Above ear - pull hair,70,3
SEQ_011407,SUBJ_036450,Pull air toward your face,56,2
SEQ_011414,SUBJ_019756,Forehead - scratch,51,4
SEQ_011426,SUBJ_063464,Forehead - scratch,245,2
SEQ_011427,SUBJ_032761,Wave hello,91,2
SEQ_011431,SUBJ_032761,Wave hello,51,2
SEQ_011443,SUBJ_024825,Forehead - scratch,51,4
SEQ_011448,SUBJ_059520,Pull air toward your face,56,1
SEQ_011450,SUBJ_040282,Wave hello,63,1
SEQ_011464,SUBJ_044680,Forehead - scratch,49,3
SEQ_011467,SUBJ_063346,Neck - scratch,122,2
SEQ_011472,SUBJ_017807,Cheek - pinch skin,48,1
SEQ_011485,SUBJ_042779,Forehead - scratch,62,1
SEQ_011493,SUBJ_038277,Feel around in tray and pull out an object,73,0
SEQ_011507,SUBJ_032165,Text on phone,73,1
SEQ_011508,SUBJ_040106,Text on phone,55,0
SEQ_011524,SUBJ_017170,Neck - pinch skin,87,2
SEQ_011526,SUBJ_051942,Forehead - pull hairline,48,2
SEQ_011543,SUBJ_063447,Write name on leg,66,0
SEQ_011545,SUBJ_027671,Neck - scratch,60,1
SEQ_011548,SUBJ_041770,Above ear - pull hair,74,1
SEQ_011549,SUBJ_038277,Wave hello,81,0
SEQ_011557,SUBJ_020948,Neck - pinch skin,64,0
SEQ_011558,SUBJ_002923,Write name on leg,49,3
SEQ_011561,SUBJ_042794,Eyebrow - pull hair,62,0
SEQ_011567,SUBJ_038277,Eyebrow - pull hair,105,0
SEQ_011568,SUBJ_042794,Cheek - pinch skin,56,0
SEQ_011589,SUBJ_042254,Forehead - scratch,47,1
SEQ_011602,SUBJ_027682,Eyebrow - pull hair,51,4
SEQ_011624,SUBJ_016552,Neck - scratch,64,0
SEQ_011635,SUBJ_040106,Pull air toward your face,57,0
SEQ_011643,SUBJ_020948,Text on phone,146,0
SEQ_011653,SUBJ_063447,Pull air toward your face,81,0
SEQ_011654,SUBJ_042794,Forehead - pull hairline,72,0
SEQ_011664,SUBJ_020948,Forehead - scratch,74,0
SEQ_011672,SUBJ_059960,Pull air toward your face,51,1
SEQ_011686,SUBJ_032704,Eyebrow - pull hair,117,1
SEQ_011703,SUBJ_024086,Eyebrow - pull hair,43,2
SEQ_011704,SUBJ_051942,Forehead - pull hairline,48,2
SEQ_011710,SUBJ_059330,Neck - pinch skin,84,4
SEQ_011712,SUBJ_027671,Above ear - pull hair,118,1
SEQ_011717,SUBJ_021670,Eyelash - pull hair,49,2
SEQ_011728,SUBJ_024137,Pinch knee/leg skin,35,3
SEQ_011736,SUBJ_040106,Eyebrow - pull hair,51,0
SEQ_011739,SUBJ_059960,Forehead - pull hairline,57,1
SEQ_011749,SUBJ_017807,Cheek - pinch skin,100,1
SEQ_011772,SUBJ_049223,Neck - pinch skin,51,0
SEQ_011781,SUBJ_036405,Forehead - pull hairline,59,4
SEQ_011786,SUBJ_054811,Pull air toward your face,54,3
SEQ_011789,SUBJ_017499,Cheek - pinch skin,88,4
SEQ_011799,SUBJ_026824,Above ear - pull hair,49,4
SEQ_011803,SUBJ_042779,Forehead - pull hairline,44,1
SEQ_011807,SUBJ_055211,Forehead - scratch,48,2
SEQ_011821,SUBJ_019663,Neck - pinch skin,51,1
SEQ_011825,SUBJ_019756,Neck - pinch skin,60,4
SEQ_011826,SUBJ_017807,Neck - scratch,47,1
SEQ_011832,SUBJ_013623,Eyelash - pull hair,51,4
SEQ_011838,SUBJ_040282,Above ear - pull hair,51,1
SEQ_011844,SUBJ_040106,Eyebrow - pull hair,52,0
SEQ_011854,SUBJ_045235,Above ear - pull hair,60,1
SEQ_011867,SUBJ_017170,Eyelash - pull hair,45,2
SEQ_011868,SUBJ_002923,Scratch knee/leg skin,47,3
SEQ_011869,SUBJ_056936,Neck - pinch skin,48,4
SEQ_011894,SUBJ_050642,Eyelash - pull hair,43,3
SEQ_011900,SUBJ_027671,Glasses on/off,67,1
SEQ_011911,SUBJ_008304,Write name in air,68,0
SEQ_011914,SUBJ_034574,Eyebrow - pull hair,51,3
SEQ_011945,SUBJ_055211,Forehead - scratch,46,2
SEQ_011957,SUBJ_063447,Text on phone,77,0
SEQ_011973,SUBJ_020948,Neck - scratch,48,0
SEQ_011975,SUBJ_030676,Text on phone,84,4
SEQ_011984,SUBJ_058786,Neck - scratch,128,2
SEQ_011998,SUBJ_053217,Forehead - pull hairline,59,4
SEQ_012019,SUBJ_027671,Write name in air,49,1
SEQ_012022,SUBJ_038277,Cheek - pinch skin,140,0
SEQ_012033,SUBJ_040106,Text on phone,111,0
SEQ_012037,SUBJ_040310,Neck - pinch skin,50,1
SEQ_012048,SUBJ_019262,Eyelash - pull hair,55,0
SEQ_012058,SUBJ_035353,Forehead - pull hairline,46,3
SEQ_012075,SUBJ_023739,Cheek - pinch skin,203,2
SEQ_012077,SUBJ_056936,Neck - scratch,52,4
SEQ_012079,SUBJ_042779,Eyelash - pull hair,49,1
SEQ_012084,SUBJ_059960,Drink from bottle/cup,109,1
SEQ_012088,SUBJ_024137,Pull air toward your face,53,3
SEQ_012094,SUBJ_008728,Above ear - pull hair,48,2
SEQ_012102,SUBJ_035353,Pinch knee/leg skin,56,3
SEQ_012112,SUBJ_017170,Forehead - pull hairline,77,2
SEQ_012121,SUBJ_008728,Forehead - scratch,59,2
SEQ_012141,SUBJ_030676,Eyelash - pull hair,48,4
SEQ_012150,SUBJ_053217,Cheek - pinch skin,65,4
SEQ_012153,SUBJ_019297,Eyelash - pull hair,68,3
SEQ_012157,SUBJ_021670,Above ear - pull hair,51,2
SEQ_012159,SUBJ_040310,Above ear - pull hair,45,1
SEQ_012165,SUBJ_017499,Forehead - pull hairline,53,4
SEQ_012168,SUBJ_011323,Eyelash - pull hair,48,2
SEQ_012170,SUBJ_011323,Write name in air,49,2
SEQ_012178,SUBJ_063447,Forehead - pull hairline,62,0
SEQ_012179,SUBJ_024137,Drink from bottle/cup,58,3
SEQ_012181,SUBJ_063447,Neck - scratch,120,0
SEQ_012188,SUBJ_052342,Neck - pinch skin,171,3
SEQ_012201,SUBJ_032165,Write name in air,89,1
SEQ_012205,SUBJ_063464,Above ear - pull hair,49,2
SEQ_012229,SUBJ_063319,Forehead - scratch,51,4
SEQ_012240,SUBJ_042779,Write name in air,64,1
SEQ_012251,SUBJ_032704,Neck - scratch,50,1
SEQ_012278,SUBJ_040733,Write name in air,90,0
SEQ_012284,SUBJ_056936,Pull air toward your face,50,4
SEQ_012289,SUBJ_035353,Cheek - pinch skin,64,3
SEQ_012296,SUBJ_038023,Wave hello,88,3
SEQ_012311,SUBJ_004117,Forehead - scratch,50,3
SEQ_012314,SUBJ_011323,Neck - pinch skin,78,2
SEQ_012315,SUBJ_049223,Above ear - pull hair,50,0
SEQ_012319,SUBJ_021670,Forehead - scratch,237,2
SEQ_012326,SUBJ_002923,Forehead - pull hairline,59,3
SEQ_012335,SUBJ_044680,Neck - scratch,69,3
SEQ_012349,SUBJ_004117,Write name on leg,53,3
SEQ_012350,SUBJ_038023,Wave hello,55,3
SEQ_012395,SUBJ_023739,Wave hello,74,2
SEQ_012398,SUBJ_024825,Neck - pinch skin,52,4
SEQ_012401,SUBJ_045235,Cheek - pinch skin,51,1
SEQ_012420,SUBJ_028998,Cheek - pinch skin,58,1
SEQ_012424,SUBJ_034574,Text on phone,121,3
SEQ_012429,SUBJ_039234,Text on phone,84,4
SEQ_012433,SUBJ_034631,Eyebrow - pull hair,94,3
SEQ_012453,SUBJ_052342,Eyebrow - pull hair,62,3
SEQ_012454,SUBJ_024086,Write name on leg,69,2
SEQ_012463,SUBJ_059330,Cheek - pinch skin,54,4
SEQ_012469,SUBJ_012088,Text on phone,279,0
SEQ_012474,SUBJ_032165,Cheek - pinch skin,84,1
SEQ_012486,SUBJ_023739,Forehead - scratch,50,2
SEQ_012495,SUBJ_044680,Above ear - pull hair,52,3
SEQ_012496,SUBJ_047636,Eyebrow - pull hair,90,0
SEQ_012499,SUBJ_017170,Wave hello,52,2
SEQ_012500,SUBJ_050642,Neck - scratch,44,3
SEQ_012509,SUBJ_040310,Feel around in tray and pull out an object,86,1
SEQ_012512,SUBJ_058786,Above ear - pull hair,50,2
SEQ_012525,SUBJ_016552,Glasses on/off,83,0
SEQ_012535,SUBJ_038709,Neck - scratch,78,4
SEQ_012540,SUBJ_019663,Forehead - scratch,75,1
SEQ_012550,SUBJ_024137,Neck - pinch skin,55,3
SEQ_012552,SUBJ_036450,Cheek - pinch skin,47,2
SEQ_012561,SUBJ_003328,Eyelash - pull hair,47,3
SEQ_012569,SUBJ_012088,Neck - scratch,110,0
SEQ_012577,SUBJ_008728,Text on phone,68,2
SEQ_012585,SUBJ_057917,Pull air toward your face,48,2
SEQ_012593,SUBJ_024137,Cheek - pinch skin,66,3
SEQ_012599,SUBJ_004117,Forehead - scratch,57,3
SEQ_012606,SUBJ_040310,Write name in air,47,1
SEQ_012608,SUBJ_042254,Eyebrow - pull hair,79,1
SEQ_012614,SUBJ_061552,Pull air toward your face,52,0
SEQ_012617,SUBJ_053906,Forehead - pull hairline,47,1
SEQ_012619,SUBJ_011323,Wave hello,116,2
SEQ_012633,SUBJ_041770,Wave hello,50,1
SEQ_012639,SUBJ_034574,Neck - pinch skin,64,3
SEQ_012643,SUBJ_024137,Text on phone,94,3
SEQ_012656,SUBJ_017499,Eyelash - pull hair,88,4
SEQ_012663,SUBJ_026824,Forehead - pull hairline,67,4
SEQ_012679,SUBJ_061552,Eyelash - pull hair,107,0
SEQ_012689,SUBJ_058967,Wave hello,97,4
SEQ_012705,SUBJ_026460,Neck - pinch skin,62,3
SEQ_012707,SUBJ_032704,Neck - pinch skin,97,1
SEQ_012709,SUBJ_057917,Forehead - scratch,51,2
SEQ_012719,SUBJ_061552,Write name in air,92,0
SEQ_012720,SUBJ_053906,Forehead - pull hairline,55,1
SEQ_012723,SUBJ_063346,Write name in air,64,2
SEQ_012725,SUBJ_028998,Write name in air,50,1
SEQ_012730,SUBJ_024086,Write name in air,58,2
SEQ_012735,SUBJ_017499,Forehead - pull hairline,82,4
SEQ_012740,SUBJ_017807,Pull air toward your face,89,1
SEQ_012742,SUBJ_004117,Neck - pinch skin,56,3
SEQ_012748,SUBJ_043192,Eyebrow - pull hair,49,3
SEQ_012769,SUBJ_032233,Scratch knee/leg skin,59,4
SEQ_012773,SUBJ_021670,Eyelash - pull hair,66,2
SEQ_012775,SUBJ_002923,Forehead - scratch,81,3
SEQ_012776,SUBJ_016552,Pull air toward your face,49,0
SEQ_012789,SUBJ_058967,Neck - pinch skin,91,4
SEQ_012799,SUBJ_039498,Cheek - pinch skin,61,0
SEQ_012814,SUBJ_053906,Text on phone,65,1
SEQ_012827,SUBJ_058786,Eyebrow - pull hair,103,2
SEQ_012831,SUBJ_034574,Eyelash - pull hair,68,3
SEQ_012835,SUBJ_061552,Text on phone,84,0
SEQ_012846,SUBJ_013623,Pull air toward your face,50,4
SEQ_012847,SUBJ_056936,Eyebrow - pull hair,47,4
SEQ_012848,SUBJ_042254,Cheek - pinch skin,56,1
SEQ_012873,SUBJ_058967,Neck - pinch skin,82,4
SEQ_012880,SUBJ_024825,Eyebrow - pull hair,56,4
SEQ_012882,SUBJ_063319,Drink from bottle/cup,64,4
SEQ_012919,SUBJ_008304,Pull air toward your face,79,0
SEQ_012923,SUBJ_019663,Write name on leg,47,1
SEQ_012929,SUBJ_017170,Pull air toward your face,43,2
SEQ_012937,SUBJ_039498,Write name on leg,53,0
SEQ_012944,SUBJ_020948,Wave hello,50,0
SEQ_012951,SUBJ_004117,Text on phone,109,3
SEQ_012965,SUBJ_054811,Forehead - pull hairline,102,3
SEQ_012969,SUBJ_028998,Neck - pinch skin,51,1
SEQ_012982,SUBJ_042794,Write name in air,46,0
SEQ_012997,SUBJ_000206,Neck - scratch,46,2
SEQ_012999,SUBJ_017807,Eyelash - pull hair,50,1
SEQ_013007,SUBJ_017170,Forehead - pull hairline,88,2
SEQ_013009,SUBJ_003328,Wave hello,63,3
SEQ_013032,SUBJ_047636,Wave hello,113,0
SEQ_013041,SUBJ_042779,Cheek - pinch skin,49,1
SEQ_013042,SUBJ_056936,Glasses on/off,59,4
SEQ_013045,SUBJ_043192,Neck - scratch,97,3
SEQ_013070,SUBJ_019756,Pull air toward your face,56,4
SEQ_013078,SUBJ_027671,Eyelash - pull hair,51,1
SEQ_013084,SUBJ_055211,Forehead - pull hairline,87,2
SEQ_013090,SUBJ_032585,Text on phone,109,3
SEQ_013094,SUBJ_023739,Pull air toward your face,47,2
SEQ_013098,SUBJ_001430,Glasses on/off,90,0
SEQ_013102,SUBJ_008728,Neck - pinch skin,64,2
SEQ_013104,SUBJ_063464,Above ear - pull hair,55,2
SEQ_013106,SUBJ_000206,Neck - scratch,51,2
SEQ_013107,SUBJ_039234,Write name on leg,56,4
SEQ_013117,SUBJ_054811,Eyebrow - pull hair,47,3
SEQ_013138,SUBJ_012088,Write name on leg,90,0
SEQ_013139,SUBJ_052342,Glasses on/off,75,3
SEQ_013147,SUBJ_064387,Eyebrow - pull hair,110,4
SEQ_013150,SUBJ_040106,Forehead - pull hairline,50,0
SEQ_013205,SUBJ_039234,Neck - scratch,50,4
SEQ_013207,SUBJ_055211,Drink from bottle/cup,62,2
SEQ_013211,SUBJ_034631,Eyebrow - pull hair,51,3
SEQ_013217,SUBJ_040310,Pinch knee/leg skin,56,1
SEQ_013222,SUBJ_016552,Eyebrow - pull hair,49,0
SEQ_013250,SUBJ_001430,Cheek - pinch skin,64,0
SEQ_013268,SUBJ_055211,Write name in air,91,2
SEQ_013274,SUBJ_008304,Wave hello,75,0
SEQ_013277,SUBJ_030676,Above ear - pull hair,51,4
SEQ_013282,SUBJ_032165,Forehead - pull hairline,77,1
SEQ_013286,SUBJ_050642,Feel around in tray and pull out an object,72,3
SEQ_013287,SUBJ_034631,Forehead - pull hairline,47,3
SEQ_013322,SUBJ_034631,Text on phone,130,3
SEQ_013324,SUBJ_032233,Text on phone,87,4
SEQ_013325,SUBJ_027671,Cheek - pinch skin,54,1
SEQ_013365,SUBJ_038709,Drink from bottle/cup,69,4
SEQ_013366,SUBJ_017807,Cheek - pinch skin,51,1
SEQ_013372,SUBJ_049223,Neck - scratch,57,0
SEQ_013380,SUBJ_024086,Wave hello,44,2
SEQ_013381,SUBJ_011323,Pull air toward your face,124,2
SEQ_013396,SUBJ_038277,Text on phone,106,0
SEQ_013398,SUBJ_040310,Neck - pinch skin,59,1
SEQ_013411,SUBJ_013623,Above ear - pull hair,56,4
SEQ_013414,SUBJ_034574,Text on phone,76,3
SEQ_013416,SUBJ_017170,Eyebrow - pull hair,47,2
SEQ_013419,SUBJ_026824,Wave hello,90,4
SEQ_013423,SUBJ_054811,Pull air toward your face,52,3
SEQ_013452,SUBJ_056936,Write name in air,69,4
SEQ_013455,SUBJ_058967,Forehead - scratch,90,4
SEQ_013466,SUBJ_008304,Eyelash - pull hair,56,0
SEQ_013469,SUBJ_021670,Neck - pinch skin,53,2
SEQ_013473,SUBJ_054811,Forehead - pull hairline,74,3
SEQ_013474,SUBJ_035353,Above ear - pull hair,42,3
SEQ_013483,SUBJ_019297,Eyelash - pull hair,47,3
SEQ_013488,SUBJ_032761,Wave hello,87,2
SEQ_013505,SUBJ_041770,Scratch knee/leg skin,52,1
SEQ_013516,SUBJ_040310,Write name on leg,64,1
SEQ_013517,SUBJ_000206,Above ear - pull hair,45,2
SEQ_013521,SUBJ_032165,Cheek - pinch skin,58,1
SEQ_013549,SUBJ_024825,Eyebrow - pull hair,108,4
SEQ_013558,SUBJ_024137,Glasses on/off,93,3
SEQ_013573,SUBJ_039234,Eyelash - pull hair,61,4
SEQ_013585,SUBJ_058967,Write name in air,114,4
SEQ_013597,SUBJ_063346,Text on phone,64,2
SEQ_013599,SUBJ_058786,Neck - scratch,163,2
SEQ_013601,SUBJ_053906,Above ear - pull hair,70,1
SEQ_013608,SUBJ_002923,Neck - pinch skin,67,3
SEQ_013609,SUBJ_055211,Scratch knee/leg skin,128,2
SEQ_013659,SUBJ_017807,Write name in air,53,1
SEQ_013660,SUBJ_053906,Write name in air,58,1
SEQ_013679,SUBJ_026460,Pull air toward your face,47,3
SEQ_013692,SUBJ_021670,Forehead - scratch,58,2
SEQ_013702,SUBJ_016552,Cheek - pinch skin,40,0
SEQ_013706,SUBJ_051942,Neck - pinch skin,51,2
SEQ_013711,SUBJ_032233,Eyelash - pull hair,51,4
SEQ_013713,SUBJ_027682,Wave hello,67,4
SEQ_013717,SUBJ_032233,Neck - scratch,73,4
SEQ_013721,SUBJ_041770,Text on phone,61,1
SEQ_013737,SUBJ_024825,Neck - pinch skin,72,4
SEQ_013747,SUBJ_050642,Write name in air,63,3
SEQ_013750,SUBJ_035353,Neck - pinch skin,70,3
SEQ_013783,SUBJ_042779,Eyebrow - pull hair,81,1
SEQ_013793,SUBJ_032585,Eyebrow - pull hair,99,3
SEQ_013797,SUBJ_063346,Neck - pinch skin,47,2
SEQ_013802,SUBJ_016552,Drink from bottle/cup,112,0
SEQ_013804,SUBJ_059330,Write name in air,52,4
SEQ_013818,SUBJ_038277,Eyebrow - pull hair,125,0
SEQ_013820,SUBJ_019756,Forehead - scratch,53,4
SEQ_013825,SUBJ_032761,Neck - scratch,147,2
SEQ_013854,SUBJ_043192,Text on phone,214,3
SEQ_013860,SUBJ_032704,Above ear - pull hair,52,1
SEQ_013863,SUBJ_026460,Drink from bottle/cup,55,3
SEQ_013865,SUBJ_061552,Neck - scratch,94,0
SEQ_013868,SUBJ_063447,Eyelash - pull hair,53,0
SEQ_013893,SUBJ_054811,Write name in air,72,3
SEQ_013894,SUBJ_004117,Eyebrow - pull hair,55,3
SEQ_013902,SUBJ_063464,Write name in air,50,2
SEQ_013909,SUBJ_023739,Write name in air,50,2
SEQ_013930,SUBJ_003328,Above ear - pull hair,55,3
SEQ_013937,SUBJ_042779,Neck - pinch skin,49,1
SEQ_013940,SUBJ_024137,Eyelash - pull hair,50,3
SEQ_013947,SUBJ_002923,Write name in air,52,3
SEQ_013959,SUBJ_053906,Text on phone,85,1
SEQ_013961,SUBJ_038023,Forehead - scratch,67,3
SEQ_013964,SUBJ_011323,Glasses on/off,116,2
SEQ_013965,SUBJ_044680,Eyelash - pull hair,106,3
SEQ_013966,SUBJ_024086,Pull air toward your face,48,2
SEQ_013977,SUBJ_040724,Neck - scratch,100,2
SEQ_013984,SUBJ_023739,Neck - scratch,429,2
SEQ_013997,SUBJ_016552,Forehead - pull hairline,54,0
SEQ_013998,SUBJ_063447,Text on phone,77,0
SEQ_014019,SUBJ_020948,Neck - scratch,48,0
SEQ_014026,SUBJ_019297,Wave hello,59,3
SEQ_014028,SUBJ_000206,Neck - pinch skin,73,2
SEQ_014040,SUBJ_004117,Forehead - scratch,57,3
SEQ_014043,SUBJ_028998,Cheek - pinch skin,95,1
SEQ_014052,SUBJ_013623,Eyebrow - pull hair,49,4
SEQ_014056,SUBJ_030676,Neck - pinch skin,99,4
SEQ_014069,SUBJ_000206,Write name in air,44,2
SEQ_014073,SUBJ_027671,Forehead - scratch,50,1
SEQ_014074,SUBJ_054811,Neck - scratch,123,3
SEQ_014081,SUBJ_053906,Write name in air,93,1
SEQ_014083,SUBJ_020948,Forehead - pull hairline,60,0
SEQ_014089,SUBJ_039498,Forehead - scratch,69,0
SEQ_014090,SUBJ_049223,Neck - pinch skin,61,0
SEQ_014104,SUBJ_043192,Wave hello,48,3
SEQ_014115,SUBJ_035353,Forehead - scratch,46,3
SEQ_014119,SUBJ_053906,Forehead - scratch,61,1
SEQ_014122,SUBJ_040724,Cheek - pinch skin,57,2
SEQ_014129,SUBJ_001430,Write name on leg,57,0
SEQ_014159,SUBJ_019663,Eyelash - pull hair,61,1
SEQ_014167,SUBJ_038023,Wave hello,48,3
SEQ_014194,SUBJ_019297,Cheek - pinch skin,70,3
SEQ_014197,SUBJ_038023,Pull air toward your face,81,3
SEQ_014201,SUBJ_017499,Scratch knee/leg skin,48,4
SEQ_014203,SUBJ_063319,Write name in air,49,4
SEQ_014205,SUBJ_017170,Neck - scratch,671,2
SEQ_014219,SUBJ_008728,Eyebrow - pull hair,62,2
SEQ_014220,SUBJ_021670,Glasses on/off,62,2
SEQ_014224,SUBJ_032585,Neck - pinch skin,57,3
SEQ_014240,SUBJ_008728,Eyelash - pull hair,60,2
SEQ_014256,SUBJ_041770,Neck - scratch,47,1
SEQ_014264,SUBJ_032233,Forehead - pull hairline,53,4
SEQ_014284,SUBJ_026460,Eyelash - pull hair,50,3
SEQ_014292,SUBJ_055211,Wave hello,64,2
SEQ_014309,SUBJ_040106,Neck - scratch,50,0
SEQ_014339,SUBJ_019663,Eyebrow - pull hair,59,1
SEQ_014343,SUBJ_047636,Eyebrow - pull hair,88,0
SEQ_014347,SUBJ_036450,Neck - pinch skin,76,2
SEQ_014358,SUBJ_053217,Glasses on/off,62,4
SEQ_014363,SUBJ_027682,Above ear - pull hair,59,4
SEQ_014375,SUBJ_034631,Drink from bottle/cup,63,3
SEQ_014382,SUBJ_019262,Glasses on/off,55,0
SEQ_014386,SUBJ_032585,Wave hello,58,3
SEQ_014400,SUBJ_032585,Write name in air,103,3
SEQ_014406,SUBJ_042794,Forehead - pull hairline,58,0
SEQ_014419,SUBJ_058967,Eyebrow - pull hair,113,4
SEQ_014439,SUBJ_024137,Forehead - scratch,36,3
SEQ_014451,SUBJ_057917,Pinch knee/leg skin,47,2
SEQ_014453,SUBJ_063447,Glasses on/off,54,0
SEQ_014456,SUBJ_008304,Text on phone,135,0
SEQ_014457,SUBJ_030676,Eyelash - pull hair,52,4
SEQ_014471,SUBJ_047636,Forehead - pull hairline,99,0
SEQ_014479,SUBJ_040733,Eyelash - pull hair,104,0
SEQ_014483,SUBJ_059960,Cheek - pinch skin,54,1
SEQ_014495,SUBJ_032165,Neck - pinch skin,64,1
SEQ_014523,SUBJ_053173,Eyelash - pull hair,50,1
SEQ_014528,SUBJ_032761,Eyebrow - pull hair,56,2
SEQ_014561,SUBJ_036450,Cheek - pinch skin,85,2
SEQ_014568,SUBJ_021670,Scratch knee/leg skin,117,2
SEQ_014574,SUBJ_042794,Wave hello,106,0
SEQ_014576,SUBJ_034631,Forehead - pull hairline,51,3
SEQ_014602,SUBJ_034574,Pull air toward your face,45,3
SEQ_014613,SUBJ_038709,Cheek - pinch skin,80,4
SEQ_014631,SUBJ_058967,Forehead - pull hairline,91,4
SEQ_014632,SUBJ_041243,Forehead - pull hairline,61,0
SEQ_014646,SUBJ_051942,Eyebrow - pull hair,107,2
SEQ_014650,SUBJ_063464,Cheek - pinch skin,86,2
SEQ_014661,SUBJ_061552,Eyelash - pull hair,52,0
SEQ_014662,SUBJ_040733,Cheek - pinch skin,170,0
SEQ_014664,SUBJ_024137,Feel around in tray and pull out an object,102,3
SEQ_014665,SUBJ_016552,Neck - pinch skin,53,0
SEQ_014670,SUBJ_040310,Eyebrow - pull hair,45,1
SEQ_014680,SUBJ_050642,Above ear - pull hair,64,3
SEQ_014699,SUBJ_002923,Text on phone,87,3
SEQ_014700,SUBJ_000206,Neck - pinch skin,50,2
SEQ_014701,SUBJ_027671,Eyebrow - pull hair,56,1
SEQ_014702,SUBJ_058967,Above ear - pull hair,83,4
SEQ_014730,SUBJ_064387,Above ear - pull hair,49,4
SEQ_014744,SUBJ_026460,Forehead - scratch,47,3
SEQ_014755,SUBJ_052342,Eyelash - pull hair,124,3
SEQ_014764,SUBJ_059520,Neck - pinch skin,62,1
SEQ_014776,SUBJ_024825,Eyelash - pull hair,47,4
SEQ_014777,SUBJ_041770,Forehead - pull hairline,79,1
SEQ_014778,SUBJ_032585,Write name in air,68,3
SEQ_014783,SUBJ_023739,Wave hello,151,2
SEQ_014785,SUBJ_032761,Text on phone,72,2
SEQ_014801,SUBJ_019262,Neck - pinch skin,49,0
SEQ_014803,SUBJ_019756,Eyelash - pull hair,79,4
SEQ_014815,SUBJ_044680,Neck - pinch skin,63,3
SEQ_014821,SUBJ_032165,Neck - scratch,57,1
SEQ_014829,SUBJ_012088,Text on phone,84,0
SEQ_014836,SUBJ_000206,Pinch knee/leg skin,48,2
SEQ_014858,SUBJ_008304,Forehead - pull hairline,58,0
SEQ_014860,SUBJ_051942,Forehead - pull hairline,50,2
SEQ_014869,SUBJ_057917,Scratch knee/leg skin,53,2
SEQ_014873,SUBJ_039234,Eyelash - pull hair,90,4
SEQ_014897,SUBJ_017170,Eyelash - pull hair,47,2
SEQ_014927,SUBJ_019297,Forehead - pull hairline,47,3
SEQ_014929,SUBJ_045235,Neck - pinch skin,47,1
SEQ_014934,SUBJ_039234,Forehead - scratch,85,4
SEQ_014935,SUBJ_027682,Pinch knee/leg skin,101,4
SEQ_014943,SUBJ_034574,Write name in air,50,3
SEQ_014946,SUBJ_039498,Wave hello,72,0
SEQ_014950,SUBJ_032704,Glasses on/off,63,1
SEQ_014951,SUBJ_040724,Text on phone,78,2
SEQ_014963,SUBJ_024825,Cheek - pinch skin,66,4
SEQ_014970,SUBJ_036450,Forehead - pull hairline,59,2
SEQ_014974,SUBJ_041770,Drink from bottle/cup,58,1
SEQ_014975,SUBJ_045235,Pull air toward your face,49,1
SEQ_014980,SUBJ_063447,Forehead - scratch,57,0
SEQ_014985,SUBJ_026824,Neck - pinch skin,45,4
SEQ_014987,SUBJ_042779,Above ear - pull hair,51,1
SEQ_015004,SUBJ_032585,Eyelash - pull hair,92,3
SEQ_015010,SUBJ_032761,Above ear - pull hair,49,2
SEQ_015012,SUBJ_038277,Neck - scratch,56,0
SEQ_015022,SUBJ_008728,Forehead - scratch,47,2
SEQ_015025,SUBJ_026824,Text on phone,58,4
SEQ_015041,SUBJ_059330,Pinch knee/leg skin,55,4
SEQ_015053,SUBJ_001430,Forehead - scratch,53,0
SEQ_015054,SUBJ_035353,Text on phone,118,3
SEQ_015059,SUBJ_042254,Neck - pinch skin,50,1
SEQ_015062,SUBJ_023739,Cheek - pinch skin,57,2
SEQ_015074,SUBJ_038023,Forehead - pull hairline,52,3
SEQ_015078,SUBJ_032585,Scratch knee/leg skin,58,3
SEQ_015079,SUBJ_057917,Wave hello,63,2
SEQ_015082,SUBJ_032233,Forehead - scratch,56,4
SEQ_015085,SUBJ_043192,Eyebrow - pull hair,51,3
SEQ_015091,SUBJ_013623,Forehead - scratch,60,4
SEQ_015093,SUBJ_011323,Write name in air,51,2
SEQ_015103,SUBJ_049223,Scratch knee/leg skin,99,0
SEQ_015105,SUBJ_001430,Above ear - pull hair,59,0
SEQ_015106,SUBJ_053906,Text on phone,72,1
SEQ_015111,SUBJ_041243,Wave hello,58,0
SEQ_015128,SUBJ_045235,Pull air toward your face,54,1
SEQ_015130,SUBJ_027682,Glasses on/off,100,4
SEQ_015132,SUBJ_027682,Pull air toward your face,53,4
SEQ_015136,SUBJ_041770,Write name in air,92,1
SEQ_015138,SUBJ_043192,Eyebrow - pull hair,100,3
SEQ_015143,SUBJ_056936,Drink from bottle/cup,117,4
SEQ_015145,SUBJ_052342,Forehead - scratch,57,3
SEQ_015147,SUBJ_026824,Eyelash - pull hair,41,4
SEQ_015150,SUBJ_001430,Neck - pinch skin,82,0
SEQ_015163,SUBJ_049223,Neck - scratch,52,0
SEQ_015188,SUBJ_026824,Neck - scratch,43,4
SEQ_015199,SUBJ_052342,Eyelash - pull hair,78,3
SEQ_015201,SUBJ_032165,Cheek - pinch skin,61,1
SEQ_015203,SUBJ_020948,Eyelash - pull hair,40,0
SEQ_015220,SUBJ_039498,Forehead - pull hairline,81,0
SEQ_015222,SUBJ_063346,Neck - scratch,109,2
SEQ_015230,SUBJ_057917,Forehead - scratch,43,2
SEQ_015243,SUBJ_040310,Eyelash - pull hair,46,1
SEQ_015261,SUBJ_040733,Neck - scratch,700,0
SEQ_015274,SUBJ_061552,Pinch knee/leg skin,100,0
SEQ_015283,SUBJ_053173,Wave hello,96,1
SEQ_015295,SUBJ_002923,Pull air toward your face,49,3
SEQ_015307,SUBJ_053906,Glasses on/off,54,1
SEQ_015311,SUBJ_038709,Eyelash - pull hair,53,4
SEQ_015315,SUBJ_024137,Forehead - scratch,72,3
SEQ_015316,SUBJ_017807,Cheek - pinch skin,90,1
SEQ_015319,SUBJ_027671,Write name in air,61,1
SEQ_015341,SUBJ_038277,Pull air toward your face,112,0
SEQ_015342,SUBJ_058967,Forehead - scratch,58,4
SEQ_015348,SUBJ_042794,Feel around in tray and pull out an object,119,0
SEQ_015352,SUBJ_059330,Feel around in tray and pull out an object,50,4
SEQ_015363,SUBJ_045235,Above ear - pull hair,52,1
SEQ_015378,SUBJ_028998,Text on phone,63,1
SEQ_015384,SUBJ_032761,Write name on leg,82,2
SEQ_015397,SUBJ_024137,Forehead - pull hairline,37,3
SEQ_015399,SUBJ_034574,Wave hello,183,3
SEQ_015402,SUBJ_043192,Pinch knee/leg skin,66,3
SEQ_015406,SUBJ_042254,Write name on leg,66,1
SEQ_015419,SUBJ_059330,Above ear - pull hair,89,4
SEQ_015422,SUBJ_024137,Neck - scratch,49,3
SEQ_015434,SUBJ_032761,Neck - pinch skin,57,2
SEQ_015435,SUBJ_032233,Text on phone,64,4
SEQ_015438,SUBJ_017170,Forehead - scratch,44,2
SEQ_015450,SUBJ_016552,Eyebrow - pull hair,73,0
SEQ_015461,SUBJ_049223,Cheek - pinch skin,53,0
SEQ_015468,SUBJ_002923,Neck - pinch skin,56,3
SEQ_015485,SUBJ_051942,Eyelash - pull hair,45,2
SEQ_015492,SUBJ_024086,Write name in air,56,2
SEQ_015496,SUBJ_032585,Neck - pinch skin,81,3
SEQ_015497,SUBJ_020948,Wave hello,42,0
SEQ_015500,SUBJ_008304,Above ear - pull hair,50,0
SEQ_015518,SUBJ_001430,Eyelash - pull hair,50,0
SEQ_015529,SUBJ_061552,Neck - scratch,54,0
SEQ_015532,SUBJ_041770,Eyelash - pull hair,43,1
SEQ_015537,SUBJ_034574,Forehead - scratch,93,3
SEQ_015545,SUBJ_049223,Text on phone,71,0
SEQ_015557,SUBJ_041243,Drink from bottle/cup,50,0
SEQ_015583,SUBJ_008304,Write name on leg,103,0
SEQ_015584,SUBJ_038709,Neck - pinch skin,55,4
SEQ_015595,SUBJ_013623,Forehead - pull hairline,53,4
SEQ_015602,SUBJ_034574,Forehead - scratch,70,3
SEQ_015607,SUBJ_024137,Cheek - pinch skin,48,3
SEQ_015611,SUBJ_036405,Eyelash - pull hair,89,4
SEQ_015624,SUBJ_021670,Scratch knee/leg skin,48,2
SEQ_015625,SUBJ_035353,Write name in air,48,3
SEQ_015634,SUBJ_042794,Pull air toward your face,59,0
SEQ_015636,SUBJ_058967,Forehead - pull hairline,60,4
SEQ_015640,SUBJ_040106,Eyelash - pull hair,54,0
SEQ_015642,SUBJ_047636,Above ear - pull hair,83,0
SEQ_015647,SUBJ_042254,Above ear - pull hair,51,1
SEQ_015680,SUBJ_063346,Above ear - pull hair,54,2
SEQ_015684,SUBJ_020948,Above ear - pull hair,71,0
SEQ_015691,SUBJ_023739,Eyebrow - pull hair,69,2
SEQ_015695,SUBJ_021670,Forehead - pull hairline,71,2
SEQ_015698,SUBJ_044680,Neck - scratch,57,3
SEQ_015703,SUBJ_026824,Eyelash - pull hair,57,4
SEQ_015704,SUBJ_045235,Forehead - scratch,41,1
SEQ_015715,SUBJ_059960,Eyelash - pull hair,74,1
SEQ_015730,SUBJ_024137,Above ear - pull hair,68,3
SEQ_015745,SUBJ_028998,Cheek - pinch skin,62,1
SEQ_015753,SUBJ_026824,Eyelash - pull hair,46,4
SEQ_015756,SUBJ_019756,Write name in air,57,4
SEQ_015759,SUBJ_024086,Above ear - pull hair,57,2
SEQ_015800,SUBJ_063319,Forehead - scratch,47,4
SEQ_015801,SUBJ_035353,Eyebrow - pull hair,47,3
SEQ_015803,SUBJ_052342,Neck - scratch,204,3
SEQ_015805,SUBJ_064387,Forehead - scratch,93,4
SEQ_015816,SUBJ_053173,Text on phone,76,1
SEQ_015817,SUBJ_030676,Eyebrow - pull hair,53,4
SEQ_015823,SUBJ_041770,Write name in air,54,1
SEQ_015831,SUBJ_019262,Cheek - pinch skin,52,0
SEQ_015849,SUBJ_020948,Glasses on/off,59,0
SEQ_015852,SUBJ_017807,Above ear - pull hair,105,1
SEQ_015854,SUBJ_008304,Forehead - pull hairline,84,0
SEQ_015870,SUBJ_051942,Wave hello,103,2
SEQ_015873,SUBJ_059330,Neck - scratch,104,4
SEQ_015876,SUBJ_017170,Forehead - pull hairline,52,2
SEQ_015881,SUBJ_043192,Above ear - pull hair,45,3
SEQ_015884,SUBJ_032165,Text on phone,84,1
SEQ_015890,SUBJ_019262,Eyebrow - pull hair,54,0
SEQ_015894,SUBJ_064387,Write name in air,50,4
SEQ_015895,SUBJ_017807,Above ear - pull hair,46,1
SEQ_015904,SUBJ_030676,Neck - scratch,68,4
SEQ_015905,SUBJ_042794,Pinch knee/leg skin,46,0
SEQ_015906,SUBJ_026460,Write name in air,99,3
SEQ_015908,SUBJ_041243,Above ear - pull hair,106,0
SEQ_015925,SUBJ_042254,Neck - scratch,82,1
SEQ_015939,SUBJ_059520,Above ear - pull hair,56,1
SEQ_015947,SUBJ_017807,Eyebrow - pull hair,48,1
SEQ_015974,SUBJ_013623,Pull air toward your face,53,4
SEQ_015983,SUBJ_038023,Drink from bottle/cup,53,3
SEQ_015989,SUBJ_017170,Text on phone,48,2
SEQ_015990,SUBJ_063319,Eyelash - pull hair,78,4
SEQ_015992,SUBJ_017170,Text on phone,142,2
SEQ_015993,SUBJ_032233,Forehead - pull hairline,50,4
SEQ_016014,SUBJ_063346,Cheek - pinch skin,47,2
SEQ_016017,SUBJ_058786,Cheek - pinch skin,51,2
SEQ_016030,SUBJ_040733,Write name in air,61,0
SEQ_016031,SUBJ_032761,Neck - scratch,567,2
SEQ_016044,SUBJ_049223,Above ear - pull hair,82,0
SEQ_016051,SUBJ_032585,Forehead - pull hairline,58,3
SEQ_016076,SUBJ_002923,Drink from bottle/cup,122,3
SEQ_016091,SUBJ_016552,Text on phone,77,0
SEQ_016094,SUBJ_038277,Pull air toward your face,49,0
SEQ_016100,SUBJ_040724,Cheek - pinch skin,48,2
SEQ_016112,SUBJ_017807,Forehead - scratch,101,1
SEQ_016116,SUBJ_063464,Forehead - scratch,54,2
SEQ_016130,SUBJ_044680,Write name in air,55,3
SEQ_016135,SUBJ_023739,Forehead - pull hairline,75,2
SEQ_016150,SUBJ_039234,Above ear - pull hair,90,4
SEQ_016154,SUBJ_003328,Wave hello,51,3
SEQ_016162,SUBJ_036405,Pull air toward your face,82,4
SEQ_016166,SUBJ_019663,Scratch knee/leg skin,49,1
SEQ_016169,SUBJ_017807,Forehead - pull hairline,50,1
SEQ_016171,SUBJ_034574,Text on phone,76,3
SEQ_016172,SUBJ_013623,Forehead - scratch,56,4
SEQ_016177,SUBJ_001430,Forehead - scratch,67,0
SEQ_016188,SUBJ_053217,Neck - pinch skin,58,4
SEQ_016192,SUBJ_049223,Wave hello,49,0
SEQ_016193,SUBJ_040733,Neck - pinch skin,55,0
SEQ_016200,SUBJ_047636,Pull air toward your face,81,0
SEQ_016202,SUBJ_054811,Eyebrow - pull hair,49,3
SEQ_016203,SUBJ_021670,Text on phone,174,2
SEQ_016208,SUBJ_042254,Write name in air,49,1
SEQ_016211,SUBJ_003328,Eyelash - pull hair,49,3
SEQ_016227,SUBJ_032761,Text on phone,65,2
SEQ_016236,SUBJ_063464,Write name in air,63,2
SEQ_016260,SUBJ_053173,Eyebrow - pull hair,56,1
SEQ_016261,SUBJ_038277,Above ear - pull hair,49,0
SEQ_016262,SUBJ_057917,Write name on leg,55,2
SEQ_016270,SUBJ_017170,Eyelash - pull hair,64,2
SEQ_016279,SUBJ_042794,Neck - pinch skin,48,0
SEQ_016282,SUBJ_024825,Neck - scratch,63,4
SEQ_016294,SUBJ_017499,Above ear - pull hair,96,4
SEQ_016298,SUBJ_017170,Neck - scratch,61,2
SEQ_016302,SUBJ_043192,Text on phone,104,3
SEQ_016303,SUBJ_017499,Eyebrow - pull hair,50,4
SEQ_016307,SUBJ_049223,Cheek - pinch skin,49,0
SEQ_016315,SUBJ_038709,Write name on leg,49,4
SEQ_016319,SUBJ_024086,Above ear - pull hair,51,2
SEQ_016321,SUBJ_053173,Above ear - pull hair,87,1
SEQ_016322,SUBJ_044680,Eyebrow - pull hair,79,3
SEQ_016334,SUBJ_003328,Forehead - scratch,44,3
SEQ_016335,SUBJ_053173,Above ear - pull hair,65,1
SEQ_016351,SUBJ_004117,Pull air toward your face,72,3
SEQ_016352,SUBJ_056936,Forehead - pull hairline,53,4
SEQ_016366,SUBJ_044680,Cheek - pinch skin,65,3
SEQ_016377,SUBJ_016552,Neck - scratch,163,0
SEQ_016379,SUBJ_055211,Wave hello,105,2
SEQ_016389,SUBJ_042779,Neck - pinch skin,67,1
SEQ_016394,SUBJ_026460,Write name in air,45,3
SEQ_016405,SUBJ_020948,Feel around in tray and pull out an object,87,0
SEQ_016417,SUBJ_059960,Forehead - pull hairline,54,1
SEQ_016418,SUBJ_024137,Neck - pinch skin,47,3
SEQ_016424,SUBJ_000206,Eyelash - pull hair,50,2
SEQ_016426,SUBJ_019663,Drink from bottle/cup,65,1
SEQ_016464,SUBJ_023739,Drink from bottle/cup,134,2
SEQ_016489,SUBJ_011323,Neck - scratch,51,2
SEQ_016494,SUBJ_040106,Write name in air,49,0
SEQ_016495,SUBJ_050642,Eyebrow - pull hair,55,3
SEQ_016496,SUBJ_027671,Neck - pinch skin,56,1
SEQ_016497,SUBJ_059960,Pull air toward your face,57,1
SEQ_016503,SUBJ_038709,Eyelash - pull hair,75,4
SEQ_016506,SUBJ_063464,Neck - pinch skin,52,2
SEQ_016515,SUBJ_050642,Text on phone,156,3
SEQ_016519,SUBJ_024825,Wave hello,74,4
SEQ_016541,SUBJ_026824,Eyebrow - pull hair,48,4
SEQ_016543,SUBJ_059960,Forehead - scratch,56,1
SEQ_016545,SUBJ_019756,Eyebrow - pull hair,45,4
SEQ_016546,SUBJ_023739,Text on phone,144,2
SEQ_016554,SUBJ_027682,Cheek - pinch skin,51,4
SEQ_016559,SUBJ_055211,Forehead - scratch,50,2
SEQ_016560,SUBJ_050642,Write name in air,42,3
SEQ_016562,SUBJ_049223,Text on phone,93,0
SEQ_016564,SUBJ_035353,Neck - scratch,50,3
SEQ_016574,SUBJ_063464,Pull air toward your face,53,2
SEQ_016593,SUBJ_012088,Above ear - pull hair,60,0
SEQ_016595,SUBJ_053906,Neck - scratch,51,1
SEQ_016597,SUBJ_001430,Forehead - pull hairline,50,0
SEQ_016598,SUBJ_026824,Pull air toward your face,49,4
SEQ_016602,SUBJ_024086,Forehead - scratch,56,2
SEQ_016610,SUBJ_042794,Cheek - pinch skin,62,0
SEQ_016614,SUBJ_058786,Text on phone,69,2
SEQ_016623,SUBJ_041770,Above ear - pull hair,66,1
SEQ_016643,SUBJ_049223,Text on phone,68,0
SEQ_016645,SUBJ_001430,Text on phone,81,0
SEQ_016651,SUBJ_041243,Neck - pinch skin,57,0
SEQ_016652,SUBJ_026460,Above ear - pull hair,48,3
SEQ_016685,SUBJ_017499,Above ear - pull hair,91,4
SEQ_016688,SUBJ_040282,Forehead - scratch,50,1
SEQ_016690,SUBJ_011323,Eyelash - pull hair,47,2
SEQ_016692,SUBJ_032761,Eyelash - pull hair,69,2
SEQ_016693,SUBJ_013623,Eyelash - pull hair,56,4
SEQ_016694,SUBJ_058967,Cheek - pinch skin,67,4
SEQ_016707,SUBJ_032704,Text on phone,144,1
SEQ_016722,SUBJ_003328,Neck - scratch,93,3
SEQ_016727,SUBJ_008304,Eyelash - pull hair,68,0
SEQ_016752,SUBJ_040733,Eyelash - pull hair,96,0
SEQ_016758,SUBJ_053906,Wave hello,103,1
SEQ_016777,SUBJ_040733,Eyebrow - pull hair,56,0
SEQ_016780,SUBJ_017170,Neck - pinch skin,45,2
SEQ_016794,SUBJ_034574,Eyebrow - pull hair,98,3
SEQ_016799,SUBJ_027682,Neck - scratch,76,4
SEQ_016807,SUBJ_040282,Forehead - pull hairline,65,1
SEQ_016822,SUBJ_036450,Eyelash - pull hair,56,2
SEQ_016832,SUBJ_032233,Write name in air,50,4
SEQ_016833,SUBJ_040106,Neck - scratch,81,0
SEQ_016860,SUBJ_038023,Neck - scratch,51,3
SEQ_016861,SUBJ_017499,Neck - scratch,100,4
SEQ_016862,SUBJ_035353,Neck - pinch skin,52,3
SEQ_016863,SUBJ_038709,Eyebrow - pull hair,54,4
SEQ_016890,SUBJ_041770,Forehead - scratch,68,1
SEQ_016907,SUBJ_020948,Pull air toward your face,68,0
SEQ_016911,SUBJ_053906,Above ear - pull hair,67,1
SEQ_016918,SUBJ_017170,Cheek - pinch skin,83,2
SEQ_016923,SUBJ_003328,Wave hello,51,3
SEQ_016932,SUBJ_041770,Forehead - pull hairline,53,1
SEQ_016937,SUBJ_063319,Write name in air,59,4
SEQ_016974,SUBJ_000206,Write name in air,78,2
SEQ_016979,SUBJ_032165,Eyebrow - pull hair,53,1
SEQ_016997,SUBJ_034631,Neck - pinch skin,52,3
SEQ_017003,SUBJ_047636,Write name in air,121,0
SEQ_017005,SUBJ_035353,Neck - pinch skin,56,3
SEQ_017035,SUBJ_024086,Pinch knee/leg skin,51,2
SEQ_017041,SUBJ_011323,Forehead - pull hairline,57,2
SEQ_017043,SUBJ_061552,Text on phone,109,0
SEQ_017053,SUBJ_041243,Forehead - scratch,53,0
SEQ_017062,SUBJ_049223,Eyelash - pull hair,57,0
SEQ_017070,SUBJ_042779,Cheek - pinch skin,53,1
SEQ_017102,SUBJ_039498,Cheek - pinch skin,53,0
SEQ_017131,SUBJ_040106,Neck - pinch skin,49,0
SEQ_017139,SUBJ_051942,Eyebrow - pull hair,69,2
SEQ_017146,SUBJ_004117,Cheek - pinch skin,52,3
SEQ_017150,SUBJ_063464,Above ear - pull hair,77,2
SEQ_017154,SUBJ_008728,Forehead - scratch,56,2
SEQ_017156,SUBJ_043192,Eyelash - pull hair,51,3
SEQ_017160,SUBJ_012088,Feel around in tray and pull out an object,131,0
SEQ_017170,SUBJ_040733,Text on phone,86,0
SEQ_017172,SUBJ_000206,Neck - pinch skin,63,2
SEQ_017174,SUBJ_017807,Forehead - pull hairline,93,1
SEQ_017177,SUBJ_002923,Wave hello,53,3
SEQ_017180,SUBJ_021670,Forehead - pull hairline,52,2
SEQ_017181,SUBJ_064387,Forehead - pull hairline,52,4
SEQ_017187,SUBJ_016552,Feel around in tray and pull out an object,77,0
SEQ_017197,SUBJ_028998,Eyelash - pull hair,67,1
SEQ_017200,SUBJ_054811,Neck - pinch skin,50,3
SEQ_017201,SUBJ_032233,Neck - pinch skin,55,4
SEQ_017203,SUBJ_056936,Text on phone,166,4
SEQ_017228,SUBJ_024825,Scratch knee/leg skin,79,4
SEQ_017254,SUBJ_032585,Above ear - pull hair,62,3
SEQ_017273,SUBJ_063319,Pull air toward your face,49,4
SEQ_017283,SUBJ_038277,Wave hello,53,0
SEQ_017288,SUBJ_055211,Pull air toward your face,52,2
SEQ_017290,SUBJ_050642,Eyebrow - pull hair,92,3
SEQ_017292,SUBJ_024825,Eyelash - pull hair,89,4
SEQ_017299,SUBJ_008728,Wave hello,57,2
SEQ_017306,SUBJ_008728,Cheek - pinch skin,45,2
SEQ_017307,SUBJ_047636,Glasses on/off,53,0
SEQ_017311,SUBJ_043192,Forehead - pull hairline,65,3
SEQ_017323,SUBJ_042254,Glasses on/off,95,1
SEQ_017330,SUBJ_013623,Pinch knee/leg skin,47,4
SEQ_017332,SUBJ_057917,Text on phone,94,2
SEQ_017346,SUBJ_000206,Write name on leg,43,2
SEQ_017350,SUBJ_019297,Cheek - pinch skin,52,3
SEQ_017351,SUBJ_030676,Forehead - pull hairline,52,4
SEQ_017355,SUBJ_040106,Pinch knee/leg skin,46,0
SEQ_017369,SUBJ_035353,Neck - pinch skin,59,3
SEQ_017370,SUBJ_063447,Above ear - pull hair,47,0
SEQ_017371,SUBJ_042779,Eyelash - pull hair,62,1
SEQ_017392,SUBJ_003328,Pull air toward your face,87,3
SEQ_017395,SUBJ_042254,Neck - scratch,111,1
SEQ_017397,SUBJ_011323,Write name on leg,50,2
SEQ_017406,SUBJ_039234,Forehead - pull hairline,35,4
SEQ_017411,SUBJ_038277,Forehead - scratch,57,0
SEQ_017415,SUBJ_055211,Write name in air,72,2
SEQ_017446,SUBJ_044680,Glasses on/off,61,3
SEQ_017447,SUBJ_038277,Cheek - pinch skin,50,0
SEQ_017463,SUBJ_049223,Wave hello,87,0
SEQ_017465,SUBJ_026824,Eyelash - pull hair,43,4
SEQ_017491,SUBJ_008728,Eyelash - pull hair,60,2
SEQ_017497,SUBJ_012088,Neck - pinch skin,51,0
SEQ_017501,SUBJ_045235,Forehead - scratch,60,1
SEQ_017519,SUBJ_017499,Pull air toward your face,52,4
SEQ_017531,SUBJ_042794,Neck - scratch,239,0
SEQ_017541,SUBJ_044680,Neck - pinch skin,56,3
SEQ_017542,SUBJ_049223,Drink from bottle/cup,63,0
SEQ_017550,SUBJ_011323,Pull air toward your face,71,2
SEQ_017553,SUBJ_044680,Write name in air,65,3
SEQ_017555,SUBJ_032761,Forehead - scratch,199,2
SEQ_017558,SUBJ_059330,Forehead - pull hairline,53,4
SEQ_017560,SUBJ_063319,Above ear - pull hair,49,4
SEQ_017572,SUBJ_042254,Neck - scratch,95,1
SEQ_017581,SUBJ_053906,Neck - pinch skin,61,1
SEQ_017589,SUBJ_008304,Neck - pinch skin,98,0
SEQ_017596,SUBJ_032165,Neck - scratch,111,1
SEQ_017604,SUBJ_028998,Feel around in tray and pull out an object,95,1
SEQ_017606,SUBJ_000206,Eyebrow - pull hair,48,2
SEQ_017616,SUBJ_038277,Text on phone,80,0
SEQ_017634,SUBJ_032165,Forehead - scratch,57,1
SEQ_017642,SUBJ_024825,Write name in air,48,4
SEQ_017644,SUBJ_023739,Eyebrow - pull hair,121,2
SEQ_017645,SUBJ_003328,Write name on leg,52,3
SEQ_017665,SUBJ_044680,Pull air toward your face,66,3
SEQ_017673,SUBJ_059520,Above ear - pull hair,191,1
SEQ_017682,SUBJ_061552,Above ear - pull hair,102,0
SEQ_017688,SUBJ_063346,Forehead - pull hairline,60,2
SEQ_017693,SUBJ_023739,Cheek - pinch skin,63,2
SEQ_017710,SUBJ_054811,Write name on leg,79,3
SEQ_017725,SUBJ_000206,Neck - scratch,46,2
SEQ_017726,SUBJ_011323,Scratch knee/leg skin,48,2
SEQ_017734,SUBJ_019297,Write name in air,56,3
SEQ_017738,SUBJ_026460,Neck - scratch,47,3
SEQ_017746,SUBJ_056936,Eyelash - pull hair,58,4
SEQ_017754,SUBJ_057917,Above ear - pull hair,67,2
SEQ_017756,SUBJ_063319,Eyebrow - pull hair,49,4
SEQ_017761,SUBJ_040733,Forehead - pull hairline,49,0
SEQ_017764,SUBJ_020948,Forehead - scratch,98,0
SEQ_017783,SUBJ_036405,Above ear - pull hair,68,4
SEQ_017787,SUBJ_002923,Pull air toward your face,75,3
SEQ_017793,SUBJ_020948,Eyelash - pull hair,66,0
SEQ_017806,SUBJ_040282,Forehead - scratch,78,1
SEQ_017817,SUBJ_016552,Wave hello,63,0
SEQ_017834,SUBJ_039498,Cheek - pinch skin,88,0
SEQ_017836,SUBJ_013623,Cheek - pinch skin,63,4
SEQ_017856,SUBJ_026460,Neck - pinch skin,73,3
SEQ_017870,SUBJ_012088,Neck - scratch,49,0
SEQ_017874,SUBJ_042794,Eyelash - pull hair,52,0
SEQ_017875,SUBJ_027682,Eyelash - pull hair,70,4
SEQ_017876,SUBJ_017499,Above ear - pull hair,54,4
SEQ_017882,SUBJ_051942,Glasses on/off,69,2
SEQ_017888,SUBJ_051942,Forehead - scratch,59,2
SEQ_017903,SUBJ_057917,Pull air toward your face,65,2
SEQ_017918,SUBJ_047636,Feel around in tray and pull out an object,95,0
SEQ_017919,SUBJ_053173,Write name in air,57,1
SEQ_017938,SUBJ_040733,Forehead - scratch,67,0
SEQ_017939,SUBJ_024086,Wave hello,51,2
SEQ_017942,SUBJ_001430,Forehead - scratch,64,0
SEQ_017949,SUBJ_038709,Eyelash - pull hair,52,4
SEQ_017955,SUBJ_040282,Forehead - scratch,58,1
SEQ_017959,SUBJ_032165,Write name in air,73,1
SEQ_017986,SUBJ_019262,Write name in air,57,0
SEQ_017990,SUBJ_058786,Neck - pinch skin,54,2
SEQ_018019,SUBJ_032233,Cheek - pinch skin,51,4
SEQ_018031,SUBJ_027682,Eyelash - pull hair,61,4
SEQ_018032,SUBJ_053173,Cheek - pinch skin,59,1
SEQ_018035,SUBJ_056936,Above ear - pull hair,50,4
SEQ_018047,SUBJ_058786,Above ear - pull hair,88,2
SEQ_018052,SUBJ_052342,Text on phone,105,3
SEQ_018057,SUBJ_040724,Glasses on/off,88,2
SEQ_018061,SUBJ_008728,Forehead - pull hairline,60,2
SEQ_018062,SUBJ_024086,Forehead - pull hairline,49,2
SEQ_018069,SUBJ_011323,Eyelash - pull hair,47,2
SEQ_018091,SUBJ_019663,Cheek - pinch skin,47,1
SEQ_018094,SUBJ_004117,Neck - pinch skin,60,3
SEQ_018103,SUBJ_063464,Wave hello,153,2
SEQ_018107,SUBJ_017170,Cheek - pinch skin,132,2
SEQ_018109,SUBJ_030676,Neck - pinch skin,52,4
SEQ_018110,SUBJ_030676,Feel around in tray and pull out an object,84,4
SEQ_018112,SUBJ_003328,Eyelash - pull hair,45,3
SEQ_018116,SUBJ_034574,Drink from bottle/cup,75,3
SEQ_018158,SUBJ_053173,Forehead - scratch,65,1
SEQ_018166,SUBJ_001430,Neck - scratch,62,0
SEQ_018168,SUBJ_061552,Neck - scratch,52,0
SEQ_018170,SUBJ_042254,Write name on leg,52,1
SEQ_018178,SUBJ_063447,Pull air toward your face,52,0
SEQ_018186,SUBJ_019663,Forehead - pull hairline,45,1
SEQ_018189,SUBJ_020948,Pinch knee/leg skin,47,0
SEQ_018190,SUBJ_063447,Wave hello,75,0
SEQ_018192,SUBJ_008728,Wave hello,96,2
SEQ_018203,SUBJ_063447,Pinch knee/leg skin,72,0
SEQ_018220,SUBJ_041770,Neck - scratch,154,1
SEQ_018224,SUBJ_041770,Neck - pinch skin,54,1
SEQ_018229,SUBJ_026460,Neck - scratch,52,3
SEQ_018239,SUBJ_019297,Neck - pinch skin,48,3
SEQ_018253,SUBJ_026824,Neck - pinch skin,50,4
SEQ_018280,SUBJ_042254,Above ear - pull hair,50,1
SEQ_018289,SUBJ_043192,Cheek - pinch skin,50,3
SEQ_018293,SUBJ_042794,Drink from bottle/cup,44,0
SEQ_018316,SUBJ_003328,Cheek - pinch skin,47,3
SEQ_018318,SUBJ_035353,Forehead - pull hairline,56,3
SEQ_018327,SUBJ_041770,Wave hello,92,1
SEQ_018331,SUBJ_032233,Glasses on/off,84,4
SEQ_018345,SUBJ_038277,Above ear - pull hair,105,0
SEQ_018351,SUBJ_032233,Above ear - pull hair,108,4
SEQ_018352,SUBJ_059960,Pull air toward your face,79,1
SEQ_018382,SUBJ_054811,Wave hello,48,3
SEQ_018408,SUBJ_036405,Above ear - pull hair,85,4
SEQ_018410,SUBJ_059330,Cheek - pinch skin,84,4
SEQ_018416,SUBJ_032233,Text on phone,66,4
SEQ_018445,SUBJ_038023,Text on phone,91,3
SEQ_018455,SUBJ_041243,Forehead - pull hairline,104,0
SEQ_018492,SUBJ_041770,Neck - pinch skin,51,1
SEQ_018496,SUBJ_043192,Text on phone,71,3
SEQ_018497,SUBJ_020948,Forehead - pull hairline,57,0
SEQ_018509,SUBJ_042779,Neck - scratch,48,1
SEQ_018516,SUBJ_059520,Above ear - pull hair,53,1
SEQ_018517,SUBJ_039498,Feel around in tray and pull out an object,87,0
SEQ_018525,SUBJ_032704,Pinch knee/leg skin,51,1
SEQ_018526,SUBJ_023739,Eyebrow - pull hair,61,2
SEQ_018527,SUBJ_032704,Neck - pinch skin,51,1
SEQ_018542,SUBJ_039498,Neck - scratch,102,0
SEQ_018545,SUBJ_042254,Drink from bottle/cup,102,1
SEQ_018549,SUBJ_063464,Forehead - scratch,51,2
SEQ_018554,SUBJ_042794,Text on phone,181,0
SEQ_018571,SUBJ_054811,Cheek - pinch skin,98,3
SEQ_018576,SUBJ_049223,Forehead - scratch,63,0
SEQ_018611,SUBJ_023739,Forehead - pull hairline,48,2
SEQ_018624,SUBJ_053217,Pinch knee/leg skin,43,4
SEQ_018640,SUBJ_045235,Pull air toward your face,64,1
SEQ_018657,SUBJ_061552,Pull air toward your face,102,0
SEQ_018666,SUBJ_024086,Pull air toward your face,52,2
SEQ_018671,SUBJ_051942,Neck - pinch skin,53,2
SEQ_018677,SUBJ_043192,Eyelash - pull hair,46,3
SEQ_018692,SUBJ_047636,Wave hello,58,0
SEQ_018698,SUBJ_036450,Eyebrow - pull hair,89,2
SEQ_018699,SUBJ_035353,Eyelash - pull hair,51,3
SEQ_018728,SUBJ_032761,Eyebrow - pull hair,230,2
SEQ_018743,SUBJ_038277,Neck - scratch,82,0
SEQ_018747,SUBJ_030676,Text on phone,64,4
SEQ_018766,SUBJ_024137,Neck - pinch skin,51,3
SEQ_018767,SUBJ_042254,Cheek - pinch skin,52,1
SEQ_018779,SUBJ_042779,Eyelash - pull hair,45,1
SEQ_018798,SUBJ_040724,Above ear - pull hair,49,2
SEQ_018801,SUBJ_026824,Forehead - pull hairline,42,4
SEQ_018817,SUBJ_012088,Forehead - scratch,103,0
SEQ_018834,SUBJ_032704,Forehead - scratch,53,1
SEQ_018846,SUBJ_044680,Eyebrow - pull hair,65,3
SEQ_018883,SUBJ_019262,Neck - scratch,54,0
SEQ_018886,SUBJ_034631,Above ear - pull hair,49,3
SEQ_018890,SUBJ_049223,Feel around in tray and pull out an object,116,0
SEQ_018895,SUBJ_036450,Wave hello,53,2
SEQ_018900,SUBJ_032585,Drink from bottle/cup,62,3
SEQ_018901,SUBJ_039234,Forehead - scratch,78,4
SEQ_018907,SUBJ_059960,Neck - pinch skin,62,1
SEQ_018909,SUBJ_063319,Write name in air,86,4
SEQ_018923,SUBJ_044680,Cheek - pinch skin,64,3
SEQ_018930,SUBJ_041770,Above ear - pull hair,49,1
SEQ_018938,SUBJ_058967,Cheek - pinch skin,60,4
SEQ_018944,SUBJ_058967,Above ear - pull hair,101,4
SEQ_018949,SUBJ_045235,Cheek - pinch skin,52,1
SEQ_018950,SUBJ_019262,Text on phone,80,0
SEQ_018951,SUBJ_047636,Wave hello,118,0
SEQ_018953,SUBJ_004117,Neck - scratch,68,3
SEQ_018958,SUBJ_032165,Wave hello,56,1
SEQ_018977,SUBJ_020948,Pull air toward your face,49,0
SEQ_018998,SUBJ_040282,Write name in air,49,1
SEQ_019003,SUBJ_004117,Above ear - pull hair,50,3
SEQ_019010,SUBJ_034574,Eyelash - pull hair,86,3
SEQ_019015,SUBJ_040310,Feel around in tray and pull out an object,69,1
SEQ_019025,SUBJ_063447,Forehead - pull hairline,58,0
SEQ_019028,SUBJ_024825,Cheek - pinch skin,48,4
SEQ_019037,SUBJ_040724,Text on phone,97,2
SEQ_019039,SUBJ_026824,Neck - scratch,45,4
SEQ_019040,SUBJ_054811,Forehead - pull hairline,88,3
SEQ_019042,SUBJ_024086,Forehead - scratch,61,2
SEQ_019043,SUBJ_063447,Wave hello,52,0
SEQ_019063,SUBJ_008728,Above ear - pull hair,86,2
SEQ_019064,SUBJ_053173,Neck - pinch skin,82,1
SEQ_019068,SUBJ_008728,Forehead - scratch,50,2
SEQ_019070,SUBJ_041243,Cheek - pinch skin,85,0
SEQ_019085,SUBJ_038709,Above ear - pull hair,65,4
SEQ_019095,SUBJ_004117,Pull air toward your face,56,3
SEQ_019099,SUBJ_059330,Neck - pinch skin,55,4
SEQ_019100,SUBJ_040724,Text on phone,66,2
SEQ_019106,SUBJ_032585,Eyelash - pull hair,59,3
SEQ_019108,SUBJ_056936,Neck - scratch,51,4
SEQ_019126,SUBJ_047636,Forehead - scratch,92,0
SEQ_019131,SUBJ_040724,Cheek - pinch skin,49,2
SEQ_019134,SUBJ_058967,Forehead - scratch,94,4
SEQ_019135,SUBJ_064387,Neck - pinch skin,72,4
SEQ_019138,SUBJ_017499,Forehead - scratch,50,4
SEQ_019140,SUBJ_035353,Eyebrow - pull hair,43,3
SEQ_019143,SUBJ_052342,Pinch knee/leg skin,133,3
SEQ_019148,SUBJ_049223,Cheek - pinch skin,51,0
SEQ_019155,SUBJ_027671,Eyebrow - pull hair,67,1
SEQ_019160,SUBJ_038277,Eyebrow - pull hair,54,0
SEQ_019172,SUBJ_064387,Above ear - pull hair,57,4
SEQ_019189,SUBJ_055211,Above ear - pull hair,46,2
SEQ_019206,SUBJ_000206,Pull air toward your face,48,2
SEQ_019208,SUBJ_019262,Wave hello,53,0
SEQ_019216,SUBJ_027671,Forehead - pull hairline,50,1
SEQ_019219,SUBJ_064387,Write name in air,57,4
SEQ_019232,SUBJ_001430,Above ear - pull hair,59,0
SEQ_019240,SUBJ_038709,Neck - scratch,84,4
SEQ_019253,SUBJ_019663,Eyebrow - pull hair,45,1
SEQ_019265,SUBJ_024086,Write name in air,54,2
SEQ_019268,SUBJ_027682,Eyelash - pull hair,48,4
SEQ_019274,SUBJ_023739,Eyebrow - pull hair,53,2
SEQ_019298,SUBJ_040724,Neck - pinch skin,50,2
SEQ_019300,SUBJ_023739,Neck - pinch skin,59,2
SEQ_019304,SUBJ_004117,Eyebrow - pull hair,54,3
SEQ_019308,SUBJ_030676,Pinch knee/leg skin,67,4
SEQ_019318,SUBJ_023739,Pull air toward your face,56,2
SEQ_019321,SUBJ_039234,Eyebrow - pull hair,51,4
SEQ_019327,SUBJ_032704,Wave hello,49,1
SEQ_019330,SUBJ_034574,Above ear - pull hair,54,3
SEQ_019337,SUBJ_000206,Forehead - scratch,43,2
SEQ_019345,SUBJ_040724,Cheek - pinch skin,47,2
SEQ_019347,SUBJ_034574,Neck - scratch,67,3
SEQ_019348,SUBJ_026460,Cheek - pinch skin,52,3
SEQ_019358,SUBJ_017170,Eyebrow - pull hair,42,2
SEQ_019359,SUBJ_053906,Text on phone,73,1
SEQ_019381,SUBJ_058967,Text on phone,109,4
SEQ_019394,SUBJ_032761,Drink from bottle/cup,54,2
SEQ_019397,SUBJ_028998,Text on phone,69,1
SEQ_019398,SUBJ_040310,Neck - scratch,54,1
SEQ_019401,SUBJ_040282,Neck - pinch skin,55,1
SEQ_019404,SUBJ_058786,Pull air toward your face,72,2
SEQ_019407,SUBJ_061552,Write name in air,107,0
SEQ_019418,SUBJ_058967,Neck - scratch,57,4
SEQ_019420,SUBJ_019756,Forehead - scratch,49,4
SEQ_019443,SUBJ_008304,Eyebrow - pull hair,57,0
SEQ_019455,SUBJ_044680,Wave hello,139,3
SEQ_019470,SUBJ_008728,Forehead - scratch,48,2
SEQ_019474,SUBJ_053173,Write name in air,87,1
SEQ_019480,SUBJ_040733,Above ear - pull hair,53,0
SEQ_019507,SUBJ_001430,Pull air toward your face,61,0
SEQ_019510,SUBJ_045235,Text on phone,55,1
SEQ_019513,SUBJ_042794,Text on phone,112,0
SEQ_019517,SUBJ_063319,Neck - scratch,47,4
SEQ_019535,SUBJ_042254,Text on phone,119,1
SEQ_019536,SUBJ_059520,Pinch knee/leg skin,55,1
SEQ_019544,SUBJ_019663,Feel around in tray and pull out an object,70,1
SEQ_019545,SUBJ_020948,Neck - pinch skin,50,0
SEQ_019546,SUBJ_024825,Pull air toward your face,47,4
SEQ_019549,SUBJ_034631,Wave hello,111,3
SEQ_019550,SUBJ_008304,Cheek - pinch skin,53,0
SEQ_019560,SUBJ_038023,Pull air toward your face,70,3
SEQ_019573,SUBJ_053173,Neck - pinch skin,57,1
SEQ_019574,SUBJ_019756,Glasses on/off,97,4
SEQ_019580,SUBJ_039498,Eyebrow - pull hair,63,0
SEQ_019586,SUBJ_064387,Eyelash - pull hair,49,4
SEQ_019606,SUBJ_050642,Wave hello,94,3
SEQ_019616,SUBJ_041770,Write name in air,57,1
SEQ_019631,SUBJ_053217,Neck - scratch,99,4
SEQ_019633,SUBJ_027671,Pull air toward your face,69,1
SEQ_019634,SUBJ_019756,Forehead - pull hairline,79,4
SEQ_019635,SUBJ_047636,Eyebrow - pull hair,53,0
SEQ_019652,SUBJ_039234,Text on phone,89,4
SEQ_019658,SUBJ_050642,Pull air toward your face,63,3
SEQ_019670,SUBJ_063464,Eyelash - pull hair,50,2
SEQ_019677,SUBJ_013623,Cheek - pinch skin,56,4
SEQ_019684,SUBJ_024086,Forehead - scratch,56,2
SEQ_019699,SUBJ_019297,Eyelash - pull hair,51,3
SEQ_019704,SUBJ_034574,Glasses on/off,74,3
SEQ_019728,SUBJ_038709,Above ear - pull hair,52,4
SEQ_019729,SUBJ_008304,Neck - scratch,121,0
SEQ_019741,SUBJ_040106,Wave hello,50,0
SEQ_019745,SUBJ_058786,Write name in air,65,2
SEQ_019746,SUBJ_059520,Forehead - pull hairline,71,1
SEQ_019765,SUBJ_034631,Cheek - pinch skin,70,3
SEQ_019772,SUBJ_034631,Write name in air,65,3
SEQ_019778,SUBJ_044680,Neck - pinch skin,62,3
SEQ_019785,SUBJ_032165,Write name in air,91,1
SEQ_019793,SUBJ_038277,Cheek - pinch skin,54,0
SEQ_019806,SUBJ_052342,Neck - pinch skin,63,3
SEQ_019813,SUBJ_008728,Text on phone,81,2
SEQ_019819,SUBJ_016552,Eyebrow - pull hair,52,0
SEQ_019825,SUBJ_027682,Forehead - scratch,66,4
SEQ_019829,SUBJ_011323,Neck - pinch skin,52,2
SEQ_019838,SUBJ_059520,Eyelash - pull hair,93,1
SEQ_019840,SUBJ_023739,Text on phone,70,2
SEQ_019845,SUBJ_058967,Eyelash - pull hair,67,4
SEQ_019852,SUBJ_017499,Text on phone,69,4
SEQ_019876,SUBJ_053173,Neck - pinch skin,87,1
SEQ_019896,SUBJ_026824,Forehead - scratch,44,4
SEQ_019900,SUBJ_032585,Neck - scratch,101,3
SEQ_019902,SUBJ_042254,Forehead - pull hairline,55,1
SEQ_019905,SUBJ_023739,Pinch knee/leg skin,62,2
SEQ_019908,SUBJ_055211,Eyebrow - pull hair,89,2
SEQ_019928,SUBJ_059330,Glasses on/off,62,4
SEQ_019935,SUBJ_034574,Cheek - pinch skin,52,3
SEQ_019945,SUBJ_027671,Scratch knee/leg skin,55,1
SEQ_019946,SUBJ_019663,Cheek - pinch skin,50,1
SEQ_019954,SUBJ_012088,Cheek - pinch skin,89,0
SEQ_019957,SUBJ_013623,Above ear - pull hair,51,4
SEQ_019961,SUBJ_061552,Pinch knee/leg skin,57,0
SEQ_019967,SUBJ_020948,Forehead - scratch,51,0
SEQ_019975,SUBJ_039498,Cheek - pinch skin,59,0
SEQ_019980,SUBJ_041243,Eyebrow - pull hair,94,0
SEQ_019994,SUBJ_061552,Pull air toward your face,51,0
SEQ_019996,SUBJ_040310,Eyelash - pull hair,49,1
SEQ_020012,SUBJ_020948,Write name in air,50,0
SEQ_020025,SUBJ_016552,Neck - scratch,66,0
SEQ_020029,SUBJ_019663,Write name in air,72,1
SEQ_020031,SUBJ_023739,Forehead - pull hairline,67,2
SEQ_020034,SUBJ_032165,Above ear - pull hair,71,1
SEQ_020037,SUBJ_016552,Write name on leg,49,0
SEQ_020043,SUBJ_061552,Write name in air,51,0
SEQ_020045,SUBJ_043192,Forehead - pull hairline,68,3
SEQ_020054,SUBJ_053173,Wave hello,49,1
SEQ_020071,SUBJ_040310,Neck - scratch,92,1
SEQ_020080,SUBJ_027682,Write name in air,50,4
SEQ_020082,SUBJ_032585,Forehead - pull hairline,62,3
SEQ_020085,SUBJ_002923,Above ear - pull hair,72,3
SEQ_020088,SUBJ_039498,Cheek - pinch skin,67,0
SEQ_020097,SUBJ_053173,Neck - scratch,56,1
SEQ_020099,SUBJ_050642,Cheek - pinch skin,51,3
SEQ_020111,SUBJ_017170,Neck - scratch,121,2
SEQ_020113,SUBJ_021670,Cheek - pinch skin,58,2
SEQ_020114,SUBJ_044680,Forehead - scratch,57,3
SEQ_020115,SUBJ_043192,Eyebrow - pull hair,54,3
SEQ_020130,SUBJ_032233,Write name on leg,48,4
SEQ_020138,SUBJ_027682,Cheek - pinch skin,54,4
SEQ_020146,SUBJ_061552,Drink from bottle/cup,124,0
SEQ_020150,SUBJ_052342,Text on phone,187,3
SEQ_020151,SUBJ_039498,Neck - scratch,58,0
SEQ_020153,SUBJ_011323,Above ear - pull hair,47,2
SEQ_020172,SUBJ_064387,Text on phone,148,4
SEQ_020176,SUBJ_039234,Text on phone,81,4
SEQ_020177,SUBJ_027671,Forehead - pull hairline,55,1
SEQ_020185,SUBJ_011323,Drink from bottle/cup,71,2
SEQ_020186,SUBJ_021670,Forehead - scratch,60,2
SEQ_020189,SUBJ_003328,Forehead - scratch,64,3
SEQ_020191,SUBJ_063447,Forehead - scratch,52,0
SEQ_020193,SUBJ_027671,Neck - scratch,68,1
SEQ_020203,SUBJ_040733,Glasses on/off,58,0
SEQ_020225,SUBJ_028998,Forehead - pull hairline,75,1
SEQ_020231,SUBJ_024137,Cheek - pinch skin,46,3
SEQ_020239,SUBJ_032704,Forehead - scratch,99,1
SEQ_020241,SUBJ_035353,Glasses on/off,147,3
SEQ_020242,SUBJ_032761,Glasses on/off,155,2
SEQ_020245,SUBJ_061552,Write name in air,56,0
SEQ_020246,SUBJ_038277,Neck - pinch skin,92,0
SEQ_020248,SUBJ_027682,Neck - scratch,50,4
SEQ_020249,SUBJ_056936,Above ear - pull hair,49,4
SEQ_020273,SUBJ_019297,Write name in air,78,3
SEQ_020279,SUBJ_043192,Forehead - pull hairline,83,3
SEQ_020280,SUBJ_053217,Eyelash - pull hair,55,4
SEQ_020286,SUBJ_024086,Text on phone,84,2
SEQ_020295,SUBJ_051942,Forehead - scratch,54,2
SEQ_020322,SUBJ_008304,Forehead - pull hairline,50,0
SEQ_020325,SUBJ_063346,Write name on leg,58,2
SEQ_020334,SUBJ_017807,Pinch knee/leg skin,83,1
SEQ_020348,SUBJ_044680,Scratch knee/leg skin,55,3
SEQ_020357,SUBJ_043192,Text on phone,106,3
SEQ_020361,SUBJ_042254,Forehead - pull hairline,49,1
SEQ_020365,SUBJ_041770,Text on phone,63,1
SEQ_020368,SUBJ_042794,Pinch knee/leg skin,63,0
SEQ_020377,SUBJ_011323,Forehead - scratch,61,2
SEQ_020382,SUBJ_055211,Eyelash - pull hair,47,2
SEQ_020384,SUBJ_030676,Write name in air,65,4
SEQ_020387,SUBJ_032761,Neck - scratch,213,2
SEQ_020388,SUBJ_038277,Cheek - pinch skin,100,0
SEQ_020390,SUBJ_001430,Neck - scratch,78,0
SEQ_020394,SUBJ_063319,Pinch knee/leg skin,67,4
SEQ_020398,SUBJ_039498,Drink from bottle/cup,61,0
SEQ_020403,SUBJ_040282,Cheek - pinch skin,47,1
SEQ_020407,SUBJ_045235,Eyelash - pull hair,46,1
SEQ_020420,SUBJ_053906,Glasses on/off,93,1
SEQ_020423,SUBJ_040310,Cheek - pinch skin,51,1
SEQ_020437,SUBJ_001430,Neck - scratch,73,0
SEQ_020451,SUBJ_016552,Pinch knee/leg skin,63,0
SEQ_020452,SUBJ_059330,Pull air toward your face,53,4
SEQ_020463,SUBJ_052342,Pull air toward your face,78,3
SEQ_020472,SUBJ_047636,Wave hello,52,0
SEQ_020473,SUBJ_063346,Forehead - pull hairline,49,2
SEQ_020482,SUBJ_026824,Pull air toward your face,50,4
SEQ_020485,SUBJ_027682,Eyelash - pull hair,53,4
SEQ_020495,SUBJ_003328,Forehead - pull hairline,52,3
SEQ_020496,SUBJ_028998,Above ear - pull hair,50,1
SEQ_020526,SUBJ_028998,Scratch knee/leg skin,57,1
SEQ_020527,SUBJ_042794,Scratch knee/leg skin,137,0
SEQ_020529,SUBJ_040282,Neck - pinch skin,150,1
SEQ_020530,SUBJ_002923,Neck - scratch,55,3
SEQ_020537,SUBJ_024086,Scratch knee/leg skin,108,2
SEQ_020544,SUBJ_016552,Forehead - scratch,52,0
SEQ_020547,SUBJ_054811,Pinch knee/leg skin,53,3
SEQ_020556,SUBJ_042794,Forehead - scratch,48,0
SEQ_020567,SUBJ_032233,Wave hello,58,4
SEQ_020585,SUBJ_063447,Cheek - pinch skin,59,0
SEQ_020598,SUBJ_055211,Eyebrow - pull hair,83,2
SEQ_020603,SUBJ_024825,Neck - pinch skin,50,4
SEQ_020617,SUBJ_040282,Forehead - pull hairline,55,1
SEQ_020628,SUBJ_021670,Glasses on/off,192,2
SEQ_020633,SUBJ_040106,Eyebrow - pull hair,98,0
SEQ_020635,SUBJ_051942,Pull air toward your face,55,2
SEQ_020642,SUBJ_042779,Cheek - pinch skin,43,1
SEQ_020643,SUBJ_032761,Eyebrow - pull hair,57,2
SEQ_020649,SUBJ_001430,Eyelash - pull hair,135,0
SEQ_020656,SUBJ_019756,Pull air toward your face,47,4
SEQ_020657,SUBJ_034574,Pinch knee/leg skin,73,3
SEQ_020680,SUBJ_027682,Eyebrow - pull hair,52,4
SEQ_020681,SUBJ_040282,Wave hello,53,1
SEQ_020686,SUBJ_003328,Scratch knee/leg skin,52,3
SEQ_020687,SUBJ_040282,Neck - scratch,56,1
SEQ_020693,SUBJ_057917,Neck - scratch,83,2
SEQ_020699,SUBJ_016552,Neck - pinch skin,50,0
SEQ_020714,SUBJ_034631,Forehead - scratch,69,3
SEQ_020720,SUBJ_023739,Write name in air,109,2
SEQ_020729,SUBJ_053906,Above ear - pull hair,49,1
SEQ_020730,SUBJ_032585,Eyelash - pull hair,89,3
SEQ_020731,SUBJ_056936,Drink from bottle/cup,65,4
SEQ_020734,SUBJ_028998,Eyebrow - pull hair,59,1
SEQ_020736,SUBJ_019297,Eyelash - pull hair,57,3
SEQ_020742,SUBJ_002923,Eyelash - pull hair,50,3
SEQ_020745,SUBJ_040733,Eyelash - pull hair,56,0
SEQ_020754,SUBJ_019262,Neck - scratch,70,0
SEQ_020759,SUBJ_038277,Eyelash - pull hair,101,0
SEQ_020787,SUBJ_008728,Eyebrow - pull hair,48,2
SEQ_020796,SUBJ_040724,Wave hello,50,2
SEQ_020801,SUBJ_051942,Above ear - pull hair,56,2
SEQ_020802,SUBJ_019663,Eyelash - pull hair,48,1
SEQ_020813,SUBJ_021670,Neck - scratch,54,2
SEQ_020830,SUBJ_059960,Forehead - scratch,54,1
SEQ_020833,SUBJ_054811,Wave hello,54,3
SEQ_020837,SUBJ_040282,Eyebrow - pull hair,72,1
SEQ_020841,SUBJ_001430,Pull air toward your face,59,0
SEQ_020846,SUBJ_063346,Above ear - pull hair,72,2
SEQ_020849,SUBJ_017499,Neck - pinch skin,51,4
SEQ_020851,SUBJ_045235,Text on phone,59,1
SEQ_020869,SUBJ_059960,Text on phone,94,1
SEQ_020883,SUBJ_053173,Wave hello,53,1
SEQ_020895,SUBJ_027682,Eyebrow - pull hair,50,4
SEQ_020923,SUBJ_059520,Forehead - pull hairline,99,1
SEQ_020932,SUBJ_040106,Pull air toward your face,48,0
SEQ_020940,SUBJ_024086,Pull air toward your face,65,2
SEQ_020949,SUBJ_027682,Eyebrow - pull hair,45,4
SEQ_020956,SUBJ_032165,Neck - pinch skin,59,1
SEQ_020957,SUBJ_026824,Feel around in tray and pull out an object,72,4
SEQ_020969,SUBJ_017807,Eyebrow - pull hair,116,1
SEQ_020974,SUBJ_040733,Scratch knee/leg skin,53,0
SEQ_020980,SUBJ_020948,Write name in air,47,0
SEQ_020990,SUBJ_039498,Neck - scratch,95,0
SEQ_020999,SUBJ_012088,Forehead - pull hairline,95,0
SEQ_021009,SUBJ_013623,Neck - pinch skin,53,4
SEQ_021019,SUBJ_036405,Pinch knee/leg skin,55,4
SEQ_021022,SUBJ_063319,Above ear - pull hair,116,4
SEQ_021026,SUBJ_008728,Wave hello,47,2
SEQ_021028,SUBJ_039234,Forehead - scratch,53,4
SEQ_021035,SUBJ_042779,Above ear - pull hair,53,1
SEQ_021040,SUBJ_000206,Drink from bottle/cup,56,2
SEQ_021042,SUBJ_038023,Neck - pinch skin,46,3
SEQ_021043,SUBJ_059960,Text on phone,157,1
SEQ_021047,SUBJ_038277,Cheek - pinch skin,106,0
SEQ_021052,SUBJ_063346,Cheek - pinch skin,54,2
SEQ_021054,SUBJ_044680,Eyelash - pull hair,54,3
SEQ_021064,SUBJ_017807,Forehead - scratch,51,1
SEQ_021068,SUBJ_038023,Cheek - pinch skin,48,3
SEQ_021069,SUBJ_047636,Neck - pinch skin,59,0
SEQ_021078,SUBJ_042254,Glasses on/off,53,1
SEQ_021093,SUBJ_032761,Wave hello,57,2
SEQ_021101,SUBJ_039498,Wave hello,59,0
SEQ_021107,SUBJ_027682,Cheek - pinch skin,83,4
SEQ_021124,SUBJ_027682,Forehead - pull hairline,46,4
SEQ_021126,SUBJ_057917,Neck - pinch skin,46,2
SEQ_021133,SUBJ_056936,Forehead - scratch,52,4
SEQ_021142,SUBJ_027682,Forehead - pull hairline,51,4
SEQ_021151,SUBJ_024137,Forehead - scratch,51,3
SEQ_021158,SUBJ_032233,Neck - pinch skin,53,4
SEQ_021159,SUBJ_038709,Forehead - pull hairline,51,4
SEQ_021163,SUBJ_003328,Above ear - pull hair,53,3
SEQ_021170,SUBJ_036450,Feel around in tray and pull out an object,64,2
SEQ_021185,SUBJ_058967,Text on phone,87,4
SEQ_021187,SUBJ_040310,Forehead - scratch,46,1
SEQ_021189,SUBJ_057917,Eyelash - pull hair,50,2
SEQ_021195,SUBJ_017170,Pull air toward your face,77,2
SEQ_021208,SUBJ_039498,Write name in air,78,0
SEQ_021232,SUBJ_019756,Eyelash - pull hair,54,4
SEQ_021246,SUBJ_053217,Text on phone,360,4
SEQ_021248,SUBJ_063319,Pull air toward your face,50,4
SEQ_021255,SUBJ_027682,Write name in air,47,4
SEQ_021257,SUBJ_056936,Write name on leg,52,4
SEQ_021258,SUBJ_042254,Cheek - pinch skin,54,1
SEQ_021273,SUBJ_039234,Neck - scratch,54,4
SEQ_021289,SUBJ_058967,Forehead - scratch,59,4
SEQ_021297,SUBJ_040310,Forehead - scratch,45,1
SEQ_021302,SUBJ_054811,Pull air toward your face,106,3
SEQ_021310,SUBJ_016552,Cheek - pinch skin,53,0
SEQ_021311,SUBJ_028998,Cheek - pinch skin,71,1
SEQ_021315,SUBJ_052342,Feel around in tray and pull out an object,304,3
SEQ_021326,SUBJ_055211,Forehead - pull hairline,47,2
SEQ_021327,SUBJ_024825,Eyelash - pull hair,47,4
SEQ_021328,SUBJ_053173,Neck - pinch skin,82,1
SEQ_021329,SUBJ_032585,Cheek - pinch skin,68,3
SEQ_021335,SUBJ_011323,Feel around in tray and pull out an object,189,2
SEQ_021338,SUBJ_044680,Write name in air,71,3
SEQ_021344,SUBJ_001430,Wave hello,53,0
SEQ_021354,SUBJ_038709,Pull air toward your face,46,4
SEQ_021359,SUBJ_040724,Wave hello,50,2
SEQ_021365,SUBJ_008728,Scratch knee/leg skin,87,2
SEQ_021379,SUBJ_023739,Neck - pinch skin,58,2
SEQ_021386,SUBJ_063346,Cheek - pinch skin,51,2
SEQ_021391,SUBJ_021670,Feel around in tray and pull out an object,91,2
SEQ_021399,SUBJ_040310,Write name in air,44,1
SEQ_021406,SUBJ_008304,Write name in air,52,0
SEQ_021411,SUBJ_040733,Pinch knee/leg skin,109,0
SEQ_021412,SUBJ_019663,Text on phone,59,1
SEQ_021416,SUBJ_020948,Write name in air,61,0
SEQ_021420,SUBJ_023739,Write name on leg,51,2
SEQ_021427,SUBJ_042794,Forehead - scratch,63,0
SEQ_021429,SUBJ_053906,Eyelash - pull hair,83,1
SEQ_021452,SUBJ_055211,Pinch knee/leg skin,96,2
SEQ_021457,SUBJ_042779,Forehead - pull hairline,70,1
SEQ_021467,SUBJ_042779,Feel around in tray and pull out an object,68,1
SEQ_021472,SUBJ_042779,Forehead - pull hairline,47,1
SEQ_021487,SUBJ_053173,Eyebrow - pull hair,51,1
SEQ_021494,SUBJ_027671,Pinch knee/leg skin,64,1
SEQ_021516,SUBJ_059520,Forehead - scratch,100,1
SEQ_021530,SUBJ_038277,Forehead - scratch,103,0
SEQ_021537,SUBJ_035353,Above ear - pull hair,56,3
SEQ_021540,SUBJ_042254,Wave hello,52,1
SEQ_021558,SUBJ_003328,Neck - pinch skin,48,3
SEQ_021568,SUBJ_059960,Text on phone,76,1
SEQ_021571,SUBJ_040724,Neck - pinch skin,46,2
SEQ_021581,SUBJ_040724,Forehead - pull hairline,64,2
SEQ_021590,SUBJ_004117,Cheek - pinch skin,59,3
SEQ_021595,SUBJ_027671,Wave hello,53,1
SEQ_021609,SUBJ_032704,Pinch knee/leg skin,105,1
SEQ_021610,SUBJ_024825,Eyebrow - pull hair,50,4
SEQ_021611,SUBJ_042779,Forehead - pull hairline,51,1
SEQ_021619,SUBJ_042794,Pull air toward your face,52,0
SEQ_021620,SUBJ_064387,Pull air toward your face,46,4
SEQ_021621,SUBJ_032165,Pull air toward your face,105,1
SEQ_021627,SUBJ_035353,Text on phone,61,3
SEQ_021629,SUBJ_059330,Neck - scratch,52,4
SEQ_021642,SUBJ_055211,Above ear - pull hair,89,2
SEQ_021646,SUBJ_058786,Neck - scratch,59,2
SEQ_021650,SUBJ_047636,Glasses on/off,64,0
SEQ_021655,SUBJ_063464,Drink from bottle/cup,56,2
SEQ_021666,SUBJ_017499,Above ear - pull hair,52,4
SEQ_021667,SUBJ_043192,Pull air toward your face,48,3
SEQ_021670,SUBJ_035353,Eyelash - pull hair,69,3
SEQ_021672,SUBJ_019663,Neck - scratch,68,1
SEQ_021675,SUBJ_039234,Cheek - pinch skin,41,4
SEQ_021741,SUBJ_041243,Pinch knee/leg skin,90,0
SEQ_021746,SUBJ_059330,Eyebrow - pull hair,57,4
SEQ_021762,SUBJ_041770,Text on phone,60,1
SEQ_021779,SUBJ_019262,Eyebrow - pull hair,59,0
SEQ_021795,SUBJ_017807,Cheek - pinch skin,50,1
SEQ_021808,SUBJ_059520,Glasses on/off,68,1
SEQ_021819,SUBJ_019262,Wave hello,54,0
SEQ_021830,SUBJ_059960,Above ear - pull hair,85,1
SEQ_021831,SUBJ_027671,Pull air toward your face,70,1
SEQ_021836,SUBJ_019663,Neck - scratch,47,1
SEQ_021838,SUBJ_053173,Wave hello,54,1
SEQ_021843,SUBJ_017499,Pull air toward your face,51,4
SEQ_021846,SUBJ_052342,Eyebrow - pull hair,73,3
SEQ_021862,SUBJ_057917,Cheek - pinch skin,48,2
SEQ_021864,SUBJ_059960,Forehead - scratch,52,1
SEQ_021867,SUBJ_020948,Eyebrow - pull hair,59,0
SEQ_021886,SUBJ_024137,Eyelash - pull hair,53,3
SEQ_021890,SUBJ_043192,Write name in air,60,3
SEQ_021893,SUBJ_044680,Cheek - pinch skin,54,3
SEQ_021897,SUBJ_003328,Eyelash - pull hair,200,3
SEQ_021927,SUBJ_012088,Cheek - pinch skin,50,0
SEQ_021931,SUBJ_057917,Above ear - pull hair,59,2
SEQ_021933,SUBJ_040310,Forehead - scratch,52,1
SEQ_021936,SUBJ_059330,Neck - pinch skin,52,4
SEQ_021937,SUBJ_013623,Text on phone,72,4
SEQ_021938,SUBJ_041243,Write name in air,74,0
SEQ_021940,SUBJ_049223,Eyelash - pull hair,51,0
SEQ_021944,SUBJ_052342,Text on phone,238,3
SEQ_021950,SUBJ_000206,Cheek - pinch skin,65,2
SEQ_021952,SUBJ_049223,Eyelash - pull hair,83,0
SEQ_021969,SUBJ_040724,Drink from bottle/cup,98,2
SEQ_021974,SUBJ_056936,Cheek - pinch skin,63,4
SEQ_021982,SUBJ_042254,Eyebrow - pull hair,247,1
SEQ_021985,SUBJ_026460,Text on phone,208,3
SEQ_021991,SUBJ_034631,Eyebrow - pull hair,178,3
SEQ_022006,SUBJ_045235,Eyebrow - pull hair,53,1
SEQ_022010,SUBJ_002923,Forehead - pull hairline,80,3
SEQ_022014,SUBJ_016552,Eyelash - pull hair,44,0
SEQ_022018,SUBJ_034631,Forehead - pull hairline,65,3
SEQ_022020,SUBJ_063319,Neck - scratch,70,4
SEQ_022023,SUBJ_041770,Neck - pinch skin,54,1
SEQ_022055,SUBJ_036450,Text on phone,93,2
SEQ_022060,SUBJ_024825,Cheek - pinch skin,51,4
SEQ_022068,SUBJ_063346,Write name in air,55,2
SEQ_022071,SUBJ_017170,Text on phone,118,2
SEQ_022075,SUBJ_017807,Forehead - pull hairline,99,1
SEQ_022078,SUBJ_055211,Eyelash - pull hair,52,2
SEQ_022087,SUBJ_026460,Above ear - pull hair,64,3
SEQ_022093,SUBJ_034631,Neck - pinch skin,59,3
SEQ_022099,SUBJ_040724,Above ear - pull hair,55,2
SEQ_022103,SUBJ_038023,Neck - pinch skin,52,3
SEQ_022118,SUBJ_024825,Text on phone,58,4
SEQ_022128,SUBJ_063346,Feel around in tray and pull out an object,156,2
SEQ_022135,SUBJ_032761,Eyebrow - pull hair,51,2
SEQ_022146,SUBJ_035353,Forehead - pull hairline,58,3
SEQ_022158,SUBJ_019756,Wave hello,49,4
SEQ_022162,SUBJ_053906,Cheek - pinch skin,59,1
SEQ_022164,SUBJ_026824,Write name in air,89,4
SEQ_022180,SUBJ_023739,Eyelash - pull hair,74,2
SEQ_022189,SUBJ_027671,Write name in air,76,1
SEQ_022191,SUBJ_030676,Forehead - scratch,102,4
SEQ_022195,SUBJ_040724,Forehead - pull hairline,53,2
SEQ_022199,SUBJ_017170,Wave hello,99,2
SEQ_022207,SUBJ_049223,Eyelash - pull hair,76,0
SEQ_022230,SUBJ_000206,Write name on leg,77,2
SEQ_022235,SUBJ_026460,Eyebrow - pull hair,49,3
SEQ_022242,SUBJ_040106,Pull air toward your face,55,0
SEQ_022253,SUBJ_063346,Feel around in tray and pull out an object,70,2
SEQ_022254,SUBJ_040310,Neck - scratch,85,1
SEQ_022265,SUBJ_032585,Eyebrow - pull hair,60,3
SEQ_022267,SUBJ_004117,Forehead - pull hairline,49,3
SEQ_022281,SUBJ_056936,Text on phone,66,4
SEQ_022282,SUBJ_063319,Forehead - scratch,56,4
SEQ_022285,SUBJ_044680,Feel around in tray and pull out an object,127,3
SEQ_022290,SUBJ_021670,Cheek - pinch skin,53,2
SEQ_022293,SUBJ_032704,Pull air toward your face,53,1
SEQ_022295,SUBJ_054811,Write name in air,103,3
SEQ_022316,SUBJ_036450,Forehead - scratch,46,2
SEQ_022322,SUBJ_036405,Scratch knee/leg skin,80,4
SEQ_022324,SUBJ_056936,Write name in air,50,4
SEQ_022325,SUBJ_027671,Write name on leg,49,1
SEQ_022327,SUBJ_042794,Write name in air,94,0
SEQ_022340,SUBJ_053173,Forehead - scratch,81,1
SEQ_022355,SUBJ_053217,Eyelash - pull hair,57,4
SEQ_022376,SUBJ_023739,Pull air toward your face,70,2
SEQ_022382,SUBJ_019663,Above ear - pull hair,47,1
SEQ_022385,SUBJ_064387,Neck - pinch skin,97,4
SEQ_022389,SUBJ_061552,Text on phone,62,0
SEQ_022392,SUBJ_020948,Text on phone,56,0
SEQ_022399,SUBJ_024137,Forehead - pull hairline,53,3
SEQ_022407,SUBJ_016552,Forehead - scratch,50,0
SEQ_022409,SUBJ_011323,Eyebrow - pull hair,80,2
SEQ_022412,SUBJ_028998,Wave hello,47,1
SEQ_022435,SUBJ_059330,Above ear - pull hair,53,4
SEQ_022448,SUBJ_056936,Eyelash - pull hair,47,4
SEQ_022452,SUBJ_032233,Neck - scratch,56,4
SEQ_022453,SUBJ_021670,Write name in air,52,2
SEQ_022474,SUBJ_030676,Pull air toward your face,84,4
SEQ_022493,SUBJ_036450,Eyelash - pull hair,57,2
SEQ_022503,SUBJ_040724,Write name in air,52,2
SEQ_022505,SUBJ_049223,Above ear - pull hair,64,0
SEQ_022532,SUBJ_052342,Scratch knee/leg skin,63,3
SEQ_022535,SUBJ_063346,Cheek - pinch skin,65,2
SEQ_022557,SUBJ_024825,Drink from bottle/cup,58,4
SEQ_022558,SUBJ_059960,Wave hello,91,1
SEQ_022559,SUBJ_061552,Glasses on/off,100,0
SEQ_022570,SUBJ_008728,Eyebrow - pull hair,54,2
SEQ_022578,SUBJ_019262,Forehead - scratch,50,0
SEQ_022592,SUBJ_049223,Write name on leg,58,0
SEQ_022595,SUBJ_028998,Drink from bottle/cup,161,1
SEQ_022596,SUBJ_059520,Write name in air,58,1
SEQ_022605,SUBJ_038277,Wave hello,56,0
SEQ_022611,SUBJ_063319,Write name in air,45,4
SEQ_022625,SUBJ_053173,Text on phone,82,1
SEQ_022635,SUBJ_019663,Pull air toward your face,48,1
SEQ_022637,SUBJ_032761,Pull air toward your face,63,2
SEQ_022639,SUBJ_017499,Pull air toward your face,54,4
SEQ_022646,SUBJ_035353,Forehead - scratch,47,3
SEQ_022651,SUBJ_036450,Forehead - scratch,48,2
SEQ_022657,SUBJ_034574,Text on phone,87,3
SEQ_022664,SUBJ_019756,Eyebrow - pull hair,51,4
SEQ_022667,SUBJ_040282,Drink from bottle/cup,34,1
SEQ_022678,SUBJ_054811,Neck - pinch skin,58,3
SEQ_022681,SUBJ_017499,Neck - pinch skin,89,4
SEQ_022686,SUBJ_012088,Cheek - pinch skin,96,0
SEQ_022692,SUBJ_027682,Neck - scratch,58,4
SEQ_022694,SUBJ_017170,Neck - pinch skin,62,2
SEQ_022700,SUBJ_053173,Forehead - pull hairline,68,1
SEQ_022702,SUBJ_019297,Text on phone,63,3
SEQ_022707,SUBJ_051942,Pull air toward your face,71,2
SEQ_022709,SUBJ_057917,Write name on leg,79,2
SEQ_022726,SUBJ_011323,Wave hello,85,2
SEQ_022738,SUBJ_040106,Text on phone,60,0
SEQ_022740,SUBJ_017499,Cheek - pinch skin,58,4
SEQ_022749,SUBJ_032233,Neck - scratch,51,4
SEQ_022767,SUBJ_038709,Forehead - pull hairline,51,4
SEQ_022773,SUBJ_058967,Neck - scratch,122,4
SEQ_022779,SUBJ_052342,Forehead - pull hairline,101,3
SEQ_022791,SUBJ_041770,Neck - scratch,112,1
SEQ_022792,SUBJ_039234,Eyebrow - pull hair,54,4
SEQ_022798,SUBJ_032165,Neck - scratch,77,1
SEQ_022811,SUBJ_036450,Text on phone,81,2
SEQ_022813,SUBJ_058786,Forehead - pull hairline,96,2
SEQ_022845,SUBJ_040724,Neck - scratch,81,2
SEQ_022851,SUBJ_051942,Neck - pinch skin,52,2
SEQ_022852,SUBJ_047636,Cheek - pinch skin,50,0
SEQ_022855,SUBJ_019262,Above ear - pull hair,56,0
SEQ_022875,SUBJ_019297,Forehead - scratch,55,3
SEQ_022892,SUBJ_054811,Eyebrow - pull hair,52,3
SEQ_022898,SUBJ_043192,Cheek - pinch skin,45,3
SEQ_022912,SUBJ_023739,Feel around in tray and pull out an object,77,2
SEQ_022924,SUBJ_051942,Neck - scratch,53,2
SEQ_022927,SUBJ_011323,Cheek - pinch skin,56,2
SEQ_022929,SUBJ_052342,Cheek - pinch skin,68,3
SEQ_022976,SUBJ_059960,Neck - pinch skin,56,1
SEQ_022980,SUBJ_019262,Above ear - pull hair,69,0
SEQ_022983,SUBJ_055211,Eyelash - pull hair,51,2
SEQ_022986,SUBJ_001430,Above ear - pull hair,53,0
SEQ_022991,SUBJ_003328,Write name on leg,70,3
SEQ_023000,SUBJ_036405,Eyebrow - pull hair,61,4
SEQ_023020,SUBJ_058967,Pull air toward your face,67,4
SEQ_023032,SUBJ_059520,Eyebrow - pull hair,54,1
SEQ_023036,SUBJ_032585,Forehead - scratch,94,3
SEQ_023041,SUBJ_024825,Cheek - pinch skin,50,4
SEQ_023043,SUBJ_019663,Cheek - pinch skin,83,1
SEQ_023047,SUBJ_034574,Neck - pinch skin,45,3
SEQ_023049,SUBJ_000206,Pull air toward your face,60,2
SEQ_023056,SUBJ_012088,Wave hello,100,0
SEQ_023057,SUBJ_003328,Neck - scratch,332,3
SEQ_023058,SUBJ_050642,Forehead - scratch,85,3
SEQ_023060,SUBJ_052342,Eyelash - pull hair,59,3
SEQ_023084,SUBJ_039234,Forehead - pull hairline,51,4
SEQ_023089,SUBJ_058967,Eyelash - pull hair,108,4
SEQ_023095,SUBJ_027671,Text on phone,78,1
SEQ_023097,SUBJ_017170,Write name on leg,44,2
SEQ_023100,SUBJ_012088,Pull air toward your face,54,0
SEQ_023104,SUBJ_032704,Cheek - pinch skin,51,1
SEQ_023116,SUBJ_024137,Pinch knee/leg skin,49,3
SEQ_023118,SUBJ_063464,Cheek - pinch skin,48,2
SEQ_023120,SUBJ_002923,Write name in air,100,3
SEQ_023131,SUBJ_045235,Forehead - scratch,70,1
SEQ_023134,SUBJ_024086,Cheek - pinch skin,48,2
SEQ_023153,SUBJ_040310,Wave hello,47,1
SEQ_023160,SUBJ_041243,Wave hello,97,0
SEQ_023162,SUBJ_050642,Neck - scratch,88,3
SEQ_023181,SUBJ_059960,Text on phone,114,1
SEQ_023182,SUBJ_039498,Forehead - scratch,61,0
SEQ_023203,SUBJ_045235,Above ear - pull hair,45,1
SEQ_023210,SUBJ_063319,Eyebrow - pull hair,75,4
SEQ_023214,SUBJ_063447,Eyebrow - pull hair,53,0
SEQ_023215,SUBJ_040310,Glasses on/off,93,1
SEQ_023224,SUBJ_050642,Forehead - scratch,115,3
SEQ_023237,SUBJ_058786,Eyelash - pull hair,54,2
SEQ_023239,SUBJ_040733,Eyebrow - pull hair,47,0
SEQ_023240,SUBJ_042254,Above ear - pull hair,51,1
SEQ_023247,SUBJ_038277,Neck - scratch,56,0
SEQ_023252,SUBJ_027682,Text on phone,68,4
SEQ_023257,SUBJ_002923,Feel around in tray and pull out an object,78,3
SEQ_023266,SUBJ_017499,Eyelash - pull hair,52,4
SEQ_023267,SUBJ_024825,Write name in air,104,4
SEQ_023285,SUBJ_027671,Wave hello,45,1
SEQ_023307,SUBJ_024137,Eyelash - pull hair,73,3
SEQ_023314,SUBJ_042254,Neck - scratch,51,1
SEQ_023319,SUBJ_059330,Pull air toward your face,59,4
SEQ_023336,SUBJ_057917,Neck - scratch,47,2
SEQ_023341,SUBJ_001430,Forehead - scratch,51,0
SEQ_023358,SUBJ_019663,Pull air toward your face,63,1
SEQ_023397,SUBJ_036450,Eyebrow - pull hair,54,2
SEQ_023406,SUBJ_019297,Text on phone,69,3
SEQ_023410,SUBJ_061552,Eyelash - pull hair,55,0
SEQ_023416,SUBJ_035353,Write name on leg,42,3
SEQ_023422,SUBJ_000206,Forehead - pull hairline,47,2
SEQ_023423,SUBJ_026824,Neck - scratch,173,4
SEQ_023428,SUBJ_044680,Text on phone,49,3
SEQ_023433,SUBJ_063319,Neck - scratch,52,4
SEQ_023439,SUBJ_044680,Above ear - pull hair,56,3
SEQ_023441,SUBJ_040106,Neck - pinch skin,49,0
SEQ_023450,SUBJ_039234,Eyelash - pull hair,51,4
SEQ_023455,SUBJ_004117,Neck - scratch,52,3
SEQ_023456,SUBJ_017170,Write name in air,41,2
SEQ_023457,SUBJ_063464,Neck - scratch,50,2
SEQ_023458,SUBJ_038277,Above ear - pull hair,55,0
SEQ_023465,SUBJ_040282,Pinch knee/leg skin,51,1
SEQ_023508,SUBJ_063447,Cheek - pinch skin,56,0
SEQ_023517,SUBJ_036450,Wave hello,89,2
SEQ_023520,SUBJ_021670,Neck - scratch,179,2
SEQ_023534,SUBJ_058967,Forehead - scratch,110,4
SEQ_023542,SUBJ_061552,Forehead - pull hairline,104,0
SEQ_023548,SUBJ_032761,Write name in air,80,2
SEQ_023550,SUBJ_050642,Neck - pinch skin,61,3
SEQ_023551,SUBJ_023739,Drink from bottle/cup,69,2
SEQ_023562,SUBJ_036450,Forehead - pull hairline,61,2
SEQ_023568,SUBJ_042254,Pull air toward your face,65,1
SEQ_023569,SUBJ_024137,Eyelash - pull hair,52,3
SEQ_023591,SUBJ_019663,Eyebrow - pull hair,111,1
SEQ_023594,SUBJ_004117,Forehead - pull hairline,56,3
SEQ_023596,SUBJ_012088,Neck - scratch,65,0
SEQ_023597,SUBJ_047636,Write name in air,78,0
SEQ_023600,SUBJ_041770,Eyebrow - pull hair,60,1
SEQ_023614,SUBJ_030676,Eyelash - pull hair,103,4
SEQ_023618,SUBJ_032165,Neck - pinch skin,48,1
SEQ_023621,SUBJ_032761,Above ear - pull hair,53,2
SEQ_023632,SUBJ_021670,Eyelash - pull hair,55,2
SEQ_023650,SUBJ_063447,Neck - scratch,56,0
SEQ_023652,SUBJ_040106,Write name in air,50,0
SEQ_023676,SUBJ_056936,Wave hello,144,4
SEQ_023691,SUBJ_027682,Forehead - pull hairline,69,4
SEQ_023693,SUBJ_032585,Cheek - pinch skin,56,3
SEQ_023694,SUBJ_003328,Write name in air,48,3
SEQ_023706,SUBJ_057917,Write name in air,73,2
SEQ_023711,SUBJ_038277,Forehead - pull hairline,62,0
SEQ_023727,SUBJ_032761,Neck - scratch,139,2
SEQ_023735,SUBJ_003328,Cheek - pinch skin,47,3
SEQ_023749,SUBJ_017499,Neck - scratch,88,4
SEQ_023757,SUBJ_008304,Wave hello,51,0
SEQ_023760,SUBJ_051942,Text on phone,67,2
SEQ_023769,SUBJ_027671,Wave hello,53,1
SEQ_023785,SUBJ_040733,Wave hello,64,0
SEQ_023795,SUBJ_040733,Neck - scratch,69,0
SEQ_023803,SUBJ_027671,Above ear - pull hair,51,1
SEQ_023806,SUBJ_017807,Pull air toward your face,82,1
SEQ_023819,SUBJ_019756,Forehead - pull hairline,86,4
SEQ_023821,SUBJ_008304,Forehead - scratch,97,0
SEQ_023834,SUBJ_024086,Eyelash - pull hair,51,2
SEQ_023845,SUBJ_063319,Neck - scratch,45,4
SEQ_023850,SUBJ_058786,Neck - scratch,56,2
SEQ_023851,SUBJ_041243,Eyebrow - pull hair,63,0
SEQ_023869,SUBJ_019262,Above ear - pull hair,48,0
SEQ_023887,SUBJ_055211,Forehead - pull hairline,48,2
SEQ_023925,SUBJ_003328,Forehead - pull hairline,48,3
SEQ_023928,SUBJ_053217,Eyebrow - pull hair,59,4
SEQ_023939,SUBJ_047636,Above ear - pull hair,92,0
SEQ_023940,SUBJ_040724,Eyelash - pull hair,52,2
SEQ_023959,SUBJ_038277,Neck - pinch skin,59,0
SEQ_023962,SUBJ_047636,Forehead - pull hairline,89,0
SEQ_023965,SUBJ_020948,Forehead - pull hairline,53,0
SEQ_023966,SUBJ_064387,Forehead - scratch,56,4
SEQ_023974,SUBJ_058967,Write name in air,64,4
SEQ_023975,SUBJ_053173,Write name in air,60,1
SEQ_023987,SUBJ_040282,Wave hello,134,1
SEQ_023996,SUBJ_064387,Text on phone,68,4
SEQ_024013,SUBJ_000206,Cheek - pinch skin,66,2
SEQ_024035,SUBJ_039498,Pull air toward your face,83,0
SEQ_024041,SUBJ_001430,Wave hello,81,0
SEQ_024048,SUBJ_063447,Eyelash - pull hair,49,0
SEQ_024057,SUBJ_044680,Neck - scratch,139,3
SEQ_024064,SUBJ_052342,Eyelash - pull hair,62,3
SEQ_024067,SUBJ_024086,Neck - pinch skin,72,2
SEQ_024077,SUBJ_021670,Neck - scratch,108,2
SEQ_024093,SUBJ_044680,Eyelash - pull hair,66,3
SEQ_024095,SUBJ_051942,Write name in air,55,2
SEQ_024098,SUBJ_013623,Cheek - pinch skin,67,4
SEQ_024104,SUBJ_053906,Write name on leg,75,1
SEQ_024118,SUBJ_002923,Cheek - pinch skin,66,3
SEQ_024119,SUBJ_026460,Forehead - pull hairline,46,3
SEQ_024122,SUBJ_024137,Eyebrow - pull hair,50,3
SEQ_024182,SUBJ_061552,Neck - pinch skin,53,0
SEQ_024187,SUBJ_056936,Neck - scratch,80,4
SEQ_024189,SUBJ_042779,Wave hello,105,1
SEQ_024191,SUBJ_032165,Eyebrow - pull hair,82,1
SEQ_024192,SUBJ_063464,Wave hello,56,2
SEQ_024199,SUBJ_043192,Pull air toward your face,67,3
SEQ_024200,SUBJ_002923,Forehead - scratch,54,3
SEQ_024214,SUBJ_064387,Wave hello,80,4
SEQ_024227,SUBJ_036450,Write name in air,59,2
SEQ_024232,SUBJ_039498,Neck - pinch skin,60,0
SEQ_024239,SUBJ_012088,Neck - pinch skin,90,0
SEQ_024240,SUBJ_032704,Cheek - pinch skin,86,1
SEQ_024241,SUBJ_059330,Above ear - pull hair,52,4
SEQ_024252,SUBJ_059960,Neck - pinch skin,56,1
SEQ_024263,SUBJ_004117,Scratch knee/leg skin,52,3
SEQ_024271,SUBJ_021670,Wave hello,96,2
SEQ_024281,SUBJ_027671,Text on phone,69,1
SEQ_024293,SUBJ_019756,Wave hello,68,4
SEQ_024297,SUBJ_039498,Above ear - pull hair,89,0
SEQ_024304,SUBJ_026460,Above ear - pull hair,69,3
SEQ_024328,SUBJ_038709,Text on phone,60,4
SEQ_024334,SUBJ_024825,Eyelash - pull hair,61,4
SEQ_024367,SUBJ_052342,Above ear - pull hair,71,3
SEQ_024377,SUBJ_052342,Wave hello,191,3
SEQ_024381,SUBJ_001430,Feel around in tray and pull out an object,153,0
SEQ_024384,SUBJ_019663,Neck - pinch skin,47,1
SEQ_024390,SUBJ_039234,Eyelash - pull hair,98,4
SEQ_024398,SUBJ_032165,Forehead - scratch,57,1
SEQ_024399,SUBJ_054811,Eyelash - pull hair,76,3
SEQ_024403,SUBJ_040310,Forehead - scratch,54,1
SEQ_024411,SUBJ_045235,Scratch knee/leg skin,58,1
SEQ_024413,SUBJ_040733,Write name in air,86,0
SEQ_024420,SUBJ_019663,Eyebrow - pull hair,85,1
SEQ_024425,SUBJ_021670,Eyelash - pull hair,60,2
SEQ_024426,SUBJ_034631,Neck - pinch skin,98,3
SEQ_024428,SUBJ_042794,Forehead - scratch,52,0
SEQ_024432,SUBJ_055211,Cheek - pinch skin,72,2
SEQ_024447,SUBJ_027671,Glasses on/off,111,1
SEQ_024449,SUBJ_058967,Forehead - pull hairline,61,4
SEQ_024453,SUBJ_061552,Cheek - pinch skin,81,0
SEQ_024454,SUBJ_063464,Forehead - pull hairline,104,2
SEQ_024455,SUBJ_016552,Write name in air,73,0
SEQ_024460,SUBJ_059520,Neck - pinch skin,57,1
SEQ_024464,SUBJ_040724,Write name on leg,55,2
SEQ_024466,SUBJ_038709,Pull air toward your face,77,4
SEQ_024476,SUBJ_019663,Eyelash - pull hair,70,1
SEQ_024480,SUBJ_017499,Write name in air,48,4
SEQ_024483,SUBJ_019297,Neck - pinch skin,49,3
SEQ_024490,SUBJ_063447,Forehead - pull hairline,59,0
SEQ_024496,SUBJ_019262,Above ear - pull hair,51,0
SEQ_024504,SUBJ_040310,Neck - pinch skin,48,1
SEQ_024520,SUBJ_049223,Pull air toward your face,73,0
SEQ_024524,SUBJ_042779,Drink from bottle/cup,139,1
SEQ_024537,SUBJ_032585,Neck - pinch skin,88,3
SEQ_024539,SUBJ_059520,Drink from bottle/cup,72,1
SEQ_024541,SUBJ_017499,Text on phone,72,4
SEQ_024558,SUBJ_003328,Text on phone,61,3
SEQ_024566,SUBJ_052342,Forehead - scratch,61,3
SEQ_024575,SUBJ_054811,Forehead - scratch,76,3
SEQ_024584,SUBJ_036405,Forehead - scratch,55,4
SEQ_024585,SUBJ_001430,Forehead - scratch,50,0
SEQ_024593,SUBJ_013623,Eyelash - pull hair,60,4
SEQ_024595,SUBJ_043192,Neck - pinch skin,55,3
SEQ_024614,SUBJ_003328,Write name in air,63,3
SEQ_024615,SUBJ_034574,Scratch knee/leg skin,52,3
SEQ_024617,SUBJ_008728,Cheek - pinch skin,49,2
SEQ_024623,SUBJ_040733,Forehead - scratch,57,0
SEQ_024626,SUBJ_027682,Forehead - scratch,74,4
SEQ_024631,SUBJ_064387,Above ear - pull hair,58,4
SEQ_024642,SUBJ_059960,Pull air toward your face,85,1
SEQ_024644,SUBJ_020948,Pinch knee/leg skin,65,0
SEQ_024646,SUBJ_024825,Above ear - pull hair,53,4
SEQ_024658,SUBJ_019663,Forehead - scratch,55,1
SEQ_024659,SUBJ_024137,Forehead - pull hairline,94,3
SEQ_024660,SUBJ_052342,Forehead - scratch,110,3
SEQ_024698,SUBJ_038709,Write name in air,68,4
SEQ_024699,SUBJ_016552,Neck - scratch,79,0
SEQ_024701,SUBJ_020948,Forehead - pull hairline,54,0
SEQ_024720,SUBJ_040310,Forehead - pull hairline,47,1
SEQ_024725,SUBJ_008304,Forehead - scratch,55,0
SEQ_024731,SUBJ_034631,Neck - pinch skin,51,3
SEQ_024735,SUBJ_011323,Neck - pinch skin,54,2
SEQ_024737,SUBJ_032704,Forehead - scratch,49,1
SEQ_024745,SUBJ_003328,Forehead - scratch,48,3
SEQ_024762,SUBJ_039498,Neck - pinch skin,63,0
SEQ_024781,SUBJ_019756,Forehead - pull hairline,53,4
SEQ_024799,SUBJ_041770,Neck - pinch skin,77,1
SEQ_024802,SUBJ_039498,Forehead - scratch,68,0
SEQ_024812,SUBJ_052342,Eyelash - pull hair,76,3
SEQ_024823,SUBJ_053173,Above ear - pull hair,88,1
SEQ_024826,SUBJ_063447,Neck - pinch skin,106,0
SEQ_024829,SUBJ_034631,Above ear - pull hair,78,3
SEQ_024845,SUBJ_020948,Cheek - pinch skin,46,0
SEQ_024851,SUBJ_001430,Eyelash - pull hair,69,0
SEQ_024865,SUBJ_041770,Cheek - pinch skin,90,1
SEQ_024873,SUBJ_021670,Forehead - scratch,53,2
SEQ_024887,SUBJ_016552,Text on phone,61,0
SEQ_024909,SUBJ_059330,Eyelash - pull hair,85,4
SEQ_024930,SUBJ_063346,Wave hello,49,2
SEQ_024934,SUBJ_053173,Forehead - scratch,56,1
SEQ_024942,SUBJ_042254,Forehead - scratch,54,1
SEQ_024943,SUBJ_032761,Cheek - pinch skin,50,2
SEQ_024944,SUBJ_024137,Neck - pinch skin,40,3
SEQ_024946,SUBJ_028998,Eyebrow - pull hair,57,1
SEQ_024965,SUBJ_049223,Write name in air,49,0
SEQ_024969,SUBJ_034574,Above ear - pull hair,68,3
SEQ_024983,SUBJ_016552,Forehead - scratch,58,0
SEQ_024987,SUBJ_011323,Eyelash - pull hair,44,2
SEQ_024989,SUBJ_008728,Wave hello,50,2
SEQ_024993,SUBJ_040106,Text on phone,63,0
SEQ_025044,SUBJ_059960,Eyelash - pull hair,74,1
SEQ_025057,SUBJ_019297,Pull air toward your face,62,3
SEQ_025061,SUBJ_052342,Above ear - pull hair,61,3
SEQ_025062,SUBJ_043192,Neck - scratch,52,3
SEQ_025096,SUBJ_063346,Eyelash - pull hair,53,2
SEQ_025105,SUBJ_040310,Above ear - pull hair,58,1
SEQ_025124,SUBJ_052342,Eyebrow - pull hair,185,3
SEQ_025142,SUBJ_019262,Neck - scratch,71,0
SEQ_025150,SUBJ_038709,Neck - pinch skin,39,4
SEQ_025154,SUBJ_040106,Feel around in tray and pull out an object,72,0
SEQ_025163,SUBJ_012088,Eyebrow - pull hair,103,0
SEQ_025167,SUBJ_024825,Neck - scratch,51,4
SEQ_025172,SUBJ_032761,Forehead - scratch,48,2
SEQ_025177,SUBJ_026824,Forehead - scratch,50,4
SEQ_025186,SUBJ_044680,Cheek - pinch skin,50,3
SEQ_025190,SUBJ_053906,Eyelash - pull hair,67,1
SEQ_025204,SUBJ_024825,Text on phone,90,4
SEQ_025205,SUBJ_002923,Eyelash - pull hair,55,3
SEQ_025206,SUBJ_052342,Neck - scratch,173,3
SEQ_025208,SUBJ_058967,Scratch knee/leg skin,58,4
SEQ_025212,SUBJ_040733,Eyelash - pull hair,57,0
SEQ_025213,SUBJ_024086,Above ear - pull hair,57,2
SEQ_025219,SUBJ_019297,Eyebrow - pull hair,49,3
SEQ_025225,SUBJ_002923,Wave hello,76,3
SEQ_025237,SUBJ_040282,Eyelash - pull hair,56,1
SEQ_025240,SUBJ_011323,Forehead - scratch,48,2
SEQ_025266,SUBJ_059330,Forehead - scratch,58,4
SEQ_025276,SUBJ_043192,Forehead - scratch,83,3
SEQ_025286,SUBJ_000206,Eyebrow - pull hair,67,2
SEQ_025288,SUBJ_063447,Wave hello,70,0
SEQ_025299,SUBJ_017807,Neck - pinch skin,92,1
SEQ_025305,SUBJ_019663,Neck - pinch skin,45,1
SEQ_025308,SUBJ_053906,Text on phone,64,1
SEQ_025311,SUBJ_050642,Neck - scratch,48,3
SEQ_025313,SUBJ_039498,Neck - scratch,53,0
SEQ_025325,SUBJ_001430,Forehead - pull hairline,55,0
SEQ_025340,SUBJ_044680,Cheek - pinch skin,129,3
SEQ_025358,SUBJ_041770,Cheek - pinch skin,47,1
SEQ_025369,SUBJ_040724,Eyelash - pull hair,49,2
SEQ_025372,SUBJ_017807,Pull air toward your face,50,1
SEQ_025375,SUBJ_019756,Neck - pinch skin,49,4
SEQ_025379,SUBJ_034631,Write name in air,54,3
SEQ_025389,SUBJ_049223,Write name in air,49,0
SEQ_025390,SUBJ_041243,Forehead - pull hairline,86,0
SEQ_025391,SUBJ_032165,Eyelash - pull hair,57,1
SEQ_025399,SUBJ_020948,Feel around in tray and pull out an object,78,0
SEQ_025405,SUBJ_041243,Wave hello,64,0
SEQ_025417,SUBJ_052342,Cheek - pinch skin,87,3
SEQ_025429,SUBJ_049223,Eyelash - pull hair,54,0
SEQ_025437,SUBJ_028998,Eyelash - pull hair,74,1
SEQ_025455,SUBJ_002923,Eyebrow - pull hair,48,3
SEQ_025462,SUBJ_058786,Text on phone,66,2
SEQ_025475,SUBJ_053173,Write name in air,67,1
SEQ_025484,SUBJ_027682,Neck - pinch skin,56,4
SEQ_025487,SUBJ_059960,Cheek - pinch skin,51,1
SEQ_025502,SUBJ_045235,Neck - pinch skin,46,1
SEQ_025511,SUBJ_049223,Eyebrow - pull hair,52,0
SEQ_025514,SUBJ_032585,Cheek - pinch skin,74,3
SEQ_025527,SUBJ_056936,Above ear - pull hair,58,4
SEQ_025530,SUBJ_001430,Eyebrow - pull hair,72,0
SEQ_025537,SUBJ_021670,Write name on leg,59,2
SEQ_025543,SUBJ_034631,Forehead - pull hairline,67,3
SEQ_025545,SUBJ_051942,Eyebrow - pull hair,57,2
SEQ_025547,SUBJ_050642,Forehead - pull hairline,47,3
SEQ_025556,SUBJ_038709,Wave hello,56,4
SEQ_025558,SUBJ_041243,Forehead - scratch,74,0
SEQ_025562,SUBJ_032761,Neck - scratch,48,2
SEQ_025572,SUBJ_040106,Above ear - pull hair,89,0
SEQ_025577,SUBJ_063447,Write name in air,52,0
SEQ_025581,SUBJ_040733,Forehead - scratch,79,0
SEQ_025604,SUBJ_008304,Above ear - pull hair,57,0
SEQ_025605,SUBJ_024137,Forehead - scratch,88,3
SEQ_025612,SUBJ_024086,Text on phone,68,2
SEQ_025617,SUBJ_016552,Forehead - pull hairline,55,0
SEQ_025621,SUBJ_034574,Feel around in tray and pull out an object,88,3
SEQ_025623,SUBJ_047636,Pull air toward your face,53,0
SEQ_025633,SUBJ_059960,Forehead - pull hairline,55,1
SEQ_025642,SUBJ_063447,Drink from bottle/cup,66,0
SEQ_025645,SUBJ_056936,Neck - scratch,51,4
SEQ_025651,SUBJ_002923,Eyebrow - pull hair,48,3
SEQ_025660,SUBJ_035353,Neck - scratch,100,3
SEQ_025661,SUBJ_059520,Write name in air,106,1
SEQ_025685,SUBJ_011323,Wave hello,55,2
SEQ_025703,SUBJ_040282,Above ear - pull hair,78,1
SEQ_025711,SUBJ_027682,Neck - pinch skin,56,4
SEQ_025715,SUBJ_057917,Eyelash - pull hair,45,2
SEQ_025717,SUBJ_040106,Forehead - scratch,54,0
SEQ_025722,SUBJ_017170,Above ear - pull hair,43,2
SEQ_025739,SUBJ_027682,Neck - scratch,47,4
SEQ_025750,SUBJ_019262,Text on phone,81,0
SEQ_025768,SUBJ_054811,Text on phone,133,3
SEQ_025770,SUBJ_059520,Text on phone,124,1
SEQ_025772,SUBJ_026824,Cheek - pinch skin,50,4
SEQ_025788,SUBJ_051942,Write name in air,50,2
SEQ_025807,SUBJ_054811,Text on phone,70,3
SEQ_025816,SUBJ_027671,Wave hello,45,1
SEQ_025818,SUBJ_045235,Eyebrow - pull hair,62,1
SEQ_025820,SUBJ_040310,Eyebrow - pull hair,46,1
SEQ_025824,SUBJ_013623,Write name in air,51,4
SEQ_025826,SUBJ_021670,Cheek - pinch skin,58,2
SEQ_025827,SUBJ_043192,Forehead - pull hairline,51,3
SEQ_025829,SUBJ_035353,Eyebrow - pull hair,45,3
SEQ_025843,SUBJ_038709,Forehead - scratch,56,4
SEQ_025847,SUBJ_047636,Write name in air,51,0
SEQ_025870,SUBJ_049223,Cheek - pinch skin,109,0
SEQ_025871,SUBJ_038277,Write name in air,54,0
SEQ_025875,SUBJ_053173,Scratch knee/leg skin,54,1
SEQ_025882,SUBJ_050642,Above ear - pull hair,47,3
SEQ_025884,SUBJ_058786,Wave hello,101,2
SEQ_025885,SUBJ_039234,Neck - pinch skin,62,4
SEQ_025898,SUBJ_042779,Neck - pinch skin,50,1
SEQ_025905,SUBJ_059960,Cheek - pinch skin,53,1
SEQ_025911,SUBJ_040106,Write name in air,51,0
SEQ_025918,SUBJ_034574,Neck - scratch,58,3
SEQ_025943,SUBJ_040724,Wave hello,49,2
SEQ_025951,SUBJ_036405,Eyelash - pull hair,60,4
SEQ_025966,SUBJ_023739,Forehead - pull hairline,69,2
SEQ_025967,SUBJ_023739,Eyelash - pull hair,63,2
SEQ_025984,SUBJ_059520,Write name in air,92,1
SEQ_025997,SUBJ_032165,Eyebrow - pull hair,53,1
SEQ_026000,SUBJ_019756,Above ear - pull hair,52,4
SEQ_026005,SUBJ_040733,Eyelash - pull hair,83,0
SEQ_026010,SUBJ_013623,Eyebrow - pull hair,52,4
SEQ_026016,SUBJ_053173,Cheek - pinch skin,68,1
SEQ_026037,SUBJ_036450,Forehead - pull hairline,49,2
SEQ_026043,SUBJ_057917,Text on phone,92,2
SEQ_026052,SUBJ_001430,Forehead - pull hairline,47,0
SEQ_026062,SUBJ_023739,Above ear - pull hair,60,2
SEQ_026086,SUBJ_012088,Pull air toward your face,92,0
SEQ_026095,SUBJ_024825,Pull air toward your face,48,4
SEQ_026099,SUBJ_039498,Neck - pinch skin,60,0
SEQ_026108,SUBJ_012088,Above ear - pull hair,98,0
SEQ_026123,SUBJ_003328,Glasses on/off,166,3
SEQ_026124,SUBJ_003328,Pull air toward your face,50,3
SEQ_026128,SUBJ_032233,Text on phone,67,4
SEQ_026129,SUBJ_040733,Above ear - pull hair,53,0
SEQ_026138,SUBJ_045235,Glasses on/off,43,1
SEQ_026156,SUBJ_063346,Text on phone,86,2
SEQ_026160,SUBJ_024825,Write name in air,71,4
SEQ_026173,SUBJ_047636,Text on phone,71,0
SEQ_026175,SUBJ_019756,Forehead - scratch,48,4
SEQ_026184,SUBJ_039498,Neck - pinch skin,59,0
SEQ_026186,SUBJ_054811,Neck - scratch,94,3
SEQ_026193,SUBJ_024086,Cheek - pinch skin,53,2
SEQ_026194,SUBJ_063447,Forehead - scratch,50,0
SEQ_026196,SUBJ_034631,Cheek - pinch skin,58,3
SEQ_026199,SUBJ_016552,Eyelash - pull hair,58,0
SEQ_026202,SUBJ_024086,Cheek - pinch skin,66,2
SEQ_026216,SUBJ_043192,Neck - scratch,220,3
SEQ_026220,SUBJ_032165,Wave hello,87,1
SEQ_026233,SUBJ_032761,Cheek - pinch skin,47,2
SEQ_026247,SUBJ_044680,Eyebrow - pull hair,64,3
SEQ_026258,SUBJ_019262,Write name on leg,56,0
SEQ_026262,SUBJ_000206,Eyebrow - pull hair,77,2
SEQ_026267,SUBJ_036405,Neck - pinch skin,143,4
SEQ_026269,SUBJ_063447,Eyelash - pull hair,81,0
SEQ_026276,SUBJ_012088,Above ear - pull hair,50,0
SEQ_026277,SUBJ_049223,Cheek - pinch skin,47,0
SEQ_026284,SUBJ_008304,Write name in air,66,0
SEQ_026287,SUBJ_053173,Eyebrow - pull hair,61,1
SEQ_026290,SUBJ_017170,Write name in air,46,2
SEQ_026318,SUBJ_035353,Forehead - scratch,57,3
SEQ_026323,SUBJ_027671,Forehead - scratch,108,1
SEQ_026332,SUBJ_023739,Text on phone,178,2
SEQ_026338,SUBJ_013623,Scratch knee/leg skin,98,4
SEQ_026343,SUBJ_003328,Eyebrow - pull hair,54,3
SEQ_026357,SUBJ_064387,Forehead - pull hairline,81,4
SEQ_026361,SUBJ_040310,Pull air toward your face,46,1
SEQ_026362,SUBJ_024086,Eyelash - pull hair,53,2
SEQ_026377,SUBJ_020948,Eyebrow - pull hair,82,0
SEQ_026391,SUBJ_043192,Neck - scratch,129,3
SEQ_026392,SUBJ_003328,Neck - scratch,57,3
SEQ_026395,SUBJ_034631,Forehead - pull hairline,68,3
SEQ_026409,SUBJ_021670,Eyebrow - pull hair,46,2
SEQ_026414,SUBJ_027682,Drink from bottle/cup,89,4
SEQ_026422,SUBJ_063447,Cheek - pinch skin,54,0
SEQ_026431,SUBJ_034631,Write name in air,50,3
SEQ_026432,SUBJ_053906,Cheek - pinch skin,50,1
SEQ_026437,SUBJ_008304,Neck - scratch,61,0
SEQ_026449,SUBJ_017807,Neck - scratch,48,1
SEQ_026458,SUBJ_044680,Wave hello,55,3
SEQ_026473,SUBJ_042779,Wave hello,79,1
SEQ_026476,SUBJ_041770,Write name on leg,72,1
SEQ_026484,SUBJ_059520,Neck - pinch skin,107,1
SEQ_026492,SUBJ_016552,Neck - scratch,56,0
SEQ_026493,SUBJ_024825,Forehead - pull hairline,75,4
SEQ_026500,SUBJ_055211,Feel around in tray and pull out an object,64,2
SEQ_026518,SUBJ_059330,Text on phone,75,4
SEQ_026530,SUBJ_019756,Forehead - pull hairline,61,4
SEQ_026541,SUBJ_016552,Neck - pinch skin,48,0
SEQ_026545,SUBJ_051942,Above ear - pull hair,78,2
SEQ_026550,SUBJ_001430,Drink from bottle/cup,74,0
SEQ_026551,SUBJ_032585,Eyelash - pull hair,55,3
SEQ_026563,SUBJ_032761,Forehead - scratch,60,2
SEQ_026568,SUBJ_027682,Neck - pinch skin,87,4
SEQ_026574,SUBJ_008728,Wave hello,48,2
SEQ_026582,SUBJ_045235,Write name on leg,61,1
SEQ_026587,SUBJ_050642,Eyebrow - pull hair,58,3
SEQ_026595,SUBJ_024137,Eyebrow - pull hair,75,3
SEQ_026599,SUBJ_042254,Text on phone,62,1
SEQ_026601,SUBJ_064387,Eyelash - pull hair,66,4
SEQ_026609,SUBJ_043192,Forehead - scratch,86,3
SEQ_026613,SUBJ_032761,Eyebrow - pull hair,61,2
SEQ_026621,SUBJ_036450,Neck - pinch skin,58,2
SEQ_026635,SUBJ_063319,Text on phone,58,4
SEQ_026646,SUBJ_040733,Forehead - pull hairline,104,0
SEQ_026649,SUBJ_054811,Forehead - pull hairline,49,3
SEQ_026658,SUBJ_016552,Above ear - pull hair,55,0
SEQ_026667,SUBJ_052342,Neck - pinch skin,52,3
SEQ_026680,SUBJ_027682,Forehead - pull hairline,61,4
SEQ_026688,SUBJ_061552,Above ear - pull hair,64,0
SEQ_026697,SUBJ_027682,Write name in air,72,4
SEQ_026698,SUBJ_038023,Forehead - pull hairline,85,3
SEQ_026699,SUBJ_024137,Forehead - scratch,49,3
SEQ_026713,SUBJ_059960,Eyebrow - pull hair,54,1
SEQ_026723,SUBJ_000206,Forehead - scratch,60,2
SEQ_026726,SUBJ_050642,Wave hello,45,3
SEQ_026727,SUBJ_026824,Write name on leg,50,4
SEQ_026735,SUBJ_027671,Neck - scratch,54,1
SEQ_026746,SUBJ_047636,Text on phone,75,0
SEQ_026749,SUBJ_013623,Cheek - pinch skin,59,4
SEQ_026755,SUBJ_063319,Cheek - pinch skin,63,4
SEQ_026756,SUBJ_030676,Write name on leg,56,4
SEQ_026768,SUBJ_040724,Forehead - scratch,46,2
SEQ_026773,SUBJ_063346,Above ear - pull hair,52,2
SEQ_026776,SUBJ_003328,Eyebrow - pull hair,49,3
SEQ_026796,SUBJ_054811,Scratch knee/leg skin,53,3
SEQ_026805,SUBJ_038277,Neck - scratch,109,0
SEQ_026816,SUBJ_008304,Eyelash - pull hair,67,0
SEQ_026833,SUBJ_027682,Above ear - pull hair,63,4
SEQ_026841,SUBJ_019297,Above ear - pull hair,52,3
SEQ_026854,SUBJ_016552,Text on phone,102,0
SEQ_026858,SUBJ_026460,Wave hello,112,3
SEQ_026867,SUBJ_063447,Forehead - scratch,48,0
SEQ_026874,SUBJ_050642,Above ear - pull hair,72,3
SEQ_026887,SUBJ_059330,Eyelash - pull hair,77,4
SEQ_026889,SUBJ_032704,Cheek - pinch skin,97,1
SEQ_026892,SUBJ_059330,Forehead - scratch,58,4
SEQ_026908,SUBJ_013623,Cheek - pinch skin,59,4
SEQ_026913,SUBJ_042794,Write name on leg,49,0
SEQ_026919,SUBJ_024825,Forehead - scratch,56,4
SEQ_026923,SUBJ_040724,Scratch knee/leg skin,50,2
SEQ_026926,SUBJ_040106,Cheek - pinch skin,44,0
SEQ_026948,SUBJ_027682,Forehead - scratch,63,4
SEQ_026949,SUBJ_063447,Cheek - pinch skin,51,0
SEQ_026954,SUBJ_063447,Pull air toward your face,70,0
SEQ_026956,SUBJ_027671,Above ear - pull hair,53,1
SEQ_026964,SUBJ_024825,Neck - scratch,74,4
SEQ_026996,SUBJ_063319,Write name on leg,63,4
SEQ_026997,SUBJ_042794,Neck - scratch,267,0
SEQ_027001,SUBJ_051942,Eyebrow - pull hair,48,2
SEQ_027004,SUBJ_036450,Cheek - pinch skin,50,2
SEQ_027006,SUBJ_042254,Neck - pinch skin,53,1
SEQ_027007,SUBJ_026460,Neck - pinch skin,69,3
SEQ_027013,SUBJ_055211,Eyelash - pull hair,52,2
SEQ_027030,SUBJ_002923,Write name in air,50,3
SEQ_027031,SUBJ_030676,Neck - scratch,80,4
SEQ_027032,SUBJ_024137,Pull air toward your face,50,3
SEQ_027040,SUBJ_004117,Pinch knee/leg skin,47,3
SEQ_027041,SUBJ_019756,Cheek - pinch skin,48,4
SEQ_027043,SUBJ_063447,Feel around in tray and pull out an object,108,0
SEQ_027056,SUBJ_063447,Wave hello,103,0
SEQ_027058,SUBJ_024137,Eyebrow - pull hair,50,3
SEQ_027084,SUBJ_039234,Pull air toward your face,53,4
SEQ_027090,SUBJ_026460,Neck - scratch,53,3
SEQ_027095,SUBJ_064387,Wave hello,92,4
SEQ_027097,SUBJ_038023,Eyelash - pull hair,52,3
SEQ_027100,SUBJ_040282,Text on phone,67,1
SEQ_027115,SUBJ_026460,Eyebrow - pull hair,133,3
SEQ_027122,SUBJ_038709,Neck - pinch skin,54,4
SEQ_027129,SUBJ_043192,Eyebrow - pull hair,49,3
SEQ_027136,SUBJ_019262,Eyelash - pull hair,52,0
SEQ_027139,SUBJ_024086,Wave hello,84,2
SEQ_027145,SUBJ_032585,Neck - scratch,179,3
SEQ_027146,SUBJ_042254,Neck - pinch skin,72,1
SEQ_027148,SUBJ_055211,Cheek - pinch skin,53,2
SEQ_027154,SUBJ_011323,Above ear - pull hair,61,2
SEQ_027157,SUBJ_038023,Text on phone,108,3
SEQ_027160,SUBJ_063319,Eyelash - pull hair,54,4
SEQ_027169,SUBJ_008728,Text on phone,143,2
SEQ_027179,SUBJ_000206,Text on phone,62,2
SEQ_027180,SUBJ_027682,Wave hello,75,4
SEQ_027187,SUBJ_020948,Wave hello,50,0
SEQ_027196,SUBJ_019756,Forehead - scratch,71,4
SEQ_027212,SUBJ_040310,Forehead - pull hairline,55,1
SEQ_027216,SUBJ_017807,Forehead - pull hairline,49,1
SEQ_027220,SUBJ_017807,Glasses on/off,148,1
SEQ_027231,SUBJ_061552,Forehead - scratch,90,0
SEQ_027253,SUBJ_053217,Above ear - pull hair,62,4
SEQ_027256,SUBJ_032165,Forehead - pull hairline,82,1
SEQ_027266,SUBJ_034574,Above ear - pull hair,45,3
SEQ_027270,SUBJ_019756,Eyebrow - pull hair,57,4
SEQ_027272,SUBJ_000206,Above ear - pull hair,64,2
SEQ_027274,SUBJ_058967,Neck - scratch,80,4
SEQ_027276,SUBJ_032165,Cheek - pinch skin,84,1
SEQ_027279,SUBJ_035353,Above ear - pull hair,51,3
SEQ_027283,SUBJ_063447,Neck - pinch skin,46,0
SEQ_027293,SUBJ_017807,Scratch knee/leg skin,51,1
SEQ_027296,SUBJ_059520,Forehead - scratch,65,1
SEQ_027298,SUBJ_064387,Scratch knee/leg skin,50,4
SEQ_027307,SUBJ_032585,Above ear - pull hair,100,3
SEQ_027308,SUBJ_056936,Wave hello,70,4
SEQ_027312,SUBJ_002923,Neck - pinch skin,52,3
SEQ_027329,SUBJ_039234,Write name in air,56,4
SEQ_027330,SUBJ_017170,Feel around in tray and pull out an object,102,2
SEQ_027331,SUBJ_019756,Cheek - pinch skin,48,4
SEQ_027355,SUBJ_059960,Write name in air,67,1
SEQ_027356,SUBJ_008728,Write name on leg,47,2
SEQ_027359,SUBJ_032761,Cheek - pinch skin,51,2
SEQ_027370,SUBJ_019262,Forehead - pull hairline,64,0
SEQ_027371,SUBJ_019297,Eyebrow - pull hair,71,3
SEQ_027373,SUBJ_036405,Neck - scratch,117,4
SEQ_027376,SUBJ_019663,Eyelash - pull hair,50,1
SEQ_027394,SUBJ_017170,Write name in air,69,2
SEQ_027397,SUBJ_030676,Forehead - scratch,78,4
SEQ_027423,SUBJ_032165,Above ear - pull hair,55,1
SEQ_027430,SUBJ_027682,Eyebrow - pull hair,52,4
SEQ_027433,SUBJ_019756,Text on phone,61,4
SEQ_027437,SUBJ_004117,Neck - pinch skin,56,3
SEQ_027439,SUBJ_020948,Above ear - pull hair,63,0
SEQ_027440,SUBJ_024825,Cheek - pinch skin,45,4
SEQ_027445,SUBJ_045235,Neck - pinch skin,46,1
SEQ_027447,SUBJ_039234,Forehead - scratch,54,4
SEQ_027450,SUBJ_061552,Neck - pinch skin,55,0
SEQ_027451,SUBJ_028998,Above ear - pull hair,77,1
SEQ_027455,SUBJ_055211,Text on phone,58,2
SEQ_027459,SUBJ_032761,Forehead - pull hairline,58,2
SEQ_027462,SUBJ_016552,Forehead - scratch,44,0
SEQ_027463,SUBJ_036405,Above ear - pull hair,76,4
SEQ_027472,SUBJ_001430,Eyebrow - pull hair,60,0
SEQ_027483,SUBJ_047636,Forehead - pull hairline,53,0
SEQ_027487,SUBJ_034631,Eyelash - pull hair,83,3
SEQ_027501,SUBJ_055211,Pull air toward your face,87,2
SEQ_027505,SUBJ_019262,Neck - scratch,86,0
SEQ_027512,SUBJ_047636,Neck - scratch,50,0
SEQ_027522,SUBJ_052342,Eyebrow - pull hair,64,3
SEQ_027523,SUBJ_039234,Scratch knee/leg skin,55,4
SEQ_027533,SUBJ_019663,Forehead - scratch,45,1
SEQ_027560,SUBJ_017499,Eyebrow - pull hair,131,4
SEQ_027584,SUBJ_051942,Pull air toward your face,71,2
SEQ_027594,SUBJ_019297,Forehead - pull hairline,50,3
SEQ_027614,SUBJ_032761,Write name in air,63,2
SEQ_027619,SUBJ_045235,Cheek - pinch skin,75,1
SEQ_027625,SUBJ_032761,Write name on leg,55,2
SEQ_027637,SUBJ_057917,Pull air toward your face,44,2
SEQ_027646,SUBJ_059960,Cheek - pinch skin,54,1
SEQ_027651,SUBJ_042794,Neck - pinch skin,56,0
SEQ_027652,SUBJ_003328,Pull air toward your face,71,3
SEQ_027659,SUBJ_036450,Neck - pinch skin,83,2
SEQ_027666,SUBJ_063447,Above ear - pull hair,49,0
SEQ_027669,SUBJ_012088,Neck - pinch skin,51,0
SEQ_027672,SUBJ_041243,Text on phone,79,0
SEQ_027680,SUBJ_026824,Forehead - pull hairline,46,4
SEQ_027682,SUBJ_036450,Pull air toward your face,58,2
SEQ_027690,SUBJ_026824,Wave hello,49,4
SEQ_027702,SUBJ_059520,Eyelash - pull hair,67,1
SEQ_027711,SUBJ_040733,Cheek - pinch skin,55,0
SEQ_027726,SUBJ_030676,Forehead - pull hairline,58,4
SEQ_027732,SUBJ_059520,Wave hello,74,1
SEQ_027742,SUBJ_051942,Scratch knee/leg skin,70,2
SEQ_027755,SUBJ_024825,Write name in air,50,4
SEQ_027759,SUBJ_032761,Above ear - pull hair,62,2
SEQ_027779,SUBJ_024137,Eyebrow - pull hair,39,3
SEQ_027781,SUBJ_043192,Above ear - pull hair,49,3
SEQ_027788,SUBJ_041243,Feel around in tray and pull out an object,143,0
SEQ_027792,SUBJ_024137,Neck - pinch skin,51,3
SEQ_027798,SUBJ_027671,Wave hello,70,1
SEQ_027799,SUBJ_042779,Drink from bottle/cup,54,1
SEQ_027804,SUBJ_044680,Text on phone,60,3
SEQ_027825,SUBJ_042794,Write name in air,49,0
SEQ_027831,SUBJ_017807,Neck - pinch skin,94,1
SEQ_027870,SUBJ_017807,Write name in air,106,1
SEQ_027878,SUBJ_042794,Cheek - pinch skin,53,0
SEQ_027881,SUBJ_042794,Above ear - pull hair,54,0
SEQ_027887,SUBJ_034631,Pull air toward your face,73,3
SEQ_027888,SUBJ_026824,Write name in air,48,4
SEQ_027904,SUBJ_019262,Forehead - scratch,98,0
SEQ_027905,SUBJ_019756,Write name on leg,46,4
SEQ_027906,SUBJ_040106,Forehead - scratch,59,0
SEQ_027918,SUBJ_040733,Pull air toward your face,53,0
SEQ_027929,SUBJ_024825,Above ear - pull hair,48,4
SEQ_027936,SUBJ_053906,Write name in air,72,1
SEQ_027942,SUBJ_017170,Text on phone,136,2
SEQ_027951,SUBJ_042254,Eyelash - pull hair,49,1
SEQ_027954,SUBJ_042254,Pinch knee/leg skin,52,1
SEQ_027970,SUBJ_049223,Scratch knee/leg skin,52,0
SEQ_027981,SUBJ_008304,Glasses on/off,56,0
SEQ_027987,SUBJ_004117,Cheek - pinch skin,52,3
SEQ_027992,SUBJ_059330,Glasses on/off,66,4
SEQ_027999,SUBJ_038277,Eyelash - pull hair,51,0
SEQ_028006,SUBJ_032165,Forehead - pull hairline,63,1
SEQ_028027,SUBJ_019297,Write name in air,45,3
SEQ_028040,SUBJ_042779,Forehead - pull hairline,54,1
SEQ_028042,SUBJ_028998,Pull air toward your face,90,1
SEQ_028062,SUBJ_024825,Write name on leg,46,4
SEQ_028064,SUBJ_041243,Glasses on/off,61,0
SEQ_028066,SUBJ_059520,Cheek - pinch skin,109,1
SEQ_028083,SUBJ_044680,Neck - scratch,57,3
SEQ_028115,SUBJ_024825,Forehead - pull hairline,107,4
SEQ_028120,SUBJ_059520,Above ear - pull hair,104,1
SEQ_028141,SUBJ_053906,Text on phone,85,1
SEQ_028147,SUBJ_020948,Eyebrow - pull hair,55,0
SEQ_028161,SUBJ_032761,Eyelash - pull hair,49,2
SEQ_028167,SUBJ_058967,Forehead - pull hairline,89,4
SEQ_028177,SUBJ_002923,Pull air toward your face,94,3
SEQ_028188,SUBJ_042794,Neck - scratch,647,0
SEQ_028238,SUBJ_027671,Above ear - pull hair,55,1
SEQ_028245,SUBJ_008304,Neck - pinch skin,58,0
SEQ_028246,SUBJ_008304,Neck - pinch skin,69,0
SEQ_028250,SUBJ_026460,Pull air toward your face,71,3
SEQ_028257,SUBJ_032585,Wave hello,70,3
SEQ_028260,SUBJ_020948,Write name on leg,47,0
SEQ_028268,SUBJ_034631,Wave hello,45,3
SEQ_028272,SUBJ_032165,Cheek - pinch skin,84,1
SEQ_028287,SUBJ_063447,Text on phone,56,0
SEQ_028297,SUBJ_004117,Eyelash - pull hair,53,3
SEQ_028306,SUBJ_028998,Forehead - pull hairline,74,1
SEQ_028315,SUBJ_008304,Pull air toward your face,67,0
SEQ_028332,SUBJ_024825,Above ear - pull hair,55,4
SEQ_028335,SUBJ_038709,Eyebrow - pull hair,95,4
SEQ_028349,SUBJ_041243,Neck - pinch skin,63,0
SEQ_028357,SUBJ_039498,Forehead - scratch,53,0
SEQ_028366,SUBJ_032233,Forehead - pull hairline,50,4
SEQ_028371,SUBJ_001430,Write name in air,82,0
SEQ_028379,SUBJ_019297,Text on phone,68,3
SEQ_028380,SUBJ_042794,Above ear - pull hair,52,0
SEQ_028394,SUBJ_026460,Neck - pinch skin,48,3
SEQ_028396,SUBJ_024825,Cheek - pinch skin,55,4
SEQ_028402,SUBJ_032233,Forehead - pull hairline,93,4
SEQ_028406,SUBJ_063346,Above ear - pull hair,58,2
SEQ_028412,SUBJ_019756,Pull air toward your face,49,4
SEQ_028419,SUBJ_055211,Above ear - pull hair,69,2
SEQ_028428,SUBJ_019297,Eyebrow - pull hair,48,3
SEQ_028429,SUBJ_056936,Eyelash - pull hair,56,4
SEQ_028440,SUBJ_039498,Scratch knee/leg skin,123,0
SEQ_028444,SUBJ_058967,Pull air toward your face,59,4
SEQ_028447,SUBJ_008304,Text on phone,72,0
SEQ_028450,SUBJ_038709,Forehead - pull hairline,89,4
SEQ_028455,SUBJ_035353,Neck - pinch skin,70,3
SEQ_028460,SUBJ_063319,Neck - pinch skin,64,4
SEQ_028482,SUBJ_026824,Pull air toward your face,87,4
SEQ_028499,SUBJ_053173,Text on phone,86,1
SEQ_028510,SUBJ_051942,Neck - scratch,48,2
SEQ_028530,SUBJ_026460,Cheek - pinch skin,47,3
SEQ_028531,SUBJ_017807,Neck - scratch,75,1
SEQ_028532,SUBJ_040106,Forehead - scratch,49,0
SEQ_028543,SUBJ_019262,Cheek - pinch skin,46,0
SEQ_028550,SUBJ_034631,Cheek - pinch skin,73,3
SEQ_028563,SUBJ_053906,Neck - scratch,103,1
SEQ_028564,SUBJ_040282,Pinch knee/leg skin,68,1
SEQ_028565,SUBJ_047636,Pull air toward your face,75,0
SEQ_028566,SUBJ_036405,Forehead - scratch,60,4
SEQ_028569,SUBJ_023739,Above ear - pull hair,69,2
SEQ_028570,SUBJ_008728,Eyelash - pull hair,44,2
SEQ_028588,SUBJ_032761,Forehead - pull hairline,51,2
SEQ_028592,SUBJ_042794,Glasses on/off,57,0
SEQ_028597,SUBJ_040106,Write name in air,49,0
SEQ_028598,SUBJ_002923,Eyebrow - pull hair,60,3
SEQ_028601,SUBJ_059520,Wave hello,60,1
SEQ_028606,SUBJ_034574,Pull air toward your face,53,3
SEQ_028608,SUBJ_035353,Eyebrow - pull hair,56,3
SEQ_028609,SUBJ_012088,Forehead - scratch,52,0
SEQ_028610,SUBJ_061552,Feel around in tray and pull out an object,90,0
SEQ_028627,SUBJ_024137,Neck - scratch,49,3
SEQ_028636,SUBJ_023739,Neck - scratch,58,2
SEQ_028641,SUBJ_042794,Eyebrow - pull hair,50,0
SEQ_028645,SUBJ_059330,Forehead - pull hairline,58,4
SEQ_028647,SUBJ_040282,Feel around in tray and pull out an object,90,1
SEQ_028654,SUBJ_050642,Forehead - pull hairline,56,3
SEQ_028662,SUBJ_012088,Wave hello,48,0
SEQ_028663,SUBJ_008304,Above ear - pull hair,92,0
SEQ_028670,SUBJ_044680,Forehead - scratch,66,3
SEQ_028677,SUBJ_023739,Neck - pinch skin,63,2
SEQ_028711,SUBJ_021670,Drink from bottle/cup,148,2
SEQ_028725,SUBJ_040733,Pull air toward your face,50,0
SEQ_028727,SUBJ_059330,Wave hello,49,4
SEQ_028732,SUBJ_063464,Eyebrow - pull hair,58,2
SEQ_028735,SUBJ_044680,Forehead - scratch,63,3
SEQ_028736,SUBJ_026824,Text on phone,134,4
SEQ_028747,SUBJ_045235,Pull air toward your face,57,1
SEQ_028751,SUBJ_057917,Pull air toward your face,70,2
SEQ_028755,SUBJ_004117,Scratch knee/leg skin,59,3
SEQ_028756,SUBJ_058786,Eyelash - pull hair,49,2
SEQ_028775,SUBJ_011323,Eyelash - pull hair,62,2
SEQ_028790,SUBJ_053217,Forehead - scratch,99,4
SEQ_028792,SUBJ_000206,Wave hello,44,2
SEQ_028815,SUBJ_019756,Cheek - pinch skin,51,4
SEQ_028817,SUBJ_053217,Eyelash - pull hair,59,4
SEQ_028821,SUBJ_036405,Text on phone,140,4
SEQ_028826,SUBJ_019663,Eyebrow - pull hair,46,1
SEQ_028830,SUBJ_052342,Glasses on/off,117,3
SEQ_028845,SUBJ_056936,Eyebrow - pull hair,52,4
SEQ_028867,SUBJ_024086,Cheek - pinch skin,53,2
SEQ_028871,SUBJ_011323,Text on phone,97,2
SEQ_028880,SUBJ_026824,Text on phone,65,4
SEQ_028884,SUBJ_024137,Neck - scratch,55,3
SEQ_028886,SUBJ_019663,Forehead - pull hairline,56,1
SEQ_028903,SUBJ_027682,Above ear - pull hair,51,4
SEQ_028923,SUBJ_032761,Cheek - pinch skin,59,2
SEQ_028937,SUBJ_038023,Forehead - scratch,49,3
SEQ_028967,SUBJ_040282,Wave hello,131,1
SEQ_028973,SUBJ_038023,Eyelash - pull hair,70,3
SEQ_028979,SUBJ_032165,Forehead - scratch,53,1
SEQ_028981,SUBJ_053217,Neck - pinch skin,53,4
SEQ_028986,SUBJ_038277,Forehead - pull hairline,106,0
SEQ_028988,SUBJ_012088,Pull air toward your face,107,0
SEQ_028999,SUBJ_053173,Pinch knee/leg skin,55,1
SEQ_029004,SUBJ_001430,Forehead - scratch,48,0
SEQ_029012,SUBJ_051942,Neck - pinch skin,69,2
SEQ_029018,SUBJ_008304,Neck - scratch,82,0
SEQ_029019,SUBJ_063319,Cheek - pinch skin,61,4
SEQ_029029,SUBJ_026460,Drink from bottle/cup,146,3
SEQ_029040,SUBJ_030676,Above ear - pull hair,51,4
SEQ_029047,SUBJ_039234,Neck - scratch,82,4
SEQ_029048,SUBJ_054811,Forehead - scratch,56,3
SEQ_029051,SUBJ_017170,Scratch knee/leg skin,42,2
SEQ_029053,SUBJ_036450,Glasses on/off,87,2
SEQ_029057,SUBJ_049223,Above ear - pull hair,54,0
SEQ_029066,SUBJ_017170,Eyebrow - pull hair,114,2
SEQ_029075,SUBJ_040733,Write name in air,54,0
SEQ_029091,SUBJ_003328,Eyebrow - pull hair,52,3
SEQ_029099,SUBJ_059960,Glasses on/off,90,1
SEQ_029103,SUBJ_057917,Forehead - scratch,76,2
SEQ_029105,SUBJ_017170,Eyebrow - pull hair,56,2
SEQ_029107,SUBJ_013623,Wave hello,55,4
SEQ_029112,SUBJ_027682,Pull air toward your face,130,4
SEQ_029120,SUBJ_028998,Above ear - pull hair,185,1
SEQ_029130,SUBJ_024825,Forehead - pull hairline,55,4
SEQ_029132,SUBJ_040106,Eyelash - pull hair,47,0
SEQ_029143,SUBJ_043192,Neck - pinch skin,51,3
SEQ_029150,SUBJ_063319,Text on phone,112,4
SEQ_029155,SUBJ_032165,Forehead - scratch,57,1
SEQ_029158,SUBJ_034574,Pinch knee/leg skin,54,3
SEQ_029166,SUBJ_056936,Neck - scratch,95,4
SEQ_029186,SUBJ_027671,Neck - pinch skin,52,1
SEQ_029200,SUBJ_024137,Neck - scratch,147,3
SEQ_029202,SUBJ_002923,Forehead - scratch,56,3
SEQ_029212,SUBJ_017807,Pinch knee/leg skin,48,1
SEQ_029215,SUBJ_051942,Eyelash - pull hair,62,2
SEQ_029248,SUBJ_020948,Neck - scratch,51,0
SEQ_029249,SUBJ_017807,Eyelash - pull hair,102,1
SEQ_029259,SUBJ_024825,Text on phone,59,4
SEQ_029260,SUBJ_057917,Wave hello,53,2
SEQ_029266,SUBJ_040282,Forehead - pull hairline,48,1
SEQ_029274,SUBJ_059960,Neck - scratch,88,1
SEQ_029279,SUBJ_049223,Neck - pinch skin,49,0
SEQ_029280,SUBJ_008304,Drink from bottle/cup,63,0
SEQ_029293,SUBJ_063346,Pull air toward your face,115,2
SEQ_029295,SUBJ_042794,Eyelash - pull hair,56,0
SEQ_029301,SUBJ_057917,Eyelash - pull hair,45,2
SEQ_029320,SUBJ_017499,Cheek - pinch skin,54,4
SEQ_029327,SUBJ_063464,Glasses on/off,55,2
SEQ_029371,SUBJ_058967,Wave hello,67,4
SEQ_029394,SUBJ_034631,Eyelash - pull hair,51,3
SEQ_029421,SUBJ_028998,Neck - pinch skin,57,1
SEQ_029423,SUBJ_041243,Pull air toward your face,59,0
SEQ_029433,SUBJ_063346,Text on phone,57,2
SEQ_029435,SUBJ_053906,Forehead - scratch,51,1
SEQ_029454,SUBJ_012088,Text on phone,65,0
SEQ_029455,SUBJ_024086,Neck - scratch,111,2
SEQ_029457,SUBJ_038023,Neck - scratch,105,3
SEQ_029461,SUBJ_016552,Pull air toward your face,47,0
SEQ_029474,SUBJ_026824,Above ear - pull hair,115,4
SEQ_029477,SUBJ_028998,Pinch knee/leg skin,50,1
SEQ_029490,SUBJ_019297,Above ear - pull hair,47,3
SEQ_029498,SUBJ_021670,Neck - scratch,55,2
SEQ_029511,SUBJ_000206,Text on phone,176,2
SEQ_029530,SUBJ_019262,Forehead - pull hairline,54,0
SEQ_029535,SUBJ_027671,Cheek - pinch skin,56,1
SEQ_029538,SUBJ_038709,Eyelash - pull hair,58,4
SEQ_029541,SUBJ_042794,Forehead - pull hairline,54,0
SEQ_029550,SUBJ_058967,Wave hello,112,4
SEQ_029562,SUBJ_053906,Eyebrow - pull hair,44,1
SEQ_029566,SUBJ_047636,Pull air toward your face,89,0
SEQ_029573,SUBJ_045235,Write name in air,44,1
SEQ_029579,SUBJ_038709,Eyelash - pull hair,75,4
SEQ_029585,SUBJ_036405,Write name in air,73,4
SEQ_029587,SUBJ_023739,Pull air toward your face,95,2
SEQ_029596,SUBJ_019262,Forehead - scratch,49,0
SEQ_029611,SUBJ_063464,Above ear - pull hair,50,2
SEQ_029616,SUBJ_003328,Forehead - pull hairline,71,3
SEQ_029624,SUBJ_063346,Pinch knee/leg skin,80,2
SEQ_029639,SUBJ_038023,Pinch knee/leg skin,48,3
SEQ_029650,SUBJ_063346,Eyelash - pull hair,63,2
SEQ_029656,SUBJ_001430,Neck - pinch skin,59,0
SEQ_029680,SUBJ_064387,Wave hello,52,4
SEQ_029693,SUBJ_011323,Eyelash - pull hair,53,2
SEQ_029708,SUBJ_044680,Forehead - pull hairline,57,3
SEQ_029719,SUBJ_064387,Cheek - pinch skin,61,4
SEQ_029721,SUBJ_039234,Neck - pinch skin,96,4
SEQ_029722,SUBJ_013623,Neck - pinch skin,61,4
SEQ_029725,SUBJ_063346,Above ear - pull hair,56,2
SEQ_029728,SUBJ_039234,Wave hello,56,4
SEQ_029730,SUBJ_038709,Neck - pinch skin,71,4
SEQ_029731,SUBJ_021670,Eyebrow - pull hair,46,2
SEQ_029736,SUBJ_063319,Eyebrow - pull hair,96,4
SEQ_029741,SUBJ_042779,Cheek - pinch skin,62,1
SEQ_029753,SUBJ_059960,Wave hello,51,1
SEQ_029759,SUBJ_003328,Forehead - pull hairline,54,3
SEQ_029766,SUBJ_047636,Forehead - scratch,50,0
SEQ_029775,SUBJ_039234,Neck - scratch,55,4
SEQ_029798,SUBJ_032233,Text on phone,62,4
SEQ_029799,SUBJ_017170,Neck - scratch,214,2
SEQ_029800,SUBJ_039498,Above ear - pull hair,148,0
SEQ_029802,SUBJ_008304,Write name in air,50,0
SEQ_029806,SUBJ_053173,Forehead - scratch,46,1
SEQ_029827,SUBJ_032704,Above ear - pull hair,101,1
SEQ_029845,SUBJ_042779,Pinch knee/leg skin,54,1
SEQ_029854,SUBJ_038023,Write name in air,55,3
SEQ_029856,SUBJ_004117,Wave hello,60,3
SEQ_029861,SUBJ_035353,Forehead - pull hairline,45,3
SEQ_029863,SUBJ_045235,Cheek - pinch skin,46,1
SEQ_029883,SUBJ_024086,Feel around in tray and pull out an object,80,2
SEQ_029894,SUBJ_044680,Text on phone,72,3
SEQ_029898,SUBJ_003328,Eyebrow - pull hair,51,3
SEQ_029902,SUBJ_063447,Feel around in tray and pull out an object,79,0
SEQ_029924,SUBJ_034574,Cheek - pinch skin,55,3
SEQ_029927,SUBJ_019297,Neck - scratch,49,3
SEQ_029931,SUBJ_004117,Eyebrow - pull hair,46,3
SEQ_029939,SUBJ_019297,Pull air toward your face,67,3
SEQ_029943,SUBJ_061552,Above ear - pull hair,97,0
SEQ_029944,SUBJ_030676,Pinch knee/leg skin,74,4
SEQ_029945,SUBJ_059960,Eyelash - pull hair,47,1
SEQ_029947,SUBJ_027671,Pull air toward your face,71,1
SEQ_029951,SUBJ_059520,Forehead - scratch,67,1
SEQ_029952,SUBJ_040106,Neck - pinch skin,82,0
SEQ_029954,SUBJ_019297,Wave hello,45,3
SEQ_029958,SUBJ_036450,Forehead - scratch,54,2
SEQ_029986,SUBJ_056936,Cheek - pinch skin,79,4
SEQ_030010,SUBJ_042254,Forehead - scratch,52,1
SEQ_030013,SUBJ_013623,Forehead - scratch,51,4
SEQ_030032,SUBJ_027671,Eyebrow - pull hair,72,1
SEQ_030041,SUBJ_053173,Above ear - pull hair,62,1
SEQ_030043,SUBJ_003328,Pinch knee/leg skin,68,3
SEQ_030046,SUBJ_051942,Text on phone,96,2
SEQ_030067,SUBJ_039498,Forehead - pull hairline,57,0
SEQ_030072,SUBJ_056936,Eyelash - pull hair,53,4
SEQ_030073,SUBJ_057917,Neck - pinch skin,72,2
SEQ_030085,SUBJ_001430,Drink from bottle/cup,117,0
SEQ_030086,SUBJ_032761,Neck - pinch skin,61,2
SEQ_030098,SUBJ_038709,Cheek - pinch skin,57,4
SEQ_030103,SUBJ_040733,Drink from bottle/cup,95,0
SEQ_030106,SUBJ_042779,Forehead - scratch,65,1
SEQ_030107,SUBJ_058786,Eyelash - pull hair,53,2
SEQ_030108,SUBJ_024825,Pull air toward your face,52,4
SEQ_030113,SUBJ_050642,Eyebrow - pull hair,46,3
SEQ_030119,SUBJ_040106,Above ear - pull hair,65,0
SEQ_030125,SUBJ_024086,Write name in air,49,2
SEQ_030128,SUBJ_020948,Neck - pinch skin,49,0
SEQ_030132,SUBJ_047636,Forehead - scratch,57,0
SEQ_030135,SUBJ_042254,Above ear - pull hair,89,1
SEQ_030142,SUBJ_047636,Forehead - pull hairline,60,0
SEQ_030149,SUBJ_050642,Cheek - pinch skin,55,3
SEQ_030156,SUBJ_038709,Neck - pinch skin,52,4
SEQ_030164,SUBJ_024825,Glasses on/off,56,4
SEQ_030165,SUBJ_041243,Above ear - pull hair,109,0
SEQ_030172,SUBJ_038277,Eyebrow - pull hair,57,0
SEQ_030197,SUBJ_038023,Eyebrow - pull hair,71,3
SEQ_030198,SUBJ_040733,Write name in air,45,0
SEQ_030221,SUBJ_038023,Forehead - pull hairline,54,3
SEQ_030225,SUBJ_019663,Pull air toward your face,43,1
SEQ_030262,SUBJ_032704,Forehead - scratch,89,1
SEQ_030264,SUBJ_026824,Neck - pinch skin,56,4
SEQ_030267,SUBJ_028998,Above ear - pull hair,65,1
SEQ_030275,SUBJ_063319,Above ear - pull hair,82,4
SEQ_030279,SUBJ_019663,Write name in air,61,1
SEQ_030291,SUBJ_032585,Write name on leg,99,3
SEQ_030299,SUBJ_040310,Forehead - pull hairline,71,1
SEQ_030305,SUBJ_032761,Text on phone,59,2
SEQ_030322,SUBJ_028998,Neck - scratch,62,1
SEQ_030324,SUBJ_004117,Eyelash - pull hair,62,3
SEQ_030330,SUBJ_013623,Text on phone,64,4
SEQ_030337,SUBJ_040282,Cheek - pinch skin,53,1
SEQ_030341,SUBJ_002923,Neck - scratch,56,3
SEQ_030344,SUBJ_041770,Eyelash - pull hair,67,1
SEQ_030349,SUBJ_017499,Write name in air,52,4
SEQ_030378,SUBJ_059520,Neck - scratch,58,1
SEQ_030382,SUBJ_017807,Above ear - pull hair,50,1
SEQ_030385,SUBJ_063319,Text on phone,73,4
SEQ_030389,SUBJ_058967,Forehead - pull hairline,63,4
SEQ_030394,SUBJ_023739,Glasses on/off,87,2
SEQ_030406,SUBJ_032704,Text on phone,154,1
SEQ_030412,SUBJ_040310,Neck - pinch skin,48,1
SEQ_030416,SUBJ_059330,Forehead - pull hairline,111,4
SEQ_030424,SUBJ_036405,Cheek - pinch skin,58,4
SEQ_030429,SUBJ_053906,Eyebrow - pull hair,47,1
SEQ_030437,SUBJ_047636,Eyebrow - pull hair,89,0
SEQ_030451,SUBJ_042254,Pull air toward your face,49,1
SEQ_030452,SUBJ_019756,Write name on leg,59,4
SEQ_030466,SUBJ_017807,Wave hello,119,1
SEQ_030472,SUBJ_045235,Forehead - scratch,60,1
SEQ_030485,SUBJ_055211,Cheek - pinch skin,50,2
SEQ_030490,SUBJ_012088,Forehead - pull hairline,90,0
SEQ_030513,SUBJ_042794,Write name in air,180,0
SEQ_030520,SUBJ_042794,Write name in air,51,0
SEQ_030521,SUBJ_040724,Cheek - pinch skin,54,2
SEQ_030528,SUBJ_040724,Eyebrow - pull hair,54,2
SEQ_030538,SUBJ_063319,Neck - pinch skin,56,4
SEQ_030540,SUBJ_053173,Scratch knee/leg skin,64,1
SEQ_030541,SUBJ_032233,Cheek - pinch skin,47,4
SEQ_030547,SUBJ_004117,Forehead - scratch,62,3
SEQ_030552,SUBJ_040733,Forehead - pull hairline,52,0
SEQ_030561,SUBJ_023739,Write name in air,51,2
SEQ_030562,SUBJ_024137,Above ear - pull hair,73,3
SEQ_030577,SUBJ_058786,Wave hello,55,2
SEQ_030584,SUBJ_053173,Eyebrow - pull hair,66,1
SEQ_030590,SUBJ_055211,Neck - scratch,50,2
SEQ_030594,SUBJ_059330,Above ear - pull hair,99,4
SEQ_030597,SUBJ_045235,Forehead - pull hairline,61,1
SEQ_030602,SUBJ_008304,Cheek - pinch skin,86,0
SEQ_030604,SUBJ_038023,Forehead - pull hairline,51,3
SEQ_030616,SUBJ_026460,Neck - scratch,187,3
SEQ_030617,SUBJ_039498,Eyebrow - pull hair,98,0
SEQ_030622,SUBJ_012088,Neck - scratch,103,0
SEQ_030623,SUBJ_038709,Pull air toward your face,52,4
SEQ_030626,SUBJ_024137,Neck - pinch skin,47,3
SEQ_030632,SUBJ_063464,Neck - scratch,51,2
SEQ_030634,SUBJ_038023,Cheek - pinch skin,49,3
SEQ_030650,SUBJ_054811,Neck - scratch,57,3
SEQ_030652,SUBJ_019297,Forehead - pull hairline,56,3
SEQ_030654,SUBJ_058967,Neck - pinch skin,106,4
SEQ_030681,SUBJ_038709,Neck - scratch,124,4
SEQ_030693,SUBJ_063447,Forehead - pull hairline,131,0
SEQ_030722,SUBJ_049223,Write name in air,55,0
SEQ_030723,SUBJ_063346,Eyelash - pull hair,41,2
SEQ_030724,SUBJ_032585,Cheek - pinch skin,76,3
SEQ_030737,SUBJ_021670,Cheek - pinch skin,46,2
SEQ_030739,SUBJ_053173,Eyelash - pull hair,54,1
SEQ_030755,SUBJ_053173,Cheek - pinch skin,73,1
SEQ_030756,SUBJ_032704,Cheek - pinch skin,91,1
SEQ_030760,SUBJ_019756,Above ear - pull hair,53,4
SEQ_030766,SUBJ_028998,Neck - scratch,54,1
SEQ_030769,SUBJ_053906,Wave hello,48,1
SEQ_030773,SUBJ_063319,Forehead - scratch,74,4
SEQ_030784,SUBJ_026460,Neck - scratch,64,3
SEQ_030786,SUBJ_040724,Eyebrow - pull hair,57,2
SEQ_030790,SUBJ_064387,Neck - scratch,64,4
SEQ_030833,SUBJ_038023,Wave hello,47,3
SEQ_030834,SUBJ_054811,Feel around in tray and pull out an object,69,3
SEQ_030841,SUBJ_027671,Pinch knee/leg skin,47,1
SEQ_030855,SUBJ_051942,Write name in air,50,2
SEQ_030857,SUBJ_003328,Neck - scratch,52,3
SEQ_030859,SUBJ_050642,Forehead - pull hairline,45,3
SEQ_030867,SUBJ_032761,Eyelash - pull hair,49,2
SEQ_030876,SUBJ_035353,Neck - scratch,46,3
SEQ_030878,SUBJ_064387,Write name in air,44,4
SEQ_030885,SUBJ_013623,Forehead - scratch,57,4
SEQ_030890,SUBJ_017499,Eyebrow - pull hair,85,4
SEQ_030901,SUBJ_008304,Above ear - pull hair,91,0
SEQ_030918,SUBJ_032704,Eyebrow - pull hair,91,1
SEQ_030921,SUBJ_008728,Neck - pinch skin,59,2
SEQ_030922,SUBJ_024137,Write name in air,72,3
SEQ_030926,SUBJ_008304,Neck - pinch skin,56,0
SEQ_030950,SUBJ_034631,Feel around in tray and pull out an object,79,3
SEQ_030952,SUBJ_042794,Above ear - pull hair,70,0
SEQ_030955,SUBJ_040106,Neck - pinch skin,52,0
SEQ_030963,SUBJ_030676,Glasses on/off,123,4
SEQ_030968,SUBJ_030676,Forehead - pull hairline,101,4
SEQ_030989,SUBJ_054811,Neck - pinch skin,51,3
SEQ_030992,SUBJ_064387,Above ear - pull hair,50,4
SEQ_030998,SUBJ_058786,Neck - scratch,55,2
SEQ_031003,SUBJ_052342,Forehead - pull hairline,115,3
SEQ_031007,SUBJ_053173,Eyebrow - pull hair,57,1
SEQ_031013,SUBJ_044680,Pull air toward your face,72,3
SEQ_031018,SUBJ_040310,Forehead - pull hairline,55,1
SEQ_031028,SUBJ_032585,Cheek - pinch skin,91,3
SEQ_031038,SUBJ_013623,Eyelash - pull hair,69,4
SEQ_031039,SUBJ_053173,Write name on leg,72,1
SEQ_031041,SUBJ_001430,Eyelash - pull hair,50,0
SEQ_031049,SUBJ_044680,Forehead - pull hairline,89,3
SEQ_031073,SUBJ_003328,Text on phone,158,3
SEQ_031094,SUBJ_030676,Forehead - scratch,78,4
SEQ_031095,SUBJ_019663,Forehead - pull hairline,63,1
SEQ_031098,SUBJ_040724,Eyebrow - pull hair,50,2
SEQ_031126,SUBJ_059520,Text on phone,75,1
SEQ_031127,SUBJ_035353,Text on phone,138,3
SEQ_031128,SUBJ_041243,Pull air toward your face,65,0
SEQ_031134,SUBJ_035353,Write name in air,60,3
SEQ_031135,SUBJ_017499,Eyelash - pull hair,93,4
SEQ_031138,SUBJ_040733,Cheek - pinch skin,75,0
SEQ_031140,SUBJ_058786,Eyelash - pull hair,77,2
SEQ_031142,SUBJ_053906,Eyebrow - pull hair,125,1
SEQ_031145,SUBJ_019663,Eyelash - pull hair,46,1
SEQ_031174,SUBJ_040724,Above ear - pull hair,60,2
SEQ_031176,SUBJ_034574,Neck - scratch,101,3
SEQ_031177,SUBJ_013623,Above ear - pull hair,73,4
SEQ_031178,SUBJ_040310,Eyelash - pull hair,62,1
SEQ_031189,SUBJ_028998,Above ear - pull hair,67,1
SEQ_031199,SUBJ_040282,Neck - scratch,53,1
SEQ_031204,SUBJ_032165,Eyebrow - pull hair,53,1
SEQ_031216,SUBJ_056936,Eyelash - pull hair,47,4
SEQ_031219,SUBJ_032165,Forehead - pull hairline,56,1
SEQ_031220,SUBJ_001430,Neck - scratch,52,0
SEQ_031222,SUBJ_012088,Wave hello,135,0
SEQ_031228,SUBJ_017807,Eyelash - pull hair,94,1
SEQ_031233,SUBJ_058967,Neck - pinch skin,68,4
SEQ_031234,SUBJ_003328,Above ear - pull hair,54,3
SEQ_031254,SUBJ_017807,Above ear - pull hair,96,1
SEQ_031270,SUBJ_024825,Pull air toward your face,65,4
SEQ_031279,SUBJ_019297,Wave hello,49,3
SEQ_031285,SUBJ_019297,Text on phone,55,3
SEQ_031286,SUBJ_041243,Forehead - scratch,87,0
SEQ_031290,SUBJ_019297,Cheek - pinch skin,65,3
SEQ_031293,SUBJ_057917,Forehead - scratch,68,2
SEQ_031305,SUBJ_064387,Text on phone,183,4
SEQ_031317,SUBJ_054811,Forehead - pull hairline,54,3
SEQ_031318,SUBJ_064387,Cheek - pinch skin,85,4
SEQ_031321,SUBJ_053173,Eyelash - pull hair,90,1
SEQ_031330,SUBJ_047636,Text on phone,66,0
SEQ_031331,SUBJ_040724,Eyebrow - pull hair,51,2
SEQ_031340,SUBJ_019262,Cheek - pinch skin,68,0
SEQ_031349,SUBJ_002923,Neck - pinch skin,59,3
SEQ_031373,SUBJ_059960,Wave hello,51,1
SEQ_031376,SUBJ_012088,Forehead - scratch,55,0
SEQ_031379,SUBJ_021670,Wave hello,48,2
SEQ_031380,SUBJ_019756,Eyelash - pull hair,46,4
SEQ_031398,SUBJ_049223,Neck - scratch,124,0
SEQ_031408,SUBJ_012088,Feel around in tray and pull out an object,66,0
SEQ_031423,SUBJ_040733,Pinch knee/leg skin,52,0
SEQ_031424,SUBJ_004117,Wave hello,83,3
SEQ_031434,SUBJ_053906,Text on phone,136,1
SEQ_031438,SUBJ_053217,Above ear - pull hair,81,4
SEQ_031446,SUBJ_054811,Neck - pinch skin,84,3
SEQ_031451,SUBJ_024137,Text on phone,65,3
SEQ_031458,SUBJ_032233,Wave hello,50,4
SEQ_031469,SUBJ_032585,Neck - scratch,53,3
SEQ_031472,SUBJ_059520,Pull air toward your face,73,1
SEQ_031486,SUBJ_019297,Pull air toward your face,50,3
SEQ_031497,SUBJ_017807,Neck - pinch skin,53,1
SEQ_031508,SUBJ_023739,Text on phone,170,2
SEQ_031519,SUBJ_040106,Neck - scratch,85,0
SEQ_031530,SUBJ_032233,Forehead - scratch,51,4
SEQ_031537,SUBJ_059520,Scratch knee/leg skin,57,1
SEQ_031542,SUBJ_058967,Neck - scratch,102,4
SEQ_031543,SUBJ_017170,Neck - pinch skin,121,2
SEQ_031545,SUBJ_056936,Feel around in tray and pull out an object,63,4
SEQ_031552,SUBJ_008728,Neck - scratch,125,2
SEQ_031561,SUBJ_040733,Text on phone,111,0
SEQ_031563,SUBJ_063447,Text on phone,151,0
SEQ_031573,SUBJ_036450,Eyebrow - pull hair,58,2
SEQ_031577,SUBJ_027671,Write name in air,51,1
SEQ_031585,SUBJ_056936,Eyebrow - pull hair,43,4
SEQ_031592,SUBJ_053173,Text on phone,72,1
SEQ_031611,SUBJ_042794,Eyebrow - pull hair,215,0
SEQ_031646,SUBJ_059330,Neck - pinch skin,87,4
SEQ_031647,SUBJ_013623,Wave hello,52,4
SEQ_031672,SUBJ_026824,Above ear - pull hair,64,4
SEQ_031678,SUBJ_053906,Forehead - pull hairline,98,1
SEQ_031684,SUBJ_059330,Eyelash - pull hair,70,4
SEQ_031687,SUBJ_013623,Text on phone,85,4
SEQ_031688,SUBJ_063464,Eyebrow - pull hair,50,2
SEQ_031695,SUBJ_042779,Neck - pinch skin,45,1
SEQ_031723,SUBJ_027682,Forehead - scratch,57,4
SEQ_031725,SUBJ_041770,Cheek - pinch skin,54,1
SEQ_031732,SUBJ_059520,Pull air toward your face,104,1
SEQ_031735,SUBJ_042794,Eyelash - pull hair,48,0
SEQ_031750,SUBJ_019756,Wave hello,72,4
SEQ_031752,SUBJ_016552,Neck - pinch skin,67,0
SEQ_031754,SUBJ_021670,Above ear - pull hair,63,2
SEQ_031758,SUBJ_047636,Neck - pinch skin,94,0
SEQ_031767,SUBJ_063319,Glasses on/off,61,4
SEQ_031776,SUBJ_058967,Above ear - pull hair,67,4
SEQ_031801,SUBJ_032233,Pull air toward your face,49,4
SEQ_031824,SUBJ_027671,Neck - pinch skin,47,1
SEQ_031827,SUBJ_036450,Neck - scratch,55,2
SEQ_031830,SUBJ_000206,Forehead - scratch,80,2
SEQ_031842,SUBJ_049223,Neck - scratch,134,0
SEQ_031863,SUBJ_030676,Eyelash - pull hair,84,4
SEQ_031875,SUBJ_024137,Neck - pinch skin,46,3
SEQ_031885,SUBJ_027682,Above ear - pull hair,60,4
SEQ_031908,SUBJ_027682,Above ear - pull hair,42,4
SEQ_031913,SUBJ_019663,Cheek - pinch skin,47,1
SEQ_031916,SUBJ_002923,Text on phone,125,3
SEQ_031925,SUBJ_017170,Pinch knee/leg skin,46,2
SEQ_031933,SUBJ_032585,Above ear - pull hair,57,3
SEQ_031940,SUBJ_054811,Above ear - pull hair,51,3
SEQ_031941,SUBJ_003328,Neck - pinch skin,50,3
SEQ_031945,SUBJ_038023,Write name in air,47,3
SEQ_031964,SUBJ_013623,Eyelash - pull hair,58,4
SEQ_031965,SUBJ_050642,Pull air toward your face,61,3
SEQ_031971,SUBJ_063346,Pull air toward your face,50,2
SEQ_031976,SUBJ_000206,Glasses on/off,129,2
SEQ_031979,SUBJ_042779,Above ear - pull hair,55,1
SEQ_031984,SUBJ_036405,Forehead - scratch,89,4
SEQ_031992,SUBJ_058786,Eyelash - pull hair,79,2
SEQ_031994,SUBJ_032165,Eyelash - pull hair,81,1
SEQ_032001,SUBJ_035353,Neck - pinch skin,48,3
SEQ_032003,SUBJ_019663,Wave hello,90,1
SEQ_032005,SUBJ_063447,Eyelash - pull hair,52,0
SEQ_032021,SUBJ_013623,Eyebrow - pull hair,149,4
SEQ_032029,SUBJ_047636,Write name on leg,53,0
SEQ_032031,SUBJ_016552,Forehead - pull hairline,56,0
SEQ_032041,SUBJ_032761,Eyelash - pull hair,71,2
SEQ_032044,SUBJ_044680,Eyebrow - pull hair,73,3
SEQ_032053,SUBJ_053906,Write name in air,49,1
SEQ_032055,SUBJ_053173,Eyelash - pull hair,72,1
SEQ_032064,SUBJ_038709,Text on phone,86,4
SEQ_032068,SUBJ_032761,Above ear - pull hair,56,2
SEQ_032079,SUBJ_021670,Cheek - pinch skin,66,2
SEQ_032083,SUBJ_039498,Wave hello,53,0
SEQ_032085,SUBJ_019663,Above ear - pull hair,50,1
SEQ_032091,SUBJ_003328,Neck - pinch skin,58,3
SEQ_032093,SUBJ_040310,Above ear - pull hair,55,1
SEQ_032095,SUBJ_054811,Text on phone,65,3
SEQ_032101,SUBJ_042779,Neck - scratch,75,1
SEQ_032105,SUBJ_039498,Neck - scratch,58,0
SEQ_032108,SUBJ_052342,Feel around in tray and pull out an object,86,3
SEQ_032114,SUBJ_040282,Text on phone,34,1
SEQ_032132,SUBJ_064387,Neck - scratch,55,4
SEQ_032135,SUBJ_055211,Feel around in tray and pull out an object,68,2
SEQ_032153,SUBJ_042254,Forehead - scratch,59,1
SEQ_032161,SUBJ_040282,Pull air toward your face,55,1
SEQ_032167,SUBJ_045235,Eyelash - pull hair,61,1
SEQ_032173,SUBJ_034574,Forehead - pull hairline,46,3
SEQ_032175,SUBJ_032761,Pull air toward your face,65,2
SEQ_032194,SUBJ_023739,Scratch knee/leg skin,141,2
SEQ_032196,SUBJ_042254,Eyebrow - pull hair,48,1
SEQ_032197,SUBJ_042779,Text on phone,55,1
SEQ_032214,SUBJ_032761,Cheek - pinch skin,86,2
SEQ_032218,SUBJ_027671,Neck - scratch,56,1
SEQ_032235,SUBJ_023739,Forehead - scratch,73,2
SEQ_032238,SUBJ_039498,Forehead - pull hairline,71,0
SEQ_032261,SUBJ_043192,Neck - scratch,134,3
SEQ_032263,SUBJ_052342,Write name in air,48,3
SEQ_032278,SUBJ_020948,Eyebrow - pull hair,47,0
SEQ_032295,SUBJ_058786,Cheek - pinch skin,74,2
SEQ_032298,SUBJ_038023,Pull air toward your face,53,3
SEQ_032303,SUBJ_008304,Pull air toward your face,53,0
SEQ_032314,SUBJ_002923,Cheek - pinch skin,57,3
SEQ_032321,SUBJ_032704,Pull air toward your face,80,1
SEQ_032332,SUBJ_024825,Pull air toward your face,49,4
SEQ_032335,SUBJ_063464,Neck - pinch skin,98,2
SEQ_032355,SUBJ_032761,Neck - pinch skin,50,2
SEQ_032357,SUBJ_032704,Write name in air,90,1
SEQ_032358,SUBJ_063346,Eyelash - pull hair,74,2
SEQ_032372,SUBJ_064387,Write name in air,47,4
SEQ_032389,SUBJ_042794,Pull air toward your face,48,0
SEQ_032402,SUBJ_042779,Eyebrow - pull hair,52,1
SEQ_032425,SUBJ_032704,Forehead - pull hairline,107,1
SEQ_032431,SUBJ_008728,Cheek - pinch skin,67,2
SEQ_032470,SUBJ_040724,Feel around in tray and pull out an object,95,2
SEQ_032475,SUBJ_058967,Eyelash - pull hair,70,4
SEQ_032494,SUBJ_040733,Feel around in tray and pull out an object,203,0
SEQ_032495,SUBJ_038023,Forehead - pull hairline,54,3
SEQ_032497,SUBJ_035353,Above ear - pull hair,48,3
SEQ_032502,SUBJ_055211,Text on phone,50,2
SEQ_032504,SUBJ_027682,Wave hello,50,4
SEQ_032515,SUBJ_016552,Neck - pinch skin,53,0
SEQ_032518,SUBJ_002923,Wave hello,80,3
SEQ_032521,SUBJ_032165,Neck - pinch skin,87,1
SEQ_032523,SUBJ_019297,Neck - pinch skin,54,3
SEQ_032532,SUBJ_013623,Neck - pinch skin,77,4
SEQ_032542,SUBJ_056936,Neck - pinch skin,52,4
SEQ_032552,SUBJ_028998,Cheek - pinch skin,51,1
SEQ_032558,SUBJ_038023,Text on phone,75,3
SEQ_032561,SUBJ_061552,Above ear - pull hair,58,0
SEQ_032566,SUBJ_032761,Cheek - pinch skin,47,2
SEQ_032567,SUBJ_021670,Cheek - pinch skin,56,2
SEQ_032569,SUBJ_063464,Forehead - pull hairline,76,2
SEQ_032597,SUBJ_049223,Neck - scratch,52,0
SEQ_032608,SUBJ_043192,Eyelash - pull hair,69,3
SEQ_032609,SUBJ_032165,Pinch knee/leg skin,50,1
SEQ_032628,SUBJ_038023,Above ear - pull hair,117,3
SEQ_032634,SUBJ_026460,Glasses on/off,53,3
SEQ_032641,SUBJ_038277,Write name in air,116,0
SEQ_032646,SUBJ_023739,Pinch knee/leg skin,66,2
SEQ_032655,SUBJ_047636,Eyelash - pull hair,101,0
SEQ_032656,SUBJ_019262,Pull air toward your face,49,0
SEQ_032658,SUBJ_024086,Cheek - pinch skin,53,2
SEQ_032672,SUBJ_039234,Neck - scratch,62,4
SEQ_032693,SUBJ_027671,Neck - pinch skin,55,1
SEQ_032698,SUBJ_020948,Text on phone,81,0
SEQ_032705,SUBJ_011323,Above ear - pull hair,65,2
SEQ_032710,SUBJ_040106,Pinch knee/leg skin,58,0
SEQ_032719,SUBJ_032704,Neck - pinch skin,52,1
SEQ_032752,SUBJ_016552,Forehead - scratch,93,0
SEQ_032761,SUBJ_020948,Drink from bottle/cup,61,0
SEQ_032768,SUBJ_063346,Neck - scratch,54,2
SEQ_032771,SUBJ_011323,Neck - scratch,55,2
SEQ_032778,SUBJ_019663,Cheek - pinch skin,47,1
SEQ_032800,SUBJ_027671,Forehead - pull hairline,55,1
SEQ_032806,SUBJ_017499,Neck - pinch skin,83,4
SEQ_032824,SUBJ_053906,Forehead - pull hairline,61,1
SEQ_032825,SUBJ_059330,Forehead - scratch,73,4
SEQ_032829,SUBJ_035353,Pull air toward your face,73,3
SEQ_032839,SUBJ_008728,Text on phone,196,2
SEQ_032860,SUBJ_052342,Forehead - pull hairline,68,3
SEQ_032861,SUBJ_028998,Write name in air,49,1
SEQ_032876,SUBJ_034574,Write name in air,50,3
SEQ_032882,SUBJ_032704,Eyebrow - pull hair,48,1
SEQ_032883,SUBJ_032233,Cheek - pinch skin,54,4
SEQ_032886,SUBJ_021670,Eyebrow - pull hair,198,2
SEQ_032889,SUBJ_034631,Eyelash - pull hair,47,3
SEQ_032890,SUBJ_032233,Eyelash - pull hair,54,4
SEQ_032893,SUBJ_063464,Wave hello,54,2
SEQ_032897,SUBJ_032761,Text on phone,93,2
SEQ_032902,SUBJ_054811,Cheek - pinch skin,93,3
SEQ_032931,SUBJ_038709,Cheek - pinch skin,76,4
SEQ_032933,SUBJ_026460,Eyelash - pull hair,130,3
SEQ_032935,SUBJ_019756,Wave hello,51,4
SEQ_032945,SUBJ_030676,Eyebrow - pull hair,52,4
SEQ_032951,SUBJ_063346,Eyebrow - pull hair,47,2
SEQ_032963,SUBJ_051942,Feel around in tray and pull out an object,66,2
SEQ_032974,SUBJ_019262,Pull air toward your face,63,0
SEQ_032975,SUBJ_058967,Write name in air,77,4
SEQ_032976,SUBJ_023739,Neck - scratch,277,2
SEQ_032984,SUBJ_026824,Neck - pinch skin,49,4
SEQ_033016,SUBJ_024086,Eyelash - pull hair,53,2
SEQ_033017,SUBJ_059520,Text on phone,71,1
SEQ_033022,SUBJ_000206,Eyelash - pull hair,50,2
SEQ_033029,SUBJ_041770,Feel around in tray and pull out an object,81,1
SEQ_033056,SUBJ_049223,Forehead - scratch,58,0
SEQ_033061,SUBJ_011323,Forehead - pull hairline,52,2
SEQ_033076,SUBJ_041770,Eyebrow - pull hair,67,1
SEQ_033097,SUBJ_053906,Write name in air,50,1
SEQ_033140,SUBJ_064387,Forehead - pull hairline,50,4
SEQ_033163,SUBJ_059330,Wave hello,103,4
SEQ_033171,SUBJ_008304,Forehead - scratch,68,0
SEQ_033186,SUBJ_019756,Cheek - pinch skin,99,4
SEQ_033198,SUBJ_028998,Write name in air,75,1
SEQ_033206,SUBJ_003328,Text on phone,125,3
SEQ_033216,SUBJ_032233,Above ear - pull hair,47,4
SEQ_033222,SUBJ_004117,Eyelash - pull hair,50,3
SEQ_033224,SUBJ_001430,Above ear - pull hair,55,0
SEQ_033227,SUBJ_055211,Wave hello,50,2
SEQ_033239,SUBJ_034574,Wave hello,50,3
SEQ_033241,SUBJ_027682,Feel around in tray and pull out an object,186,4
SEQ_033250,SUBJ_027682,Forehead - pull hairline,51,4
SEQ_033252,SUBJ_039234,Neck - pinch skin,65,4
SEQ_033270,SUBJ_027682,Above ear - pull hair,52,4
SEQ_033271,SUBJ_053173,Neck - scratch,57,1
SEQ_033278,SUBJ_032761,Eyelash - pull hair,74,2
SEQ_033289,SUBJ_059960,Eyebrow - pull hair,75,1
SEQ_033294,SUBJ_040733,Feel around in tray and pull out an object,76,0
SEQ_033296,SUBJ_049223,Eyebrow - pull hair,61,0
SEQ_033300,SUBJ_032704,Write name in air,52,1
SEQ_033301,SUBJ_039234,Forehead - scratch,65,4
SEQ_033304,SUBJ_044680,Neck - scratch,66,3
SEQ_033325,SUBJ_026460,Cheek - pinch skin,188,3
SEQ_033329,SUBJ_019663,Pinch knee/leg skin,49,1
SEQ_033333,SUBJ_040310,Pull air toward your face,63,1
SEQ_033347,SUBJ_027682,Scratch knee/leg skin,92,4
SEQ_033351,SUBJ_023739,Write name in air,75,2
SEQ_033355,SUBJ_047636,Neck - pinch skin,91,0
SEQ_033368,SUBJ_045235,Eyebrow - pull hair,52,1
SEQ_033382,SUBJ_063346,Forehead - pull hairline,54,2
SEQ_033388,SUBJ_053906,Wave hello,118,1
SEQ_033391,SUBJ_032704,Forehead - scratch,50,1
SEQ_033394,SUBJ_032585,Neck - pinch skin,59,3
SEQ_033402,SUBJ_041243,Pinch knee/leg skin,57,0
SEQ_033403,SUBJ_044680,Cheek - pinch skin,60,3
SEQ_033431,SUBJ_038277,Eyelash - pull hair,107,0
SEQ_033433,SUBJ_050642,Text on phone,93,3
SEQ_033439,SUBJ_024137,Eyelash - pull hair,70,3
SEQ_033441,SUBJ_059960,Above ear - pull hair,53,1
SEQ_033453,SUBJ_036450,Glasses on/off,70,2
SEQ_033458,SUBJ_027682,Neck - pinch skin,58,4
SEQ_033461,SUBJ_050642,Eyelash - pull hair,46,3
SEQ_033505,SUBJ_040724,Forehead - pull hairline,86,2
SEQ_033511,SUBJ_063464,Wave hello,110,2
SEQ_033523,SUBJ_053173,Above ear - pull hair,57,1
SEQ_033529,SUBJ_032585,Write name in air,98,3
SEQ_033531,SUBJ_059520,Write name in air,58,1
SEQ_033538,SUBJ_058786,Write name on leg,109,2
SEQ_033539,SUBJ_053217,Text on phone,57,4
SEQ_033559,SUBJ_050642,Pull air toward your face,67,3
SEQ_033571,SUBJ_041770,Eyelash - pull hair,51,1
SEQ_033572,SUBJ_028998,Text on phone,78,1
SEQ_033596,SUBJ_063464,Cheek - pinch skin,53,2
SEQ_033608,SUBJ_036450,Above ear - pull hair,54,2
SEQ_033609,SUBJ_004117,Wave hello,58,3
SEQ_033612,SUBJ_001430,Forehead - scratch,53,0
SEQ_033640,SUBJ_028998,Scratch knee/leg skin,138,1
SEQ_033641,SUBJ_032761,Write name in air,52,2
SEQ_033643,SUBJ_038277,Above ear - pull hair,52,0
SEQ_033649,SUBJ_019262,Eyebrow - pull hair,80,0
SEQ_033651,SUBJ_040282,Eyelash - pull hair,57,1
SEQ_033668,SUBJ_017499,Drink from bottle/cup,80,4
SEQ_033673,SUBJ_061552,Scratch knee/leg skin,92,0
SEQ_033681,SUBJ_034631,Write name in air,45,3
SEQ_033693,SUBJ_016552,Forehead - pull hairline,53,0
SEQ_033714,SUBJ_017170,Neck - pinch skin,45,2
SEQ_033722,SUBJ_024137,Eyelash - pull hair,52,3
SEQ_033733,SUBJ_063464,Neck - pinch skin,56,2
SEQ_033755,SUBJ_027682,Eyelash - pull hair,56,4
SEQ_033759,SUBJ_064387,Pinch knee/leg skin,71,4
SEQ_033765,SUBJ_063447,Neck - pinch skin,87,0
SEQ_033786,SUBJ_002923,Text on phone,93,3
SEQ_033792,SUBJ_004117,Pull air toward your face,59,3
SEQ_033816,SUBJ_053173,Neck - pinch skin,57,1
SEQ_033817,SUBJ_039498,Forehead - scratch,60,0
SEQ_033830,SUBJ_019756,Text on phone,60,4
SEQ_033841,SUBJ_032704,Text on phone,169,1
SEQ_033855,SUBJ_063464,Eyelash - pull hair,58,2
SEQ_033859,SUBJ_058967,Drink from bottle/cup,99,4
SEQ_033867,SUBJ_002923,Neck - scratch,69,3
SEQ_033883,SUBJ_057917,Forehead - pull hairline,47,2
SEQ_033888,SUBJ_063447,Pull air toward your face,51,0
SEQ_033900,SUBJ_032165,Neck - pinch skin,64,1
SEQ_033903,SUBJ_058967,Wave hello,60,4
SEQ_033905,SUBJ_059960,Cheek - pinch skin,64,1
SEQ_033911,SUBJ_012088,Neck - pinch skin,88,0
SEQ_033922,SUBJ_011323,Pull air toward your face,49,2
SEQ_033924,SUBJ_017499,Text on phone,84,4
SEQ_033979,SUBJ_030676,Forehead - pull hairline,52,4
SEQ_033984,SUBJ_063319,Forehead - pull hairline,50,4
SEQ_033998,SUBJ_038277,Text on phone,91,0
SEQ_034006,SUBJ_038709,Eyebrow - pull hair,137,4
SEQ_034019,SUBJ_041770,Wave hello,95,1
SEQ_034024,SUBJ_008728,Above ear - pull hair,47,2
SEQ_034025,SUBJ_045235,Eyebrow - pull hair,54,1
SEQ_034030,SUBJ_063319,Neck - scratch,83,4
SEQ_034035,SUBJ_028998,Glasses on/off,78,1
SEQ_034037,SUBJ_021670,Neck - scratch,80,2
SEQ_034048,SUBJ_026460,Neck - pinch skin,53,3
SEQ_034051,SUBJ_044680,Drink from bottle/cup,81,3
SEQ_034072,SUBJ_004117,Forehead - scratch,73,3
SEQ_034089,SUBJ_045235,Feel around in tray and pull out an object,50,1
SEQ_034091,SUBJ_044680,Eyebrow - pull hair,91,3
SEQ_034092,SUBJ_054811,Cheek - pinch skin,61,3
SEQ_034096,SUBJ_039234,Write name in air,92,4
SEQ_034104,SUBJ_017807,Neck - scratch,162,1
SEQ_034113,SUBJ_034574,Neck - pinch skin,70,3
SEQ_034120,SUBJ_026460,Pull air toward your face,44,3
SEQ_034122,SUBJ_054811,Cheek - pinch skin,51,3
SEQ_034124,SUBJ_036450,Neck - scratch,107,2
SEQ_034129,SUBJ_019756,Neck - scratch,46,4
SEQ_034132,SUBJ_038709,Neck - scratch,90,4
SEQ_034137,SUBJ_058967,Above ear - pull hair,114,4
SEQ_034139,SUBJ_040310,Drink from bottle/cup,50,1
SEQ_034145,SUBJ_040106,Feel around in tray and pull out an object,63,0
SEQ_034154,SUBJ_049223,Forehead - pull hairline,53,0
SEQ_034160,SUBJ_059330,Write name in air,64,4
SEQ_034165,SUBJ_038709,Cheek - pinch skin,51,4
SEQ_034175,SUBJ_058786,Above ear - pull hair,56,2
SEQ_034182,SUBJ_051942,Forehead - scratch,51,2
SEQ_034184,SUBJ_027671,Pull air toward your face,53,1
SEQ_034191,SUBJ_032761,Forehead - pull hairline,76,2
SEQ_034195,SUBJ_040724,Eyebrow - pull hair,50,2
SEQ_034249,SUBJ_038023,Above ear - pull hair,53,3
SEQ_034250,SUBJ_063319,Drink from bottle/cup,160,4
SEQ_034251,SUBJ_013623,Forehead - pull hairline,94,4
SEQ_034259,SUBJ_063447,Glasses on/off,113,0
SEQ_034276,SUBJ_039234,Neck - scratch,75,4
SEQ_034277,SUBJ_042254,Above ear - pull hair,54,1
SEQ_034280,SUBJ_017807,Eyelash - pull hair,52,1
SEQ_034290,SUBJ_024086,Eyebrow - pull hair,59,2
SEQ_034299,SUBJ_012088,Above ear - pull hair,92,0
SEQ_034307,SUBJ_017499,Pinch knee/leg skin,84,4
SEQ_034320,SUBJ_023739,Cheek - pinch skin,53,2
SEQ_034322,SUBJ_003328,Eyelash - pull hair,50,3
SEQ_034324,SUBJ_039498,Neck - pinch skin,79,0
SEQ_034326,SUBJ_003328,Above ear - pull hair,104,3
SEQ_034327,SUBJ_017499,Neck - pinch skin,90,4
SEQ_034355,SUBJ_041243,Above ear - pull hair,102,0
SEQ_034359,SUBJ_011323,Pull air toward your face,50,2
SEQ_034367,SUBJ_016552,Neck - scratch,84,0
SEQ_034380,SUBJ_032233,Eyebrow - pull hair,53,4
SEQ_034397,SUBJ_020948,Neck - pinch skin,65,0
SEQ_034419,SUBJ_056936,Neck - scratch,74,4
SEQ_034424,SUBJ_027682,Write name in air,88,4
SEQ_034460,SUBJ_059330,Eyelash - pull hair,70,4
SEQ_034465,SUBJ_047636,Cheek - pinch skin,85,0
SEQ_034467,SUBJ_017499,Cheek - pinch skin,104,4
SEQ_034470,SUBJ_061552,Cheek - pinch skin,58,0
SEQ_034482,SUBJ_042254,Cheek - pinch skin,45,1
SEQ_034485,SUBJ_053173,Wave hello,60,1
SEQ_034492,SUBJ_057917,Eyelash - pull hair,65,2
SEQ_034514,SUBJ_052342,Above ear - pull hair,89,3
SEQ_034517,SUBJ_040733,Forehead - scratch,97,0
SEQ_034518,SUBJ_026824,Eyebrow - pull hair,52,4
SEQ_034537,SUBJ_001430,Cheek - pinch skin,49,0
SEQ_034539,SUBJ_063319,Cheek - pinch skin,83,4
SEQ_034543,SUBJ_041243,Neck - scratch,55,0
SEQ_034566,SUBJ_011323,Neck - scratch,100,2
SEQ_034571,SUBJ_032704,Write name on leg,49,1
SEQ_034574,SUBJ_004117,Eyebrow - pull hair,47,3
SEQ_034593,SUBJ_019262,Wave hello,58,0
SEQ_034594,SUBJ_042254,Neck - pinch skin,54,1
SEQ_034598,SUBJ_012088,Forehead - scratch,91,0
SEQ_034605,SUBJ_001430,Write name in air,52,0
SEQ_034622,SUBJ_020948,Eyebrow - pull hair,105,0
SEQ_034628,SUBJ_052342,Wave hello,53,3
SEQ_034630,SUBJ_034631,Forehead - scratch,48,3
SEQ_034636,SUBJ_013623,Feel around in tray and pull out an object,148,4
SEQ_034651,SUBJ_003328,Write name in air,68,3
SEQ_034652,SUBJ_050642,Neck - pinch skin,44,3
SEQ_034661,SUBJ_040282,Eyelash - pull hair,81,1
SEQ_034662,SUBJ_004117,Text on phone,97,3
SEQ_034668,SUBJ_063346,Wave hello,127,2
SEQ_034676,SUBJ_038023,Write name on leg,49,3
SEQ_034706,SUBJ_063346,Drink from bottle/cup,94,2
SEQ_034723,SUBJ_019297,Cheek - pinch skin,44,3
SEQ_034729,SUBJ_026824,Eyebrow - pull hair,42,4
SEQ_034738,SUBJ_027671,Drink from bottle/cup,64,1
SEQ_034747,SUBJ_012088,Neck - scratch,84,0
SEQ_034748,SUBJ_017170,Forehead - scratch,49,2
SEQ_034749,SUBJ_040733,Pull air toward your face,59,0
SEQ_034758,SUBJ_038023,Above ear - pull hair,49,3
SEQ_034774,SUBJ_053173,Text on phone,124,1
SEQ_034794,SUBJ_020948,Text on phone,90,0
SEQ_034797,SUBJ_061552,Wave hello,59,0
SEQ_034815,SUBJ_041770,Forehead - scratch,47,1
SEQ_034866,SUBJ_036405,Neck - scratch,213,4
SEQ_034878,SUBJ_040724,Wave hello,55,2
SEQ_034895,SUBJ_024825,Wave hello,47,4
SEQ_034898,SUBJ_042794,Forehead - scratch,48,0
SEQ_034912,SUBJ_049223,Neck - scratch,46,0
SEQ_034913,SUBJ_043192,Forehead - scratch,93,3
SEQ_034919,SUBJ_008728,Neck - pinch skin,50,2
SEQ_034921,SUBJ_002923,Above ear - pull hair,69,3
SEQ_034922,SUBJ_050642,Glasses on/off,124,3
SEQ_034924,SUBJ_019756,Text on phone,76,4
SEQ_034925,SUBJ_038709,Above ear - pull hair,69,4
SEQ_034926,SUBJ_041243,Eyelash - pull hair,53,0
SEQ_034927,SUBJ_016552,Wave hello,59,0
SEQ_034944,SUBJ_032761,Neck - pinch skin,60,2
SEQ_034947,SUBJ_001430,Eyelash - pull hair,55,0
SEQ_034962,SUBJ_020948,Glasses on/off,182,0
SEQ_034994,SUBJ_011323,Forehead - pull hairline,70,2
SEQ_034999,SUBJ_043192,Forehead - scratch,56,3
SEQ_035009,SUBJ_034574,Wave hello,62,3
SEQ_035014,SUBJ_040282,Neck - pinch skin,61,1
SEQ_035034,SUBJ_047636,Pull air toward your face,49,0
SEQ_035037,SUBJ_019663,Forehead - pull hairline,49,1
SEQ_035040,SUBJ_008728,Above ear - pull hair,63,2
SEQ_035049,SUBJ_021670,Forehead - pull hairline,55,2
SEQ_035054,SUBJ_044680,Above ear - pull hair,49,3
SEQ_035062,SUBJ_040724,Text on phone,64,2
SEQ_035067,SUBJ_008304,Forehead - scratch,48,0
SEQ_035072,SUBJ_024086,Neck - scratch,57,2
SEQ_035078,SUBJ_036405,Neck - pinch skin,55,4
SEQ_035080,SUBJ_023739,Wave hello,90,2
SEQ_035085,SUBJ_030676,Wave hello,229,4
SEQ_035090,SUBJ_011323,Neck - scratch,87,2
SEQ_035105,SUBJ_027671,Forehead - scratch,44,1
SEQ_035116,SUBJ_011323,Eyebrow - pull hair,52,2
SEQ_035121,SUBJ_027682,Neck - scratch,96,4
SEQ_035132,SUBJ_040310,Above ear - pull hair,47,1
SEQ_035141,SUBJ_003328,Cheek - pinch skin,64,3
SEQ_035148,SUBJ_023739,Wave hello,60,2
SEQ_035149,SUBJ_051942,Above ear - pull hair,63,2
SEQ_035154,SUBJ_058967,Neck - scratch,62,4
SEQ_035156,SUBJ_002923,Forehead - scratch,53,3
SEQ_035158,SUBJ_019262,Neck - scratch,72,0
SEQ_035161,SUBJ_032233,Pull air toward your face,57,4
SEQ_035166,SUBJ_043192,Eyebrow - pull hair,61,3
SEQ_035175,SUBJ_044680,Cheek - pinch skin,60,3
SEQ_035188,SUBJ_032704,Cheek - pinch skin,120,1
SEQ_035191,SUBJ_041770,Wave hello,98,1
SEQ_035192,SUBJ_032761,Pull air toward your face,50,2
SEQ_035204,SUBJ_004117,Cheek - pinch skin,59,3
SEQ_035209,SUBJ_042254,Eyelash - pull hair,64,1
SEQ_035219,SUBJ_044680,Neck - pinch skin,94,3
SEQ_035221,SUBJ_026460,Forehead - pull hairline,46,3
SEQ_035225,SUBJ_019262,Forehead - scratch,60,0
SEQ_035244,SUBJ_003328,Above ear - pull hair,113,3
SEQ_035249,SUBJ_034574,Above ear - pull hair,58,3
SEQ_035250,SUBJ_059330,Above ear - pull hair,57,4
SEQ_035252,SUBJ_040106,Write name in air,52,0
SEQ_035256,SUBJ_023739,Eyelash - pull hair,56,2
SEQ_035267,SUBJ_058786,Neck - scratch,95,2
SEQ_035276,SUBJ_047636,Wave hello,50,0
SEQ_035283,SUBJ_019756,Text on phone,121,4
SEQ_035285,SUBJ_041770,Eyelash - pull hair,60,1
SEQ_035294,SUBJ_012088,Pull air toward your face,96,0
SEQ_035303,SUBJ_044680,Forehead - scratch,78,3
SEQ_035304,SUBJ_024086,Eyebrow - pull hair,49,2
SEQ_035308,SUBJ_038023,Feel around in tray and pull out an object,102,3
SEQ_035309,SUBJ_011323,Above ear - pull hair,51,2
SEQ_035313,SUBJ_058967,Glasses on/off,75,4
SEQ_035315,SUBJ_043192,Cheek - pinch skin,51,3
SEQ_035331,SUBJ_040282,Forehead - pull hairline,51,1
SEQ_035359,SUBJ_024825,Eyelash - pull hair,50,4
SEQ_035361,SUBJ_050642,Write name in air,61,3
SEQ_035363,SUBJ_045235,Eyelash - pull hair,87,1
SEQ_035370,SUBJ_045235,Write name in air,45,1
SEQ_035371,SUBJ_050642,Eyebrow - pull hair,65,3
SEQ_035377,SUBJ_038277,Scratch knee/leg skin,49,0
SEQ_035388,SUBJ_012088,Eyelash - pull hair,101,0
SEQ_035391,SUBJ_032585,Write name in air,68,3
SEQ_035401,SUBJ_040282,Cheek - pinch skin,73,1
SEQ_035402,SUBJ_019297,Scratch knee/leg skin,139,3
SEQ_035419,SUBJ_011323,Forehead - pull hairline,46,2
SEQ_035422,SUBJ_017499,Pull air toward your face,108,4
SEQ_035429,SUBJ_017170,Write name in air,64,2
SEQ_035437,SUBJ_017499,Feel around in tray and pull out an object,67,4
SEQ_035441,SUBJ_034574,Neck - pinch skin,54,3
SEQ_035451,SUBJ_044680,Glasses on/off,74,3
SEQ_035452,SUBJ_058786,Eyebrow - pull hair,49,2
SEQ_035461,SUBJ_016552,Cheek - pinch skin,101,0
SEQ_035473,SUBJ_051942,Wave hello,53,2
SEQ_035478,SUBJ_063464,Pull air toward your face,59,2
SEQ_035480,SUBJ_017499,Write name on leg,72,4
SEQ_035520,SUBJ_038709,Eyebrow - pull hair,52,4
SEQ_035531,SUBJ_019756,Neck - pinch skin,48,4
SEQ_035536,SUBJ_034574,Write name in air,48,3
SEQ_035538,SUBJ_032761,Above ear - pull hair,53,2
SEQ_035544,SUBJ_019262,Neck - pinch skin,50,0
SEQ_035547,SUBJ_064387,Wave hello,48,4
SEQ_035568,SUBJ_034631,Neck - scratch,56,3
SEQ_035584,SUBJ_002923,Write name in air,51,3
SEQ_035585,SUBJ_057917,Write name in air,45,2
SEQ_035607,SUBJ_053217,Pull air toward your face,55,4
SEQ_035610,SUBJ_017499,Neck - scratch,50,4
SEQ_035611,SUBJ_030676,Eyebrow - pull hair,50,4
SEQ_035619,SUBJ_038709,Write name in air,47,4
SEQ_035629,SUBJ_030676,Forehead - scratch,57,4
SEQ_035644,SUBJ_040282,Cheek - pinch skin,68,1
SEQ_035645,SUBJ_020948,Write name in air,84,0
SEQ_035653,SUBJ_019262,Text on phone,63,0
SEQ_035655,SUBJ_063346,Forehead - scratch,57,2
SEQ_035678,SUBJ_042254,Above ear - pull hair,49,1
SEQ_035699,SUBJ_011323,Text on phone,148,2
SEQ_035707,SUBJ_028998,Forehead - scratch,94,1
SEQ_035715,SUBJ_039498,Neck - pinch skin,61,0
SEQ_035724,SUBJ_032233,Text on phone,63,4
SEQ_035739,SUBJ_035353,Neck - scratch,127,3
SEQ_035766,SUBJ_056936,Eyelash - pull hair,71,4
SEQ_035772,SUBJ_019262,Scratch knee/leg skin,64,0
SEQ_035776,SUBJ_063464,Text on phone,63,2
SEQ_035790,SUBJ_027671,Feel around in tray and pull out an object,79,1
SEQ_035795,SUBJ_059330,Text on phone,146,4
SEQ_035798,SUBJ_063447,Neck - scratch,97,0
SEQ_035816,SUBJ_019756,Eyelash - pull hair,76,4
SEQ_035829,SUBJ_019756,Eyelash - pull hair,53,4
SEQ_035831,SUBJ_058786,Pull air toward your face,62,2
SEQ_035844,SUBJ_058967,Text on phone,95,4
SEQ_035847,SUBJ_024137,Cheek - pinch skin,49,3
SEQ_035864,SUBJ_032233,Neck - scratch,46,4
SEQ_035910,SUBJ_012088,Forehead - scratch,50,0
SEQ_035918,SUBJ_056936,Text on phone,88,4
SEQ_035924,SUBJ_059330,Forehead - scratch,53,4
SEQ_035929,SUBJ_064387,Eyelash - pull hair,63,4
SEQ_035935,SUBJ_032761,Neck - pinch skin,72,2
SEQ_035945,SUBJ_030676,Text on phone,87,4
SEQ_035965,SUBJ_017499,Forehead - pull hairline,51,4
SEQ_035966,SUBJ_040310,Write name in air,50,1
SEQ_035968,SUBJ_026824,Scratch knee/leg skin,148,4
SEQ_035969,SUBJ_036450,Forehead - scratch,55,2
SEQ_035977,SUBJ_019756,Drink from bottle/cup,59,4
SEQ_035982,SUBJ_039234,Write name in air,54,4
SEQ_035983,SUBJ_047636,Write name in air,50,0
SEQ_035989,SUBJ_024086,Neck - scratch,44,2
SEQ_035991,SUBJ_053906,Pull air toward your face,49,1
SEQ_035995,SUBJ_032165,Pull air toward your face,98,1
SEQ_036000,SUBJ_021670,Eyelash - pull hair,45,2
SEQ_036006,SUBJ_049223,Wave hello,55,0
SEQ_036017,SUBJ_040733,Write name in air,302,0
SEQ_036023,SUBJ_001430,Cheek - pinch skin,50,0
SEQ_036040,SUBJ_036405,Glasses on/off,92,4
SEQ_036048,SUBJ_032233,Drink from bottle/cup,63,4
SEQ_036066,SUBJ_002923,Above ear - pull hair,55,3
SEQ_036068,SUBJ_038277,Forehead - pull hairline,106,0
SEQ_036069,SUBJ_012088,Forehead - scratch,89,0
SEQ_036075,SUBJ_055211,Pull air toward your face,54,2
SEQ_036077,SUBJ_041770,Cheek - pinch skin,60,1
SEQ_036097,SUBJ_008728,Neck - scratch,54,2
SEQ_036103,SUBJ_059520,Pinch knee/leg skin,107,1
SEQ_036112,SUBJ_021670,Pinch knee/leg skin,49,2
SEQ_036113,SUBJ_038023,Cheek - pinch skin,59,3
SEQ_036128,SUBJ_052342,Neck - pinch skin,89,3
SEQ_036141,SUBJ_028998,Neck - scratch,88,1
SEQ_036178,SUBJ_040724,Above ear - pull hair,58,2
SEQ_036189,SUBJ_052342,Cheek - pinch skin,53,3
SEQ_036202,SUBJ_027671,Neck - pinch skin,68,1
SEQ_036204,SUBJ_000206,Neck - scratch,54,2
SEQ_036205,SUBJ_038277,Scratch knee/leg skin,78,0
SEQ_036215,SUBJ_013623,Pull air toward your face,49,4
SEQ_036220,SUBJ_061552,Eyebrow - pull hair,98,0
SEQ_036222,SUBJ_061552,Write name in air,105,0
SEQ_036232,SUBJ_051942,Forehead - scratch,79,2
SEQ_036238,SUBJ_032761,Neck - pinch skin,60,2
SEQ_036241,SUBJ_058786,Write name in air,53,2
SEQ_036244,SUBJ_052342,Text on phone,212,3
SEQ_036249,SUBJ_017499,Eyebrow - pull hair,51,4
SEQ_036262,SUBJ_040733,Eyelash - pull hair,58,0
SEQ_036266,SUBJ_003328,Pull air toward your face,52,3
SEQ_036291,SUBJ_002923,Cheek - pinch skin,67,3
SEQ_036292,SUBJ_038277,Neck - pinch skin,55,0
SEQ_036295,SUBJ_041770,Write name in air,61,1
SEQ_036302,SUBJ_036450,Forehead - pull hairline,51,2
SEQ_036305,SUBJ_024825,Feel around in tray and pull out an object,103,4
SEQ_036309,SUBJ_064387,Neck - scratch,48,4
SEQ_036313,SUBJ_039498,Text on phone,66,0
SEQ_036318,SUBJ_047636,Eyelash - pull hair,51,0
SEQ_036324,SUBJ_000206,Above ear - pull hair,52,2
SEQ_036333,SUBJ_045235,Write name in air,53,1
SEQ_036334,SUBJ_038709,Wave hello,56,4
SEQ_036342,SUBJ_063346,Above ear - pull hair,57,2
SEQ_036347,SUBJ_032704,Neck - pinch skin,48,1
SEQ_036363,SUBJ_042779,Pull air toward your face,54,1
SEQ_036369,SUBJ_038023,Scratch knee/leg skin,70,3
SEQ_036371,SUBJ_041243,Text on phone,72,0
SEQ_036395,SUBJ_019756,Cheek - pinch skin,52,4
SEQ_036397,SUBJ_024137,Write name in air,59,3
SEQ_036407,SUBJ_052342,Pull air toward your face,56,3
SEQ_036418,SUBJ_040310,Cheek - pinch skin,46,1
SEQ_036421,SUBJ_064387,Above ear - pull hair,54,4
SEQ_036422,SUBJ_026460,Above ear - pull hair,70,3
SEQ_036437,SUBJ_004117,Pull air toward your face,47,3
SEQ_036447,SUBJ_040310,Eyebrow - pull hair,88,1
SEQ_036457,SUBJ_044680,Eyebrow - pull hair,53,3
SEQ_036480,SUBJ_059960,Eyelash - pull hair,62,1
SEQ_036484,SUBJ_019756,Text on phone,63,4
SEQ_036503,SUBJ_063319,Neck - pinch skin,52,4
SEQ_036507,SUBJ_040106,Cheek - pinch skin,51,0
SEQ_036509,SUBJ_004117,Above ear - pull hair,55,3
SEQ_036512,SUBJ_042254,Forehead - pull hairline,48,1
SEQ_036516,SUBJ_064387,Neck - scratch,102,4
SEQ_036519,SUBJ_038277,Write name on leg,115,0
SEQ_036525,SUBJ_063346,Text on phone,120,2
SEQ_036528,SUBJ_042779,Eyelash - pull hair,49,1
SEQ_036543,SUBJ_036450,Wave hello,81,2
SEQ_036548,SUBJ_047636,Eyebrow - pull hair,53,0
SEQ_036566,SUBJ_039234,Write name in air,55,4
SEQ_036574,SUBJ_058786,Forehead - scratch,74,2
SEQ_036576,SUBJ_028998,Forehead - scratch,54,1
SEQ_036584,SUBJ_026460,Write name in air,46,3
SEQ_036585,SUBJ_030676,Text on phone,75,4
SEQ_036589,SUBJ_017807,Eyebrow - pull hair,91,1
SEQ_036595,SUBJ_051942,Cheek - pinch skin,51,2
SEQ_036607,SUBJ_032233,Pull air toward your face,47,4
SEQ_036609,SUBJ_000206,Forehead - scratch,131,2
SEQ_036610,SUBJ_003328,Neck - scratch,104,3
SEQ_036615,SUBJ_054811,Eyebrow - pull hair,121,3
SEQ_036626,SUBJ_063319,Above ear - pull hair,49,4
SEQ_036665,SUBJ_041243,Neck - scratch,62,0
SEQ_036666,SUBJ_038709,Forehead - scratch,71,4
SEQ_036668,SUBJ_056936,Above ear - pull hair,46,4
SEQ_036684,SUBJ_059520,Eyelash - pull hair,94,1
SEQ_036686,SUBJ_059520,Eyelash - pull hair,57,1
SEQ_036695,SUBJ_012088,Eyelash - pull hair,50,0
SEQ_036698,SUBJ_032165,Eyelash - pull hair,90,1
SEQ_036708,SUBJ_032585,Pull air toward your face,85,3
SEQ_036710,SUBJ_008728,Pull air toward your face,46,2
SEQ_036734,SUBJ_039234,Write name on leg,85,4
SEQ_036736,SUBJ_024086,Text on phone,72,2
SEQ_036738,SUBJ_040310,Text on phone,109,1
SEQ_036743,SUBJ_063447,Neck - scratch,47,0
SEQ_036744,SUBJ_063319,Forehead - pull hairline,88,4
SEQ_036750,SUBJ_053906,Eyelash - pull hair,80,1
SEQ_036756,SUBJ_040733,Forehead - pull hairline,80,0
SEQ_036760,SUBJ_004117,Eyelash - pull hair,76,3
SEQ_036775,SUBJ_032233,Pinch knee/leg skin,46,4
SEQ_036785,SUBJ_004117,Above ear - pull hair,62,3
SEQ_036788,SUBJ_039498,Glasses on/off,70,0
SEQ_036797,SUBJ_017170,Wave hello,47,2
SEQ_036799,SUBJ_019262,Glasses on/off,100,0
SEQ_036801,SUBJ_028998,Wave hello,91,1
SEQ_036808,SUBJ_063346,Eyebrow - pull hair,51,2
SEQ_036809,SUBJ_002923,Text on phone,87,3
SEQ_036816,SUBJ_032165,Glasses on/off,70,1
SEQ_036828,SUBJ_035353,Eyelash - pull hair,49,3
SEQ_036833,SUBJ_040282,Neck - scratch,48,1
SEQ_036840,SUBJ_032704,Feel around in tray and pull out an object,151,1
SEQ_036857,SUBJ_040282,Text on phone,70,1
SEQ_036864,SUBJ_061552,Forehead - scratch,96,0
SEQ_036872,SUBJ_059520,Text on phone,80,1
SEQ_036875,SUBJ_063464,Above ear - pull hair,51,2
SEQ_036877,SUBJ_013623,Text on phone,112,4
SEQ_036882,SUBJ_055211,Forehead - scratch,51,2
SEQ_036886,SUBJ_040310,Eyelash - pull hair,55,1
SEQ_036889,SUBJ_063319,Wave hello,57,4
SEQ_036893,SUBJ_038709,Scratch knee/leg skin,52,4
SEQ_036899,SUBJ_036450,Above ear - pull hair,56,2
SEQ_036906,SUBJ_016552,Text on phone,72,0
SEQ_036909,SUBJ_059520,Feel around in tray and pull out an object,284,1
SEQ_036924,SUBJ_038277,Forehead - scratch,50,0
SEQ_036927,SUBJ_042794,Wave hello,50,0
SEQ_036942,SUBJ_058786,Text on phone,81,2
SEQ_036946,SUBJ_023739,Wave hello,50,2
SEQ_036951,SUBJ_057917,Pinch knee/leg skin,48,2
SEQ_036961,SUBJ_042794,Forehead - pull hairline,49,0
SEQ_036965,SUBJ_059330,Eyebrow - pull hair,54,4
SEQ_036973,SUBJ_041243,Forehead - pull hairline,55,0
SEQ_036980,SUBJ_034631,Write name in air,79,3
SEQ_036987,SUBJ_045235,Forehead - pull hairline,51,1
SEQ_036992,SUBJ_064387,Write name in air,73,4
SEQ_036993,SUBJ_055211,Wave hello,50,2
SEQ_036999,SUBJ_038023,Pinch knee/leg skin,70,3
SEQ_037011,SUBJ_002923,Pull air toward your face,53,3
SEQ_037012,SUBJ_043192,Above ear - pull hair,51,3
SEQ_037016,SUBJ_059330,Eyebrow - pull hair,56,4
SEQ_037044,SUBJ_002923,Neck - pinch skin,75,3
SEQ_037051,SUBJ_024137,Drink from bottle/cup,61,3
SEQ_037063,SUBJ_019297,Cheek - pinch skin,60,3
SEQ_037074,SUBJ_030676,Above ear - pull hair,77,4
SEQ_037076,SUBJ_053217,Neck - scratch,62,4
SEQ_037092,SUBJ_044680,Forehead - scratch,57,3
SEQ_037108,SUBJ_057917,Feel around in tray and pull out an object,220,2
SEQ_037118,SUBJ_063464,Pull air toward your face,74,2
SEQ_037134,SUBJ_061552,Eyelash - pull hair,92,0
SEQ_037140,SUBJ_032165,Above ear - pull hair,98,1
SEQ_037149,SUBJ_021670,Text on phone,112,2
SEQ_037153,SUBJ_013623,Eyebrow - pull hair,53,4
SEQ_037158,SUBJ_055211,Glasses on/off,54,2
SEQ_037161,SUBJ_032233,Forehead - pull hairline,54,4
SEQ_037162,SUBJ_047636,Neck - scratch,95,0
SEQ_037173,SUBJ_008304,Neck - pinch skin,68,0
SEQ_037191,SUBJ_036450,Neck - scratch,59,2
SEQ_037197,SUBJ_042254,Forehead - scratch,68,1
SEQ_037201,SUBJ_052342,Text on phone,191,3
SEQ_037208,SUBJ_040724,Cheek - pinch skin,51,2
SEQ_037218,SUBJ_050642,Forehead - pull hairline,46,3
SEQ_037226,SUBJ_041243,Cheek - pinch skin,54,0
SEQ_037227,SUBJ_000206,Wave hello,44,2
SEQ_037231,SUBJ_036450,Write name on leg,50,2
SEQ_037236,SUBJ_013623,Forehead - pull hairline,53,4
SEQ_037238,SUBJ_032704,Neck - scratch,48,1
SEQ_037250,SUBJ_056936,Eyebrow - pull hair,48,4
SEQ_037263,SUBJ_059520,Drink from bottle/cup,91,1
SEQ_037277,SUBJ_028998,Eyebrow - pull hair,71,1
SEQ_037282,SUBJ_040724,Neck - pinch skin,53,2
SEQ_037283,SUBJ_063447,Neck - pinch skin,53,0
SEQ_037284,SUBJ_039234,Cheek - pinch skin,93,4
SEQ_037287,SUBJ_049223,Forehead - pull hairline,54,0
SEQ_037298,SUBJ_013623,Pull air toward your face,62,4
SEQ_037312,SUBJ_053173,Neck - pinch skin,58,1
SEQ_037330,SUBJ_045235,Wave hello,53,1
SEQ_037344,SUBJ_057917,Cheek - pinch skin,68,2
SEQ_037347,SUBJ_026460,Forehead - pull hairline,65,3
SEQ_037352,SUBJ_043192,Text on phone,161,3
SEQ_037363,SUBJ_002923,Glasses on/off,57,3
SEQ_037366,SUBJ_041243,Glasses on/off,82,0
SEQ_037375,SUBJ_032761,Wave hello,76,2
SEQ_037397,SUBJ_058786,Cheek - pinch skin,54,2
SEQ_037403,SUBJ_032761,Eyebrow - pull hair,49,2
SEQ_037405,SUBJ_008728,Cheek - pinch skin,61,2
SEQ_037413,SUBJ_039498,Eyelash - pull hair,56,0
SEQ_037438,SUBJ_024137,Text on phone,55,3
SEQ_037440,SUBJ_027682,Forehead - pull hairline,80,4
SEQ_037451,SUBJ_047636,Write name in air,50,0
SEQ_037458,SUBJ_032704,Text on phone,170,1
SEQ_037462,SUBJ_017170,Forehead - pull hairline,46,2
SEQ_037472,SUBJ_032704,Neck - scratch,50,1
SEQ_037482,SUBJ_019262,Cheek - pinch skin,51,0
SEQ_037485,SUBJ_027671,Write name in air,76,1
SEQ_037487,SUBJ_016552,Write name in air,47,0
SEQ_037497,SUBJ_058967,Pull air toward your face,126,4
SEQ_037500,SUBJ_021670,Neck - scratch,54,2
SEQ_037517,SUBJ_057917,Wave hello,48,2
SEQ_037521,SUBJ_019756,Neck - pinch skin,50,4
SEQ_037538,SUBJ_051942,Forehead - pull hairline,53,2
SEQ_037540,SUBJ_019297,Neck - scratch,59,3
SEQ_037544,SUBJ_040282,Above ear - pull hair,87,1
SEQ_037550,SUBJ_019663,Wave hello,48,1
SEQ_037557,SUBJ_019663,Eyelash - pull hair,67,1
SEQ_037559,SUBJ_038709,Neck - scratch,88,4
SEQ_037565,SUBJ_038023,Forehead - scratch,85,3
SEQ_037595,SUBJ_040310,Cheek - pinch skin,51,1
SEQ_037605,SUBJ_004117,Drink from bottle/cup,92,3
SEQ_037606,SUBJ_059960,Cheek - pinch skin,51,1
SEQ_037607,SUBJ_012088,Eyebrow - pull hair,51,0
SEQ_037609,SUBJ_012088,Pinch knee/leg skin,89,0
SEQ_037614,SUBJ_064387,Neck - pinch skin,83,4
SEQ_037616,SUBJ_041243,Eyebrow - pull hair,56,0
SEQ_037618,SUBJ_032165,Drink from bottle/cup,70,1
SEQ_037620,SUBJ_045235,Text on phone,147,1
SEQ_037623,SUBJ_030676,Scratch knee/leg skin,58,4
SEQ_037654,SUBJ_021670,Wave hello,54,2
SEQ_037665,SUBJ_061552,Above ear - pull hair,57,0
SEQ_037666,SUBJ_039234,Forehead - scratch,61,4
SEQ_037708,SUBJ_040724,Wave hello,102,2
SEQ_037722,SUBJ_040282,Cheek - pinch skin,71,1
SEQ_037736,SUBJ_019663,Write name in air,50,1
SEQ_037738,SUBJ_030676,Write name on leg,54,4
SEQ_037760,SUBJ_052342,Above ear - pull hair,109,3
SEQ_037777,SUBJ_008728,Scratch knee/leg skin,47,2
SEQ_037782,SUBJ_061552,Neck - pinch skin,64,0
SEQ_037789,SUBJ_058967,Neck - pinch skin,61,4
SEQ_037834,SUBJ_023739,Glasses on/off,225,2
SEQ_037840,SUBJ_032165,Cheek - pinch skin,53,1
SEQ_037841,SUBJ_032585,Neck - pinch skin,59,3
SEQ_037845,SUBJ_038023,Eyelash - pull hair,79,3
SEQ_037852,SUBJ_032233,Above ear - pull hair,48,4
SEQ_037856,SUBJ_040310,Forehead - scratch,47,1
SEQ_037863,SUBJ_016552,Above ear - pull hair,57,0
SEQ_037869,SUBJ_059330,Eyebrow - pull hair,38,4
SEQ_037871,SUBJ_063319,Scratch knee/leg skin,52,4
SEQ_037878,SUBJ_038709,Eyebrow - pull hair,53,4
SEQ_037888,SUBJ_019297,Eyebrow - pull hair,52,3
SEQ_037906,SUBJ_027682,Cheek - pinch skin,52,4
SEQ_037923,SUBJ_032165,Eyebrow - pull hair,58,1
SEQ_037925,SUBJ_055211,Wave hello,50,2
SEQ_037928,SUBJ_055211,Write name on leg,49,2
SEQ_037965,SUBJ_027671,Forehead - scratch,54,1
SEQ_037972,SUBJ_003328,Forehead - pull hairline,51,3
SEQ_037997,SUBJ_052342,Pull air toward your face,53,3
SEQ_037998,SUBJ_040733,Cheek - pinch skin,78,0
SEQ_038016,SUBJ_021670,Eyebrow - pull hair,72,2
SEQ_038018,SUBJ_053906,Neck - scratch,91,1
SEQ_038022,SUBJ_017499,Text on phone,95,4
SEQ_038032,SUBJ_049223,Text on phone,64,0
SEQ_038034,SUBJ_059520,Above ear - pull hair,58,1
SEQ_038045,SUBJ_038709,Eyelash - pull hair,71,4
SEQ_038047,SUBJ_032704,Neck - scratch,51,1
SEQ_038050,SUBJ_041243,Neck - pinch skin,55,0
SEQ_038052,SUBJ_011323,Above ear - pull hair,52,2
SEQ_038053,SUBJ_058786,Write name on leg,53,2
SEQ_038055,SUBJ_026824,Neck - pinch skin,60,4
SEQ_038060,SUBJ_054811,Cheek - pinch skin,47,3
SEQ_038063,SUBJ_063319,Above ear - pull hair,90,4
SEQ_038069,SUBJ_047636,Neck - pinch skin,73,0
SEQ_038073,SUBJ_043192,Pull air toward your face,45,3
SEQ_038076,SUBJ_034631,Neck - pinch skin,57,3
SEQ_038095,SUBJ_032233,Feel around in tray and pull out an object,106,4
SEQ_038108,SUBJ_052342,Drink from bottle/cup,72,3
SEQ_038115,SUBJ_038709,Text on phone,83,4
SEQ_038117,SUBJ_045235,Forehead - pull hairline,55,1
SEQ_038127,SUBJ_024825,Eyebrow - pull hair,47,4
SEQ_038133,SUBJ_059330,Wave hello,51,4
SEQ_038134,SUBJ_008304,Cheek - pinch skin,228,0
SEQ_038136,SUBJ_054811,Eyelash - pull hair,50,3
SEQ_038142,SUBJ_038023,Neck - scratch,60,3
SEQ_038145,SUBJ_053906,Above ear - pull hair,51,1
SEQ_038151,SUBJ_061552,Glasses on/off,97,0
SEQ_038154,SUBJ_040106,Forehead - pull hairline,135,0
SEQ_038159,SUBJ_036450,Cheek - pinch skin,73,2
SEQ_038166,SUBJ_042794,Neck - scratch,172,0
SEQ_038168,SUBJ_030676,Neck - scratch,165,4
SEQ_038174,SUBJ_017170,Cheek - pinch skin,57,2
SEQ_038178,SUBJ_057917,Scratch knee/leg skin,85,2
SEQ_038186,SUBJ_040310,Forehead - pull hairline,48,1
SEQ_038193,SUBJ_063464,Eyelash - pull hair,49,2
SEQ_038196,SUBJ_032585,Forehead - pull hairline,87,3
SEQ_038203,SUBJ_016552,Above ear - pull hair,64,0
SEQ_038205,SUBJ_040282,Eyebrow - pull hair,75,1
SEQ_038229,SUBJ_008304,Forehead - scratch,60,0
SEQ_038236,SUBJ_063319,Neck - pinch skin,49,4
SEQ_038241,SUBJ_028998,Write name in air,81,1
SEQ_038252,SUBJ_039498,Forehead - pull hairline,78,0
SEQ_038253,SUBJ_059960,Above ear - pull hair,57,1
SEQ_038254,SUBJ_026460,Forehead - scratch,51,3
SEQ_038268,SUBJ_054811,Pull air toward your face,51,3
SEQ_038269,SUBJ_063346,Eyelash - pull hair,56,2
SEQ_038278,SUBJ_026824,Above ear - pull hair,49,4
SEQ_038288,SUBJ_052342,Write name in air,109,3
SEQ_038290,SUBJ_032704,Cheek - pinch skin,48,1
SEQ_038295,SUBJ_053906,Forehead - scratch,71,1
SEQ_038302,SUBJ_064387,Neck - pinch skin,59,4
SEQ_038306,SUBJ_032165,Forehead - pull hairline,77,1
SEQ_038312,SUBJ_042254,Neck - scratch,53,1
SEQ_038314,SUBJ_036450,Eyebrow - pull hair,49,2
SEQ_038320,SUBJ_059960,Eyelash - pull hair,49,1
SEQ_038324,SUBJ_063447,Neck - pinch skin,50,0
SEQ_038341,SUBJ_001430,Cheek - pinch skin,73,0
SEQ_038347,SUBJ_020948,Drink from bottle/cup,122,0
SEQ_038354,SUBJ_016552,Text on phone,59,0
SEQ_038356,SUBJ_019297,Text on phone,87,3
SEQ_038369,SUBJ_003328,Feel around in tray and pull out an object,69,3
SEQ_038370,SUBJ_032165,Neck - scratch,66,1
SEQ_038371,SUBJ_040724,Scratch knee/leg skin,101,2
SEQ_038381,SUBJ_058786,Neck - scratch,53,2
SEQ_038387,SUBJ_039498,Text on phone,51,0
SEQ_038391,SUBJ_008304,Pull air toward your face,54,0
SEQ_038400,SUBJ_004117,Eyelash - pull hair,66,3
SEQ_038406,SUBJ_063447,Wave hello,51,0
SEQ_038412,SUBJ_012088,Eyelash - pull hair,100,0
SEQ_038424,SUBJ_021670,Pull air toward your face,81,2
SEQ_038433,SUBJ_034631,Neck - scratch,54,3
SEQ_038434,SUBJ_039498,Neck - scratch,56,0
SEQ_038438,SUBJ_051942,Forehead - scratch,53,2
SEQ_038440,SUBJ_030676,Above ear - pull hair,62,4
SEQ_038441,SUBJ_036405,Forehead - pull hairline,106,4
SEQ_038444,SUBJ_008728,Write name in air,44,2
SEQ_038471,SUBJ_059960,Forehead - pull hairline,58,1
SEQ_038473,SUBJ_032165,Cheek - pinch skin,103,1
SEQ_038476,SUBJ_059330,Write name in air,53,4
SEQ_038506,SUBJ_063447,Forehead - scratch,56,0
SEQ_038508,SUBJ_059520,Forehead - pull hairline,59,1
SEQ_038512,SUBJ_040733,Neck - scratch,200,0
SEQ_038518,SUBJ_023739,Eyelash - pull hair,88,2
SEQ_038524,SUBJ_059960,Eyelash - pull hair,57,1
SEQ_038525,SUBJ_043192,Write name in air,50,3
SEQ_038534,SUBJ_059330,Forehead - pull hairline,53,4
SEQ_038535,SUBJ_034631,Write name on leg,84,3
SEQ_038553,SUBJ_050642,Eyelash - pull hair,48,3
SEQ_038554,SUBJ_035353,Cheek - pinch skin,48,3
SEQ_038560,SUBJ_017170,Cheek - pinch skin,51,2
SEQ_038566,SUBJ_059330,Wave hello,64,4
SEQ_038567,SUBJ_032704,Eyebrow - pull hair,98,1
SEQ_038582,SUBJ_004117,Drink from bottle/cup,73,3
SEQ_038586,SUBJ_052342,Write name in air,65,3
SEQ_038595,SUBJ_013623,Drink from bottle/cup,146,4
SEQ_038605,SUBJ_058967,Write name in air,110,4
SEQ_038609,SUBJ_013623,Neck - pinch skin,67,4
SEQ_038630,SUBJ_063319,Neck - pinch skin,81,4
SEQ_038638,SUBJ_040282,Wave hello,46,1
SEQ_038640,SUBJ_017499,Forehead - pull hairline,67,4
SEQ_038643,SUBJ_042779,Write name on leg,58,1
SEQ_038644,SUBJ_020948,Cheek - pinch skin,50,0
SEQ_038661,SUBJ_064387,Write name on leg,46,4
SEQ_038672,SUBJ_032704,Eyelash - pull hair,48,1
SEQ_038674,SUBJ_061552,Text on phone,72,0
SEQ_038676,SUBJ_052342,Neck - pinch skin,132,3
SEQ_038678,SUBJ_028998,Neck - scratch,59,1
SEQ_038687,SUBJ_027682,Forehead - scratch,54,4
SEQ_038692,SUBJ_017499,Neck - scratch,49,4
SEQ_038704,SUBJ_063319,Forehead - pull hairline,51,4
SEQ_038711,SUBJ_036450,Neck - scratch,133,2
SEQ_038718,SUBJ_063464,Forehead - scratch,79,2
SEQ_038722,SUBJ_036450,Text on phone,114,2
SEQ_038726,SUBJ_045235,Forehead - scratch,48,1
SEQ_038729,SUBJ_034574,Cheek - pinch skin,52,3
SEQ_038734,SUBJ_026460,Neck - pinch skin,61,3
SEQ_038746,SUBJ_008304,Eyelash - pull hair,57,0
SEQ_038753,SUBJ_008728,Pull air toward your face,68,2
SEQ_038755,SUBJ_013623,Pull air toward your face,61,4
SEQ_038757,SUBJ_032165,Wave hello,98,1
SEQ_038767,SUBJ_058786,Above ear - pull hair,53,2
SEQ_038769,SUBJ_058786,Forehead - pull hairline,52,2
SEQ_038770,SUBJ_017170,Write name in air,58,2
SEQ_038774,SUBJ_050642,Wave hello,91,3
SEQ_038781,SUBJ_064387,Forehead - scratch,46,4
SEQ_038798,SUBJ_039498,Write name in air,58,0
SEQ_038809,SUBJ_051942,Neck - scratch,47,2
SEQ_038813,SUBJ_024086,Eyelash - pull hair,48,2
SEQ_038820,SUBJ_059520,Eyebrow - pull hair,95,1
SEQ_038826,SUBJ_059330,Wave hello,66,4
SEQ_038837,SUBJ_024137,Pull air toward your face,36,3
SEQ_038843,SUBJ_016552,Pull air toward your face,71,0
SEQ_038856,SUBJ_041243,Cheek - pinch skin,78,0
SEQ_038859,SUBJ_024086,Eyelash - pull hair,54,2
SEQ_038874,SUBJ_021670,Write name in air,52,2
SEQ_038894,SUBJ_008728,Text on phone,69,2
SEQ_038897,SUBJ_040282,Eyelash - pull hair,81,1
SEQ_038900,SUBJ_027671,Cheek - pinch skin,68,1
SEQ_038910,SUBJ_016552,Write name in air,92,0
SEQ_038939,SUBJ_054811,Drink from bottle/cup,56,3
SEQ_038941,SUBJ_064387,Eyebrow - pull hair,49,4
SEQ_038948,SUBJ_017170,Text on phone,143,2
SEQ_038960,SUBJ_043192,Drink from bottle/cup,75,3
SEQ_038963,SUBJ_042779,Forehead - pull hairline,54,1
SEQ_038971,SUBJ_002923,Forehead - scratch,55,3
SEQ_038976,SUBJ_032704,Write name in air,49,1
SEQ_038980,SUBJ_063464,Forehead - scratch,52,2
SEQ_038984,SUBJ_032704,Pull air toward your face,51,1
SEQ_038999,SUBJ_055211,Neck - scratch,76,2
SEQ_039003,SUBJ_053173,Text on phone,121,1
SEQ_039007,SUBJ_059330,Eyebrow - pull hair,95,4
SEQ_039011,SUBJ_044680,Above ear - pull hair,59,3
SEQ_039023,SUBJ_041770,Above ear - pull hair,81,1
SEQ_039025,SUBJ_000206,Wave hello,74,2
SEQ_039039,SUBJ_024137,Neck - pinch skin,75,3
SEQ_039040,SUBJ_028998,Cheek - pinch skin,60,1
SEQ_039051,SUBJ_008304,Text on phone,141,0
SEQ_039062,SUBJ_028998,Above ear - pull hair,54,1
SEQ_039067,SUBJ_020948,Cheek - pinch skin,48,0
SEQ_039072,SUBJ_030676,Forehead - scratch,151,4
SEQ_039076,SUBJ_040282,Forehead - pull hairline,100,1
SEQ_039092,SUBJ_040733,Cheek - pinch skin,55,0
SEQ_039099,SUBJ_042794,Text on phone,66,0
SEQ_039101,SUBJ_032585,Text on phone,64,3
SEQ_039107,SUBJ_039234,Eyebrow - pull hair,76,4
SEQ_039108,SUBJ_027671,Eyebrow - pull hair,55,1
SEQ_039114,SUBJ_008728,Neck - pinch skin,67,2
SEQ_039116,SUBJ_034574,Forehead - pull hairline,63,3
SEQ_039117,SUBJ_012088,Text on phone,60,0
SEQ_039119,SUBJ_061552,Write name on leg,59,0
SEQ_039126,SUBJ_042794,Above ear - pull hair,54,0
SEQ_039139,SUBJ_050642,Scratch knee/leg skin,50,3
SEQ_039143,SUBJ_042254,Neck - pinch skin,60,1
SEQ_039145,SUBJ_017807,Neck - pinch skin,71,1
SEQ_039151,SUBJ_034574,Feel around in tray and pull out an object,111,3
SEQ_039154,SUBJ_038709,Forehead - scratch,49,4
SEQ_039184,SUBJ_016552,Scratch knee/leg skin,72,0
SEQ_039200,SUBJ_040724,Eyelash - pull hair,66,2
SEQ_039209,SUBJ_049223,Neck - pinch skin,49,0
SEQ_039212,SUBJ_032165,Eyelash - pull hair,117,1
SEQ_039216,SUBJ_008728,Forehead - pull hairline,63,2
SEQ_039220,SUBJ_001430,Pull air toward your face,139,0
SEQ_039225,SUBJ_059520,Cheek - pinch skin,59,1
SEQ_039228,SUBJ_000206,Text on phone,70,2
SEQ_039229,SUBJ_016552,Forehead - pull hairline,50,0
SEQ_039239,SUBJ_041243,Eyebrow - pull hair,52,0
SEQ_039240,SUBJ_038023,Text on phone,68,3
SEQ_039241,SUBJ_023739,Eyelash - pull hair,66,2
SEQ_039244,SUBJ_042779,Neck - scratch,87,1
SEQ_039253,SUBJ_011323,Eyebrow - pull hair,61,2
SEQ_039257,SUBJ_038277,Text on phone,59,0
SEQ_039263,SUBJ_032233,Write name in air,49,4
SEQ_039274,SUBJ_026824,Forehead - scratch,105,4
SEQ_039284,SUBJ_008728,Neck - scratch,65,2
SEQ_039289,SUBJ_045235,Eyelash - pull hair,52,1
SEQ_039314,SUBJ_039234,Drink from bottle/cup,69,4
SEQ_039316,SUBJ_000206,Eyelash - pull hair,73,2
SEQ_039317,SUBJ_055211,Pull air toward your face,85,2
SEQ_039327,SUBJ_040733,Write name on leg,61,0
SEQ_039329,SUBJ_038277,Write name in air,99,0
SEQ_039356,SUBJ_053173,Eyelash - pull hair,56,1
SEQ_039359,SUBJ_040310,Glasses on/off,54,1
SEQ_039360,SUBJ_063464,Forehead - pull hairline,54,2
SEQ_039365,SUBJ_052342,Text on phone,63,3
SEQ_039382,SUBJ_008304,Cheek - pinch skin,59,0
SEQ_039385,SUBJ_059520,Forehead - scratch,94,1
SEQ_039393,SUBJ_017170,Cheek - pinch skin,45,2
SEQ_039396,SUBJ_056936,Forehead - scratch,71,4
SEQ_039400,SUBJ_059960,Eyebrow - pull hair,51,1
SEQ_039402,SUBJ_041770,Cheek - pinch skin,48,1
SEQ_039404,SUBJ_032165,Write name in air,52,1
SEQ_039406,SUBJ_050642,Cheek - pinch skin,60,3
SEQ_039408,SUBJ_039234,Forehead - pull hairline,55,4
SEQ_039410,SUBJ_032704,Forehead - pull hairline,54,1
SEQ_039418,SUBJ_061552,Cheek - pinch skin,53,0
SEQ_039430,SUBJ_032761,Feel around in tray and pull out an object,180,2
SEQ_039432,SUBJ_024137,Forehead - pull hairline,50,3
SEQ_039434,SUBJ_053906,Cheek - pinch skin,51,1
SEQ_039448,SUBJ_053906,Eyebrow - pull hair,52,1
SEQ_039454,SUBJ_032585,Forehead - pull hairline,98,3
SEQ_039470,SUBJ_041770,Forehead - pull hairline,43,1
SEQ_039477,SUBJ_004117,Write name in air,54,3
SEQ_039479,SUBJ_041243,Eyelash - pull hair,52,0
SEQ_039480,SUBJ_039498,Pull air toward your face,59,0
SEQ_039485,SUBJ_032761,Text on phone,83,2
SEQ_039489,SUBJ_038023,Above ear - pull hair,79,3
SEQ_039505,SUBJ_024825,Above ear - pull hair,48,4
SEQ_039519,SUBJ_039498,Write name in air,54,0
SEQ_039522,SUBJ_041770,Text on phone,138,1
SEQ_039523,SUBJ_058786,Text on phone,127,2
SEQ_039526,SUBJ_032233,Feel around in tray and pull out an object,66,4
SEQ_039528,SUBJ_049223,Wave hello,47,0
SEQ_039529,SUBJ_053906,Forehead - pull hairline,55,1
SEQ_039530,SUBJ_026824,Write name in air,58,4
SEQ_039545,SUBJ_041770,Eyebrow - pull hair,52,1
SEQ_039550,SUBJ_027682,Pull air toward your face,68,4
SEQ_039554,SUBJ_057917,Above ear - pull hair,48,2
SEQ_039555,SUBJ_017170,Cheek - pinch skin,55,2
SEQ_039564,SUBJ_032585,Neck - pinch skin,61,3
SEQ_039575,SUBJ_041243,Eyelash - pull hair,53,0
SEQ_039597,SUBJ_016552,Eyelash - pull hair,45,0
SEQ_039598,SUBJ_026824,Text on phone,54,4
SEQ_039609,SUBJ_034574,Write name in air,85,3
SEQ_039612,SUBJ_063447,Drink from bottle/cup,176,0
SEQ_039613,SUBJ_017499,Neck - scratch,80,4
SEQ_039622,SUBJ_059960,Neck - scratch,58,1
SEQ_039642,SUBJ_027682,Neck - scratch,196,4
SEQ_039646,SUBJ_019262,Forehead - pull hairline,55,0
SEQ_039659,SUBJ_052342,Eyebrow - pull hair,109,3
SEQ_039680,SUBJ_019262,Neck - pinch skin,68,0
SEQ_039685,SUBJ_026460,Forehead - pull hairline,68,3
SEQ_039691,SUBJ_001430,Write name on leg,50,0
SEQ_039693,SUBJ_040310,Neck - pinch skin,48,1
SEQ_039709,SUBJ_054811,Forehead - scratch,71,3
SEQ_039722,SUBJ_054811,Text on phone,69,3
SEQ_039726,SUBJ_059330,Forehead - scratch,73,4
SEQ_039748,SUBJ_032585,Forehead - pull hairline,60,3
SEQ_039752,SUBJ_004117,Forehead - scratch,56,3
SEQ_039772,SUBJ_012088,Eyebrow - pull hair,104,0
SEQ_039773,SUBJ_040282,Forehead - pull hairline,80,1
SEQ_039776,SUBJ_063319,Forehead - pull hairline,69,4
SEQ_039806,SUBJ_032233,Forehead - scratch,84,4
SEQ_039835,SUBJ_047636,Pinch knee/leg skin,94,0
SEQ_039837,SUBJ_030676,Forehead - pull hairline,124,4
SEQ_039852,SUBJ_030676,Feel around in tray and pull out an object,124,4
SEQ_039863,SUBJ_049223,Eyebrow - pull hair,50,0
SEQ_039875,SUBJ_012088,Pull air toward your face,50,0
SEQ_039881,SUBJ_008304,Scratch knee/leg skin,52,0
SEQ_039882,SUBJ_003328,Cheek - pinch skin,54,3
SEQ_039888,SUBJ_034631,Text on phone,77,3
SEQ_039890,SUBJ_063346,Pull air toward your face,53,2
SEQ_039908,SUBJ_023739,Forehead - pull hairline,55,2
SEQ_039913,SUBJ_055211,Glasses on/off,54,2
SEQ_039916,SUBJ_030676,Pull air toward your face,80,4
SEQ_039920,SUBJ_003328,Pull air toward your face,70,3
SEQ_039966,SUBJ_057917,Forehead - pull hairline,50,2
SEQ_039973,SUBJ_058967,Eyelash - pull hair,108,4
SEQ_039974,SUBJ_056936,Wave hello,47,4
SEQ_039975,SUBJ_019663,Forehead - scratch,63,1
SEQ_039985,SUBJ_042779,Neck - scratch,49,1
SEQ_039991,SUBJ_040106,Eyebrow - pull hair,55,0
SEQ_039994,SUBJ_057917,Neck - scratch,51,2
SEQ_040016,SUBJ_017170,Eyelash - pull hair,73,2
SEQ_040021,SUBJ_045235,Wave hello,70,1
SEQ_040031,SUBJ_013623,Write name in air,51,4
SEQ_040039,SUBJ_049223,Eyebrow - pull hair,49,0
SEQ_040054,SUBJ_063464,Wave hello,52,2
SEQ_040061,SUBJ_043192,Neck - pinch skin,50,3
SEQ_040063,SUBJ_063346,Neck - pinch skin,76,2
SEQ_040072,SUBJ_034574,Forehead - pull hairline,57,3
SEQ_040077,SUBJ_024086,Drink from bottle/cup,57,2
SEQ_040080,SUBJ_027682,Forehead - pull hairline,49,4
SEQ_040091,SUBJ_017807,Forehead - scratch,108,1
SEQ_040095,SUBJ_044680,Eyelash - pull hair,144,3
SEQ_040123,SUBJ_008728,Pinch knee/leg skin,118,2
SEQ_040126,SUBJ_032704,Forehead - scratch,108,1
SEQ_040157,SUBJ_003328,Eyelash - pull hair,49,3
SEQ_040170,SUBJ_038277,Glasses on/off,98,0
SEQ_040198,SUBJ_019297,Write name on leg,49,3
SEQ_040205,SUBJ_034631,Cheek - pinch skin,51,3
SEQ_040209,SUBJ_035353,Wave hello,50,3
SEQ_040214,SUBJ_063464,Cheek - pinch skin,59,2
SEQ_040231,SUBJ_019297,Forehead - pull hairline,78,3
SEQ_040232,SUBJ_040282,Above ear - pull hair,55,1
SEQ_040252,SUBJ_053906,Above ear - pull hair,65,1
SEQ_040253,SUBJ_019756,Neck - pinch skin,50,4
SEQ_040254,SUBJ_041243,Neck - scratch,94,0
SEQ_040270,SUBJ_017170,Eyelash - pull hair,47,2
SEQ_040273,SUBJ_008728,Write name in air,107,2
SEQ_040298,SUBJ_051942,Forehead - scratch,57,2
SEQ_040307,SUBJ_032761,Wave hello,53,2
SEQ_040311,SUBJ_032233,Eyelash - pull hair,56,4
SEQ_040317,SUBJ_064387,Eyelash - pull hair,49,4
SEQ_040325,SUBJ_019297,Wave hello,80,3
SEQ_040332,SUBJ_050642,Pull air toward your face,45,3
SEQ_040333,SUBJ_024086,Above ear - pull hair,55,2
SEQ_040352,SUBJ_040724,Neck - scratch,54,2
SEQ_040357,SUBJ_063464,Forehead - scratch,49,2
SEQ_040366,SUBJ_052342,Forehead - scratch,74,3
SEQ_040374,SUBJ_045235,Eyelash - pull hair,45,1
SEQ_040381,SUBJ_043192,Wave hello,60,3
SEQ_040416,SUBJ_059960,Forehead - pull hairline,84,1
SEQ_040428,SUBJ_028998,Neck - scratch,65,1
SEQ_040433,SUBJ_034631,Pull air toward your face,68,3
SEQ_040448,SUBJ_028998,Neck - pinch skin,171,1
SEQ_040457,SUBJ_063464,Neck - scratch,53,2
SEQ_040466,SUBJ_042794,Pull air toward your face,95,0
SEQ_040468,SUBJ_034631,Text on phone,73,3
SEQ_040470,SUBJ_053173,Text on phone,101,1
SEQ_040478,SUBJ_038277,Forehead - scratch,99,0
SEQ_040479,SUBJ_030676,Cheek - pinch skin,52,4
SEQ_040485,SUBJ_050642,Neck - pinch skin,77,3
SEQ_040490,SUBJ_040282,Neck - scratch,58,1
SEQ_040493,SUBJ_039498,Eyebrow - pull hair,61,0
SEQ_040529,SUBJ_043192,Eyelash - pull hair,50,3
SEQ_040531,SUBJ_001430,Text on phone,75,0
SEQ_040532,SUBJ_041243,Eyebrow - pull hair,100,0
SEQ_040537,SUBJ_040733,Forehead - scratch,65,0
SEQ_040551,SUBJ_016552,Text on phone,70,0
SEQ_040553,SUBJ_032761,Neck - pinch skin,51,2
SEQ_040560,SUBJ_038023,Eyelash - pull hair,51,3
SEQ_040578,SUBJ_063447,Scratch knee/leg skin,76,0
SEQ_040596,SUBJ_019262,Feel around in tray and pull out an object,104,0
SEQ_040604,SUBJ_008728,Pull air toward your face,48,2
SEQ_040623,SUBJ_042794,Drink from bottle/cup,70,0
SEQ_040632,SUBJ_051942,Write name in air,71,2
SEQ_040634,SUBJ_012088,Write name in air,52,0
SEQ_040643,SUBJ_040106,Forehead - pull hairline,46,0
SEQ_040645,SUBJ_040310,Forehead - pull hairline,44,1
SEQ_040655,SUBJ_034631,Cheek - pinch skin,50,3
SEQ_040656,SUBJ_051942,Text on phone,102,2
SEQ_040658,SUBJ_041770,Scratch knee/leg skin,76,1
SEQ_040664,SUBJ_041243,Neck - scratch,61,0
SEQ_040667,SUBJ_016552,Eyelash - pull hair,72,0
SEQ_040669,SUBJ_032761,Pinch knee/leg skin,108,2
SEQ_040673,SUBJ_057917,Forehead - pull hairline,43,2
SEQ_040674,SUBJ_051942,Drink from bottle/cup,96,2
SEQ_040681,SUBJ_051942,Wave hello,55,2
SEQ_040683,SUBJ_023739,Write name on leg,80,2
SEQ_040686,SUBJ_013623,Write name in air,53,4
SEQ_040695,SUBJ_036450,Above ear - pull hair,58,2
SEQ_040728,SUBJ_021670,Forehead - scratch,66,2
SEQ_040733,SUBJ_039234,Pull air toward your face,105,4
SEQ_040737,SUBJ_023739,Above ear - pull hair,57,2
SEQ_040748,SUBJ_024825,Glasses on/off,44,4
SEQ_040761,SUBJ_036450,Neck - scratch,60,2
SEQ_040762,SUBJ_017170,Pull air toward your face,45,2
SEQ_040780,SUBJ_040733,Pull air toward your face,122,0
SEQ_040790,SUBJ_042254,Scratch knee/leg skin,54,1
SEQ_040792,SUBJ_050642,Neck - pinch skin,46,3
SEQ_040795,SUBJ_058967,Feel around in tray and pull out an object,104,4
SEQ_040796,SUBJ_059330,Neck - scratch,58,4
SEQ_040798,SUBJ_040733,Neck - pinch skin,75,0
SEQ_040818,SUBJ_063447,Text on phone,162,0
SEQ_040820,SUBJ_059330,Eyelash - pull hair,55,4
SEQ_040832,SUBJ_013623,Text on phone,79,4
SEQ_040835,SUBJ_053217,Forehead - scratch,54,4
SEQ_040853,SUBJ_032704,Pull air toward your face,109,1
SEQ_040857,SUBJ_020948,Above ear - pull hair,47,0
SEQ_040865,SUBJ_063346,Scratch knee/leg skin,109,2
SEQ_040869,SUBJ_017499,Write name in air,50,4
SEQ_040870,SUBJ_054811,Pinch knee/leg skin,58,3
SEQ_040873,SUBJ_058786,Forehead - scratch,51,2
SEQ_040881,SUBJ_056936,Eyebrow - pull hair,80,4
SEQ_040894,SUBJ_008304,Forehead - pull hairline,60,0
SEQ_040904,SUBJ_040733,Wave hello,159,0
SEQ_040910,SUBJ_011323,Pinch knee/leg skin,51,2
SEQ_040912,SUBJ_024086,Eyebrow - pull hair,42,2
SEQ_040930,SUBJ_034574,Write name in air,80,3
SEQ_040936,SUBJ_008304,Text on phone,72,0
SEQ_040939,SUBJ_053906,Feel around in tray and pull out an object,90,1
SEQ_040941,SUBJ_063346,Text on phone,62,2
SEQ_040951,SUBJ_036450,Neck - scratch,81,2
SEQ_040954,SUBJ_042779,Neck - scratch,58,1
SEQ_040955,SUBJ_056936,Forehead - pull hairline,47,4
SEQ_040957,SUBJ_024086,Write name in air,43,2
SEQ_040958,SUBJ_017499,Drink from bottle/cup,56,4
SEQ_040959,SUBJ_013623,Neck - pinch skin,53,4
SEQ_040967,SUBJ_019756,Forehead - pull hairline,53,4
SEQ_040992,SUBJ_032233,Glasses on/off,55,4
SEQ_041000,SUBJ_042794,Eyebrow - pull hair,79,0
SEQ_041002,SUBJ_042779,Pull air toward your face,188,1
SEQ_041011,SUBJ_053217,Scratch knee/leg skin,64,4
SEQ_041018,SUBJ_000206,Forehead - pull hairline,50,2
SEQ_041035,SUBJ_032233,Forehead - scratch,45,4
SEQ_041045,SUBJ_004117,Forehead - pull hairline,44,3
SEQ_041076,SUBJ_063346,Scratch knee/leg skin,48,2
SEQ_041077,SUBJ_061552,Cheek - pinch skin,56,0
SEQ_041089,SUBJ_034574,Neck - scratch,56,3
SEQ_041090,SUBJ_053217,Neck - scratch,157,4
SEQ_041095,SUBJ_059520,Cheek - pinch skin,58,1
SEQ_041096,SUBJ_024137,Wave hello,113,3
SEQ_041113,SUBJ_011323,Scratch knee/leg skin,79,2
SEQ_041130,SUBJ_024825,Text on phone,60,4
SEQ_041142,SUBJ_017807,Eyebrow - pull hair,52,1
SEQ_041144,SUBJ_035353,Feel around in tray and pull out an object,102,3
SEQ_041147,SUBJ_057917,Neck - pinch skin,51,2
SEQ_041157,SUBJ_032585,Wave hello,78,3
SEQ_041161,SUBJ_017807,Above ear - pull hair,96,1
SEQ_041167,SUBJ_041243,Neck - scratch,78,0
SEQ_041172,SUBJ_056936,Above ear - pull hair,50,4
SEQ_041173,SUBJ_064387,Eyelash - pull hair,79,4
SEQ_041176,SUBJ_035353,Cheek - pinch skin,45,3
SEQ_041180,SUBJ_032704,Feel around in tray and pull out an object,70,1
SEQ_041199,SUBJ_011323,Eyebrow - pull hair,56,2
SEQ_041203,SUBJ_026460,Scratch knee/leg skin,47,3
SEQ_041208,SUBJ_040106,Cheek - pinch skin,66,0
SEQ_041213,SUBJ_032233,Neck - scratch,90,4
SEQ_041223,SUBJ_032585,Neck - scratch,55,3
SEQ_041234,SUBJ_024086,Pull air toward your face,82,2
SEQ_041237,SUBJ_000206,Text on phone,150,2
SEQ_041240,SUBJ_041770,Eyebrow - pull hair,48,1
SEQ_041245,SUBJ_047636,Scratch knee/leg skin,52,0
SEQ_041249,SUBJ_019756,Feel around in tray and pull out an object,79,4
SEQ_041254,SUBJ_032585,Write name in air,60,3
SEQ_041255,SUBJ_020948,Forehead - scratch,62,0
SEQ_041258,SUBJ_019297,Pull air toward your face,78,3
SEQ_041262,SUBJ_042794,Above ear - pull hair,52,0
SEQ_041273,SUBJ_053906,Neck - scratch,50,1
SEQ_041295,SUBJ_059960,Eyebrow - pull hair,371,1
SEQ_041305,SUBJ_028998,Cheek - pinch skin,58,1
SEQ_041349,SUBJ_023739,Write name in air,56,2
SEQ_041355,SUBJ_019297,Neck - scratch,53,3
SEQ_041358,SUBJ_008728,Eyebrow - pull hair,65,2
SEQ_041360,SUBJ_056936,Neck - pinch skin,55,4
SEQ_041361,SUBJ_059330,Forehead - pull hairline,73,4
SEQ_041362,SUBJ_039498,Pinch knee/leg skin,56,0
SEQ_041374,SUBJ_041243,Forehead - scratch,60,0
SEQ_041377,SUBJ_064387,Eyebrow - pull hair,58,4
SEQ_041388,SUBJ_026460,Forehead - pull hairline,48,3
SEQ_041415,SUBJ_000206,Cheek - pinch skin,52,2
SEQ_041421,SUBJ_021670,Feel around in tray and pull out an object,201,2
SEQ_041428,SUBJ_020948,Pull air toward your face,94,0
SEQ_041445,SUBJ_050642,Eyelash - pull hair,54,3
SEQ_041448,SUBJ_042794,Eyelash - pull hair,51,0
SEQ_041490,SUBJ_056936,Text on phone,69,4
SEQ_041496,SUBJ_024137,Eyelash - pull hair,48,3
SEQ_041504,SUBJ_063319,Eyelash - pull hair,76,4
SEQ_041506,SUBJ_063447,Eyebrow - pull hair,62,0
SEQ_041527,SUBJ_001430,Eyelash - pull hair,48,0
SEQ_041530,SUBJ_020948,Scratch knee/leg skin,73,0
SEQ_041539,SUBJ_041770,Pull air toward your face,50,1
SEQ_041541,SUBJ_011323,Neck - pinch skin,54,2
SEQ_041570,SUBJ_040106,Above ear - pull hair,68,0
SEQ_041588,SUBJ_040733,Text on phone,98,0
SEQ_041590,SUBJ_063319,Neck - scratch,86,4
SEQ_041592,SUBJ_044680,Text on phone,73,3
SEQ_041598,SUBJ_044680,Eyebrow - pull hair,83,3
SEQ_041607,SUBJ_039498,Neck - scratch,58,0
SEQ_041626,SUBJ_059960,Cheek - pinch skin,65,1
SEQ_041646,SUBJ_012088,Neck - pinch skin,53,0
SEQ_041667,SUBJ_034631,Scratch knee/leg skin,57,3
SEQ_041677,SUBJ_045235,Glasses on/off,55,1
SEQ_041678,SUBJ_042779,Neck - pinch skin,67,1
SEQ_041679,SUBJ_059960,Wave hello,53,1
SEQ_041681,SUBJ_058967,Text on phone,72,4
SEQ_041682,SUBJ_013623,Forehead - pull hairline,60,4
SEQ_041686,SUBJ_012088,Write name in air,111,0
SEQ_041692,SUBJ_042254,Above ear - pull hair,53,1
SEQ_041707,SUBJ_004117,Cheek - pinch skin,62,3
SEQ_041714,SUBJ_032761,Scratch knee/leg skin,52,2
SEQ_041745,SUBJ_040724,Forehead - scratch,49,2
SEQ_041752,SUBJ_056936,Forehead - pull hairline,62,4
SEQ_041754,SUBJ_026824,Forehead - pull hairline,52,4
SEQ_041758,SUBJ_017499,Forehead - pull hairline,92,4
SEQ_041763,SUBJ_043192,Write name in air,45,3
SEQ_041773,SUBJ_042254,Eyelash - pull hair,69,1
SEQ_041775,SUBJ_017807,Eyebrow - pull hair,48,1
SEQ_041776,SUBJ_041243,Forehead - scratch,126,0
SEQ_041786,SUBJ_017499,Above ear - pull hair,52,4
SEQ_041788,SUBJ_021670,Forehead - scratch,48,2
SEQ_041808,SUBJ_050642,Forehead - scratch,46,3
SEQ_041810,SUBJ_042779,Eyebrow - pull hair,62,1
SEQ_041833,SUBJ_039498,Write name in air,57,0
SEQ_041853,SUBJ_024825,Forehead - pull hairline,77,4
SEQ_041859,SUBJ_020948,Forehead - pull hairline,77,0
SEQ_041870,SUBJ_032585,Eyelash - pull hair,89,3
SEQ_041877,SUBJ_064387,Cheek - pinch skin,77,4
SEQ_041878,SUBJ_040733,Cheek - pinch skin,53,0
SEQ_041880,SUBJ_034631,Wave hello,59,3
SEQ_041885,SUBJ_049223,Forehead - scratch,48,0
SEQ_041889,SUBJ_040282,Neck - scratch,63,1
SEQ_041900,SUBJ_053173,Forehead - pull hairline,67,1
SEQ_041902,SUBJ_026824,Text on phone,82,4
SEQ_041915,SUBJ_034574,Wave hello,45,3
SEQ_041923,SUBJ_051942,Above ear - pull hair,49,2
SEQ_041931,SUBJ_019756,Neck - scratch,83,4
SEQ_041939,SUBJ_024086,Above ear - pull hair,48,2
SEQ_041942,SUBJ_026460,Neck - scratch,140,3
SEQ_041944,SUBJ_042794,Forehead - scratch,49,0
SEQ_041952,SUBJ_050642,Pinch knee/leg skin,49,3
SEQ_041956,SUBJ_057917,Forehead - pull hairline,62,2
SEQ_041964,SUBJ_063447,Eyebrow - pull hair,54,0
SEQ_041978,SUBJ_002923,Above ear - pull hair,57,3
SEQ_041996,SUBJ_045235,Neck - pinch skin,50,1
SEQ_041998,SUBJ_058786,Cheek - pinch skin,72,2
SEQ_042000,SUBJ_053173,Neck - scratch,97,1
SEQ_042002,SUBJ_038277,Forehead - scratch,54,0
SEQ_042020,SUBJ_064387,Pull air toward your face,76,4
SEQ_042040,SUBJ_012088,Cheek - pinch skin,50,0
SEQ_042046,SUBJ_017170,Drink from bottle/cup,49,2
SEQ_042068,SUBJ_050642,Eyelash - pull hair,69,3
SEQ_042074,SUBJ_045235,Write name in air,51,1
SEQ_042077,SUBJ_039234,Pinch knee/leg skin,54,4
SEQ_042079,SUBJ_011323,Forehead - pull hairline,81,2
SEQ_042080,SUBJ_000206,Glasses on/off,54,2
SEQ_042088,SUBJ_050642,Drink from bottle/cup,56,3
SEQ_042113,SUBJ_051942,Neck - pinch skin,62,2
SEQ_042115,SUBJ_012088,Eyebrow - pull hair,48,0
SEQ_042131,SUBJ_040106,Pull air toward your face,45,0
SEQ_042136,SUBJ_021670,Write name in air,44,2
SEQ_042145,SUBJ_011323,Neck - scratch,55,2
SEQ_042149,SUBJ_026460,Wave hello,46,3
SEQ_042154,SUBJ_054811,Cheek - pinch skin,86,3
SEQ_042158,SUBJ_034574,Eyebrow - pull hair,90,3
SEQ_042159,SUBJ_040733,Forehead - pull hairline,59,0
SEQ_042165,SUBJ_032585,Neck - pinch skin,55,3
SEQ_042169,SUBJ_063447,Neck - scratch,51,0
SEQ_042187,SUBJ_011323,Cheek - pinch skin,62,2
SEQ_042220,SUBJ_051942,Scratch knee/leg skin,54,2
SEQ_042237,SUBJ_038277,Pinch knee/leg skin,127,0
SEQ_042247,SUBJ_030676,Wave hello,181,4
SEQ_042259,SUBJ_019262,Wave hello,69,0
SEQ_042264,SUBJ_019297,Cheek - pinch skin,47,3
SEQ_042266,SUBJ_059960,Glasses on/off,60,1
SEQ_042279,SUBJ_063464,Wave hello,74,2
SEQ_042290,SUBJ_040282,Write name in air,53,1
SEQ_042310,SUBJ_043192,Neck - pinch skin,85,3
SEQ_042316,SUBJ_043192,Pull air toward your face,78,3
SEQ_042320,SUBJ_038277,Cheek - pinch skin,53,0
SEQ_042325,SUBJ_008728,Pull air toward your face,51,2
SEQ_042327,SUBJ_053173,Forehead - pull hairline,72,1
SEQ_042334,SUBJ_051942,Forehead - pull hairline,68,2
SEQ_042344,SUBJ_063319,Forehead - scratch,62,4
SEQ_042364,SUBJ_030676,Write name in air,90,4
SEQ_042372,SUBJ_063464,Pull air toward your face,51,2
SEQ_042374,SUBJ_042254,Pull air toward your face,50,1
SEQ_042380,SUBJ_032761,Eyelash - pull hair,60,2
SEQ_042405,SUBJ_003328,Neck - pinch skin,53,3
SEQ_042415,SUBJ_024137,Above ear - pull hair,51,3
SEQ_042420,SUBJ_036405,Forehead - pull hairline,62,4
SEQ_042442,SUBJ_052342,Forehead - pull hairline,59,3
SEQ_042459,SUBJ_016552,Text on phone,109,0
SEQ_042460,SUBJ_019262,Pull air toward your face,83,0
SEQ_042465,SUBJ_028998,Forehead - pull hairline,53,1
SEQ_042501,SUBJ_017170,Forehead - scratch,52,2
SEQ_042513,SUBJ_032233,Eyebrow - pull hair,50,4
SEQ_042516,SUBJ_059960,Eyebrow - pull hair,63,1
SEQ_042520,SUBJ_041770,Write name in air,79,1
SEQ_042524,SUBJ_034631,Eyebrow - pull hair,88,3
SEQ_042525,SUBJ_041770,Text on phone,61,1
SEQ_042529,SUBJ_040733,Scratch knee/leg skin,194,0
SEQ_042545,SUBJ_019756,Text on phone,62,4
SEQ_042581,SUBJ_056936,Neck - pinch skin,57,4
SEQ_042582,SUBJ_043192,Text on phone,124,3
SEQ_042602,SUBJ_000206,Neck - scratch,245,2
SEQ_042604,SUBJ_016552,Pull air toward your face,45,0
SEQ_042619,SUBJ_002923,Write name in air,67,3
SEQ_042622,SUBJ_059520,Text on phone,183,1
SEQ_042628,SUBJ_000206,Drink from bottle/cup,80,2
SEQ_042632,SUBJ_053906,Cheek - pinch skin,73,1
SEQ_042635,SUBJ_059960,Text on phone,78,1
SEQ_042638,SUBJ_056936,Pull air toward your face,82,4
SEQ_042653,SUBJ_040733,Eyebrow - pull hair,48,0
SEQ_042654,SUBJ_032761,Write name in air,374,2
SEQ_042681,SUBJ_040282,Text on phone,62,1
SEQ_042685,SUBJ_035353,Wave hello,126,3
SEQ_042711,SUBJ_038709,Write name in air,56,4
SEQ_042713,SUBJ_019262,Forehead - pull hairline,50,0
SEQ_042722,SUBJ_063346,Forehead - scratch,91,2
SEQ_042724,SUBJ_058786,Forehead - scratch,56,2
SEQ_042734,SUBJ_056936,Scratch knee/leg skin,82,4
SEQ_042741,SUBJ_038709,Neck - pinch skin,61,4
SEQ_042751,SUBJ_017499,Neck - scratch,65,4
SEQ_042762,SUBJ_024086,Wave hello,49,2
SEQ_042765,SUBJ_040310,Pull air toward your face,61,1
SEQ_042795,SUBJ_040733,Forehead - pull hairline,57,0
SEQ_042797,SUBJ_041243,Cheek - pinch skin,92,0
SEQ_042811,SUBJ_057917,Forehead - scratch,46,2
SEQ_042817,SUBJ_034574,Cheek - pinch skin,88,3
SEQ_042837,SUBJ_004117,Neck - scratch,79,3
SEQ_042839,SUBJ_058786,Forehead - pull hairline,53,2
SEQ_042843,SUBJ_047636,Eyelash - pull hair,98,0
SEQ_042850,SUBJ_049223,Neck - scratch,120,0
SEQ_042855,SUBJ_026460,Pinch knee/leg skin,59,3
SEQ_042863,SUBJ_043192,Eyelash - pull hair,46,3
SEQ_042873,SUBJ_040106,Pull air toward your face,56,0
SEQ_042877,SUBJ_043192,Pinch knee/leg skin,47,3
SEQ_042912,SUBJ_042254,Forehead - pull hairline,57,1
SEQ_042926,SUBJ_064387,Forehead - scratch,95,4
SEQ_042936,SUBJ_036450,Neck - scratch,52,2
SEQ_042942,SUBJ_036405,Eyelash - pull hair,61,4
SEQ_042947,SUBJ_040106,Forehead - pull hairline,70,0
SEQ_042948,SUBJ_053217,Feel around in tray and pull out an object,76,4
SEQ_042950,SUBJ_038023,Pull air toward your face,49,3
SEQ_042954,SUBJ_057917,Eyebrow - pull hair,46,2
SEQ_042964,SUBJ_042254,Cheek - pinch skin,50,1
SEQ_042970,SUBJ_042254,Wave hello,61,1
SEQ_042977,SUBJ_020948,Forehead - pull hairline,48,0
SEQ_042982,SUBJ_026824,Above ear - pull hair,67,4
SEQ_042983,SUBJ_012088,Text on phone,59,0
SEQ_042984,SUBJ_032233,Eyelash - pull hair,54,4
SEQ_042996,SUBJ_061552,Forehead - pull hairline,104,0
SEQ_042997,SUBJ_038023,Write name in air,49,3
SEQ_043013,SUBJ_028998,Text on phone,174,1
SEQ_043021,SUBJ_035353,Text on phone,161,3
SEQ_043026,SUBJ_058786,Neck - pinch skin,78,2
SEQ_043030,SUBJ_063346,Neck - pinch skin,62,2
SEQ_043034,SUBJ_019262,Cheek - pinch skin,52,0
SEQ_043038,SUBJ_034574,Cheek - pinch skin,65,3
SEQ_043044,SUBJ_051942,Text on phone,122,2
SEQ_043071,SUBJ_017807,Neck - pinch skin,137,1
SEQ_043078,SUBJ_017170,Eyebrow - pull hair,45,2
SEQ_043080,SUBJ_041243,Cheek - pinch skin,50,0
SEQ_043086,SUBJ_063464,Text on phone,75,2
SEQ_043110,SUBJ_019756,Text on phone,98,4
SEQ_043112,SUBJ_019663,Above ear - pull hair,48,1
SEQ_043117,SUBJ_047636,Eyelash - pull hair,84,0
SEQ_043120,SUBJ_059330,Eyelash - pull hair,60,4
SEQ_043144,SUBJ_038023,Write name in air,51,3
SEQ_043151,SUBJ_057917,Cheek - pinch skin,45,2
SEQ_043169,SUBJ_036450,Write name in air,56,2
SEQ_043171,SUBJ_042794,Neck - pinch skin,63,0
SEQ_043177,SUBJ_027671,Eyelash - pull hair,53,1
SEQ_043179,SUBJ_058786,Forehead - scratch,69,2
SEQ_043182,SUBJ_058786,Neck - scratch,92,2
SEQ_043186,SUBJ_036450,Text on phone,69,2
SEQ_043187,SUBJ_002923,Eyelash - pull hair,60,3
SEQ_043195,SUBJ_056936,Pull air toward your face,45,4
SEQ_043198,SUBJ_053217,Pull air toward your face,76,4
SEQ_043199,SUBJ_053173,Forehead - pull hairline,55,1
SEQ_043209,SUBJ_028998,Drink from bottle/cup,61,1
SEQ_043219,SUBJ_001430,Neck - pinch skin,56,0
SEQ_043226,SUBJ_017499,Write name in air,93,4
SEQ_043235,SUBJ_042254,Write name in air,51,1
SEQ_043243,SUBJ_019262,Pinch knee/leg skin,51,0
SEQ_043244,SUBJ_051942,Eyelash - pull hair,48,2
SEQ_043252,SUBJ_019262,Eyebrow - pull hair,49,0
SEQ_043267,SUBJ_042254,Drink from bottle/cup,59,1
SEQ_043274,SUBJ_019756,Eyebrow - pull hair,49,4
SEQ_043279,SUBJ_041243,Pull air toward your face,81,0
SEQ_043310,SUBJ_047636,Above ear - pull hair,55,0
SEQ_043315,SUBJ_027671,Write name in air,51,1
SEQ_043329,SUBJ_057917,Cheek - pinch skin,47,2
SEQ_043330,SUBJ_008728,Above ear - pull hair,62,2
SEQ_043333,SUBJ_058786,Wave hello,76,2
SEQ_043334,SUBJ_040310,Neck - scratch,45,1
SEQ_043344,SUBJ_008304,Forehead - pull hairline,61,0
SEQ_043345,SUBJ_019297,Drink from bottle/cup,62,3
SEQ_043360,SUBJ_042254,Wave hello,54,1
SEQ_043363,SUBJ_024086,Eyebrow - pull hair,49,2
SEQ_043365,SUBJ_004117,Wave hello,64,3
SEQ_043366,SUBJ_002923,Cheek - pinch skin,53,3
SEQ_043367,SUBJ_052342,Cheek - pinch skin,60,3
SEQ_043368,SUBJ_058786,Pinch knee/leg skin,71,2
SEQ_043371,SUBJ_049223,Forehead - pull hairline,47,0
SEQ_043396,SUBJ_035353,Eyelash - pull hair,59,3
SEQ_043398,SUBJ_019297,Forehead - pull hairline,49,3
SEQ_043427,SUBJ_021670,Eyelash - pull hair,50,2
SEQ_043433,SUBJ_047636,Neck - scratch,186,0
SEQ_043438,SUBJ_019663,Neck - pinch skin,46,1
SEQ_043439,SUBJ_000206,Feel around in tray and pull out an object,65,2
SEQ_043454,SUBJ_034631,Neck - scratch,91,3
SEQ_043467,SUBJ_042779,Scratch knee/leg skin,46,1
SEQ_043490,SUBJ_003328,Forehead - pull hairline,53,3
SEQ_043506,SUBJ_017170,Eyelash - pull hair,51,2
SEQ_043521,SUBJ_050642,Text on phone,54,3
SEQ_043522,SUBJ_036450,Neck - pinch skin,58,2
SEQ_043525,SUBJ_040733,Eyebrow - pull hair,70,0
SEQ_043531,SUBJ_027671,Neck - pinch skin,61,1
SEQ_043553,SUBJ_019297,Neck - scratch,91,3
SEQ_043554,SUBJ_063464,Write name in air,48,2
SEQ_043555,SUBJ_039234,Above ear - pull hair,58,4
SEQ_043561,SUBJ_004117,Eyelash - pull hair,48,3
SEQ_043599,SUBJ_030676,Wave hello,143,4
SEQ_043606,SUBJ_040106,Pull air toward your face,49,0
SEQ_043611,SUBJ_021670,Pull air toward your face,58,2
SEQ_043620,SUBJ_040310,Wave hello,50,1
SEQ_043625,SUBJ_032233,Neck - pinch skin,47,4
SEQ_043630,SUBJ_047636,Eyelash - pull hair,51,0
SEQ_043632,SUBJ_058786,Forehead - scratch,83,2
SEQ_043633,SUBJ_042779,Glasses on/off,176,1
SEQ_043659,SUBJ_056936,Text on phone,66,4
SEQ_043662,SUBJ_026824,Neck - scratch,144,4
SEQ_043666,SUBJ_040724,Text on phone,75,2
SEQ_043667,SUBJ_040724,Above ear - pull hair,49,2
SEQ_043669,SUBJ_038277,Neck - pinch skin,141,0
SEQ_043675,SUBJ_032233,Neck - pinch skin,50,4
SEQ_043680,SUBJ_004117,Neck - pinch skin,50,3
SEQ_043695,SUBJ_004117,Wave hello,52,3
SEQ_043696,SUBJ_040310,Drink from bottle/cup,121,1
SEQ_043698,SUBJ_039234,Eyelash - pull hair,55,4
SEQ_043716,SUBJ_008304,Cheek - pinch skin,57,0
SEQ_043729,SUBJ_052342,Pull air toward your face,60,3
SEQ_043737,SUBJ_059330,Cheek - pinch skin,53,4
SEQ_043741,SUBJ_035353,Eyelash - pull hair,45,3
SEQ_043744,SUBJ_011323,Text on phone,51,2
SEQ_043746,SUBJ_023739,Forehead - scratch,70,2
SEQ_043757,SUBJ_061552,Cheek - pinch skin,88,0
SEQ_043765,SUBJ_042794,Neck - scratch,48,0
SEQ_043783,SUBJ_017807,Neck - pinch skin,70,1
SEQ_043785,SUBJ_019262,Eyelash - pull hair,57,0
SEQ_043793,SUBJ_040310,Pull air toward your face,64,1
SEQ_043808,SUBJ_045235,Above ear - pull hair,45,1
SEQ_043819,SUBJ_052342,Forehead - pull hairline,130,3
SEQ_043823,SUBJ_026824,Forehead - pull hairline,69,4
SEQ_043827,SUBJ_063464,Neck - pinch skin,49,2
SEQ_043847,SUBJ_032761,Cheek - pinch skin,57,2
SEQ_043860,SUBJ_063464,Scratch knee/leg skin,48,2
SEQ_043864,SUBJ_016552,Drink from bottle/cup,55,0
SEQ_043866,SUBJ_056936,Wave hello,61,4
SEQ_043868,SUBJ_008304,Feel around in tray and pull out an object,246,0
SEQ_043879,SUBJ_024086,Neck - pinch skin,53,2
SEQ_043883,SUBJ_034574,Cheek - pinch skin,63,3
SEQ_043890,SUBJ_063464,Eyelash - pull hair,71,2
SEQ_043891,SUBJ_001430,Forehead - pull hairline,53,0
SEQ_043902,SUBJ_059330,Forehead - pull hairline,54,4
SEQ_043925,SUBJ_003328,Eyebrow - pull hair,99,3
SEQ_043932,SUBJ_034574,Eyebrow - pull hair,48,3
SEQ_043933,SUBJ_064387,Cheek - pinch skin,46,4
SEQ_043936,SUBJ_039498,Wave hello,70,0
SEQ_043941,SUBJ_024825,Eyebrow - pull hair,47,4
SEQ_043943,SUBJ_063346,Wave hello,49,2
SEQ_043953,SUBJ_017807,Neck - scratch,52,1
SEQ_043963,SUBJ_040724,Write name in air,43,2
SEQ_043969,SUBJ_042794,Eyebrow - pull hair,45,0
SEQ_043976,SUBJ_059330,Eyebrow - pull hair,49,4
SEQ_043977,SUBJ_002923,Forehead - pull hairline,55,3
SEQ_043982,SUBJ_059520,Write name on leg,123,1
SEQ_043985,SUBJ_053173,Cheek - pinch skin,50,1
SEQ_043986,SUBJ_008304,Eyelash - pull hair,69,0
SEQ_043991,SUBJ_053906,Wave hello,80,1
SEQ_044004,SUBJ_011323,Write name on leg,69,2
SEQ_044016,SUBJ_034574,Forehead - pull hairline,99,3
SEQ_044034,SUBJ_032233,Neck - scratch,50,4
SEQ_044048,SUBJ_024086,Neck - scratch,48,2
SEQ_044055,SUBJ_063447,Cheek - pinch skin,50,0
SEQ_044057,SUBJ_058786,Eyebrow - pull hair,74,2
SEQ_044066,SUBJ_016552,Cheek - pinch skin,54,0
SEQ_044068,SUBJ_039234,Cheek - pinch skin,49,4
SEQ_044080,SUBJ_049223,Glasses on/off,123,0
SEQ_044087,SUBJ_017499,Above ear - pull hair,91,4
SEQ_044106,SUBJ_012088,Above ear - pull hair,102,0
SEQ_044117,SUBJ_024086,Forehead - pull hairline,62,2
SEQ_044118,SUBJ_026460,Wave hello,54,3
SEQ_044122,SUBJ_049223,Forehead - scratch,48,0
SEQ_044125,SUBJ_061552,Forehead - scratch,52,0
SEQ_044143,SUBJ_011323,Pinch knee/leg skin,67,2
SEQ_044151,SUBJ_041770,Eyelash - pull hair,47,1
SEQ_044157,SUBJ_042779,Text on phone,54,1
SEQ_044162,SUBJ_032585,Eyelash - pull hair,90,3
SEQ_044164,SUBJ_034574,Pull air toward your face,65,3
SEQ_044166,SUBJ_041770,Pinch knee/leg skin,78,1
SEQ_044176,SUBJ_063447,Neck - pinch skin,62,0
SEQ_044178,SUBJ_024137,Write name in air,52,3
SEQ_044196,SUBJ_026460,Write name on leg,69,3
SEQ_044208,SUBJ_042779,Text on phone,53,1
SEQ_044211,SUBJ_032585,Eyelash - pull hair,52,3
SEQ_044217,SUBJ_050642,Wave hello,106,3
SEQ_044222,SUBJ_059960,Cheek - pinch skin,79,1
SEQ_044224,SUBJ_057917,Neck - pinch skin,51,2
SEQ_044231,SUBJ_040106,Text on phone,62,0
SEQ_044234,SUBJ_004117,Glasses on/off,59,3
SEQ_044243,SUBJ_030676,Drink from bottle/cup,59,4
SEQ_044245,SUBJ_032233,Forehead - scratch,52,4
SEQ_044247,SUBJ_045235,Text on phone,62,1
SEQ_044264,SUBJ_027671,Eyebrow - pull hair,56,1
SEQ_044277,SUBJ_008304,Wave hello,50,0
SEQ_044288,SUBJ_002923,Eyelash - pull hair,97,3
SEQ_044322,SUBJ_052342,Eyebrow - pull hair,101,3
SEQ_044332,SUBJ_038709,Pull air toward your face,54,4
SEQ_044335,SUBJ_040282,Neck - scratch,41,1
SEQ_044342,SUBJ_032585,Above ear - pull hair,96,3
SEQ_044358,SUBJ_028998,Pull air toward your face,48,1
SEQ_044359,SUBJ_041243,Forehead - scratch,96,0
SEQ_044362,SUBJ_063346,Eyebrow - pull hair,51,2
SEQ_044376,SUBJ_041243,Eyebrow - pull hair,53,0
SEQ_044382,SUBJ_013623,Eyelash - pull hair,68,4
SEQ_044391,SUBJ_058967,Pinch knee/leg skin,104,4
SEQ_044396,SUBJ_038023,Glasses on/off,63,3
SEQ_044398,SUBJ_055211,Text on phone,58,2
SEQ_044401,SUBJ_053906,Neck - scratch,78,1
SEQ_044406,SUBJ_035353,Pinch knee/leg skin,44,3
SEQ_044407,SUBJ_035353,Pull air toward your face,48,3
SEQ_044417,SUBJ_017499,Pinch knee/leg skin,51,4
SEQ_044424,SUBJ_061552,Eyebrow - pull hair,55,0
SEQ_044432,SUBJ_036405,Neck - scratch,84,4
SEQ_044434,SUBJ_057917,Neck - scratch,47,2
SEQ_044435,SUBJ_032233,Neck - pinch skin,55,4
SEQ_044437,SUBJ_039234,Pull air toward your face,89,4
SEQ_044457,SUBJ_041770,Wave hello,49,1
SEQ_044459,SUBJ_063447,Write name in air,52,0
SEQ_044465,SUBJ_019756,Above ear - pull hair,46,4
SEQ_044471,SUBJ_024825,Forehead - pull hairline,46,4
SEQ_044475,SUBJ_011323,Write name in air,49,2
SEQ_044483,SUBJ_058786,Text on phone,73,2
SEQ_044490,SUBJ_057917,Above ear - pull hair,44,2
SEQ_044491,SUBJ_040724,Forehead - scratch,46,2
SEQ_044510,SUBJ_038277,Wave hello,57,0
SEQ_044512,SUBJ_063447,Neck - pinch skin,54,0
SEQ_044516,SUBJ_052342,Eyebrow - pull hair,58,3
SEQ_044523,SUBJ_000206,Above ear - pull hair,44,2
SEQ_044532,SUBJ_001430,Eyelash - pull hair,54,0
SEQ_044534,SUBJ_063319,Pull air toward your face,74,4
SEQ_044535,SUBJ_043192,Neck - pinch skin,55,3
SEQ_044544,SUBJ_000206,Forehead - scratch,49,2
SEQ_044559,SUBJ_053217,Write name on leg,48,4
SEQ_044569,SUBJ_040724,Write name in air,51,2
SEQ_044570,SUBJ_063464,Forehead - pull hairline,58,2
SEQ_044578,SUBJ_045235,Pinch knee/leg skin,56,1
SEQ_044583,SUBJ_056936,Wave hello,86,4
SEQ_044593,SUBJ_002923,Above ear - pull hair,58,3
SEQ_044626,SUBJ_064387,Pinch knee/leg skin,53,4
SEQ_044637,SUBJ_064387,Text on phone,202,4
SEQ_044654,SUBJ_008304,Feel around in tray and pull out an object,71,0
SEQ_044655,SUBJ_059520,Eyebrow - pull hair,121,1
SEQ_044669,SUBJ_032585,Forehead - pull hairline,57,3
SEQ_044673,SUBJ_042779,Wave hello,45,1
SEQ_044674,SUBJ_036450,Eyelash - pull hair,62,2
SEQ_044680,SUBJ_057917,Eyebrow - pull hair,96,2
SEQ_044683,SUBJ_053906,Eyelash - pull hair,51,1
SEQ_044694,SUBJ_044680,Eyelash - pull hair,105,3
SEQ_044697,SUBJ_002923,Cheek - pinch skin,50,3
SEQ_044703,SUBJ_056936,Cheek - pinch skin,74,4
SEQ_044710,SUBJ_030676,Above ear - pull hair,51,4
SEQ_044720,SUBJ_024137,Cheek - pinch skin,90,3
SEQ_044734,SUBJ_058786,Text on phone,67,2
SEQ_044752,SUBJ_004117,Text on phone,73,3
SEQ_044756,SUBJ_038023,Neck - scratch,50,3
SEQ_044769,SUBJ_032704,Wave hello,129,1
SEQ_044789,SUBJ_034631,Neck - pinch skin,58,3
SEQ_044826,SUBJ_004117,Neck - scratch,96,3
SEQ_044835,SUBJ_061552,Forehead - pull hairline,90,0
SEQ_044838,SUBJ_040733,Pull air toward your face,80,0
SEQ_044841,SUBJ_063464,Eyelash - pull hair,68,2
SEQ_044843,SUBJ_063319,Eyelash - pull hair,57,4
SEQ_044846,SUBJ_039498,Scratch knee/leg skin,56,0
SEQ_044849,SUBJ_040106,Scratch knee/leg skin,73,0
SEQ_044850,SUBJ_040724,Write name in air,67,2
SEQ_044861,SUBJ_027682,Text on phone,164,4
SEQ_044863,SUBJ_038023,Forehead - scratch,60,3
SEQ_044867,SUBJ_027682,Eyebrow - pull hair,155,4
SEQ_044874,SUBJ_036450,Wave hello,54,2
SEQ_044876,SUBJ_061552,Forehead - scratch,96,0
SEQ_044880,SUBJ_019756,Forehead - pull hairline,52,4
SEQ_044881,SUBJ_003328,Forehead - pull hairline,51,3
SEQ_044887,SUBJ_040724,Pull air toward your face,64,2
SEQ_044893,SUBJ_026460,Above ear - pull hair,75,3
SEQ_044903,SUBJ_020948,Wave hello,60,0
SEQ_044907,SUBJ_027671,Above ear - pull hair,77,1
SEQ_044908,SUBJ_023739,Above ear - pull hair,52,2
SEQ_044911,SUBJ_032704,Glasses on/off,60,1
SEQ_044929,SUBJ_003328,Neck - pinch skin,54,3
SEQ_044932,SUBJ_036450,Eyelash - pull hair,60,2
SEQ_044937,SUBJ_032233,Eyelash - pull hair,50,4
SEQ_044946,SUBJ_017499,Scratch knee/leg skin,98,4
SEQ_044950,SUBJ_019262,Write name in air,54,0
SEQ_044963,SUBJ_055211,Neck - pinch skin,49,2
SEQ_044967,SUBJ_059520,Neck - scratch,85,1
SEQ_044972,SUBJ_024086,Neck - pinch skin,51,2
SEQ_044975,SUBJ_061552,Neck - scratch,66,0
SEQ_044976,SUBJ_058786,Above ear - pull hair,53,2
SEQ_044991,SUBJ_064387,Above ear - pull hair,54,4
SEQ_044992,SUBJ_058967,Neck - scratch,80,4
SEQ_044996,SUBJ_030676,Eyebrow - pull hair,98,4
SEQ_044999,SUBJ_023739,Eyebrow - pull hair,340,2
SEQ_045004,SUBJ_055211,Write name in air,49,2
SEQ_045007,SUBJ_038277,Pull air toward your face,53,0
SEQ_045008,SUBJ_041770,Cheek - pinch skin,72,1
SEQ_045010,SUBJ_041243,Scratch knee/leg skin,199,0
SEQ_045011,SUBJ_008728,Neck - scratch,107,2
SEQ_045015,SUBJ_036450,Forehead - scratch,60,2
SEQ_045019,SUBJ_017807,Wave hello,125,1
SEQ_045025,SUBJ_056936,Pinch knee/leg skin,49,4
SEQ_045031,SUBJ_040106,Wave hello,61,0
SEQ_045047,SUBJ_038709,Wave hello,103,4
SEQ_045062,SUBJ_000206,Write name in air,71,2
SEQ_045083,SUBJ_038277,Neck - pinch skin,96,0
SEQ_045085,SUBJ_021670,Eyebrow - pull hair,86,2
SEQ_045089,SUBJ_055211,Eyelash - pull hair,83,2
SEQ_045090,SUBJ_019262,Feel around in tray and pull out an object,100,0
SEQ_045120,SUBJ_017499,Wave hello,86,4
SEQ_045132,SUBJ_053173,Forehead - pull hairline,54,1
SEQ_045141,SUBJ_042254,Eyelash - pull hair,48,1
SEQ_045143,SUBJ_049223,Cheek - pinch skin,52,0
SEQ_045147,SUBJ_027682,Neck - pinch skin,55,4
SEQ_045149,SUBJ_028998,Eyebrow - pull hair,78,1
SEQ_045154,SUBJ_059520,Eyebrow - pull hair,56,1
SEQ_045155,SUBJ_021670,Pull air toward your face,62,2
SEQ_045160,SUBJ_049223,Text on phone,75,0
SEQ_045196,SUBJ_038709,Forehead - scratch,76,4
SEQ_045220,SUBJ_041770,Neck - scratch,49,1
SEQ_045221,SUBJ_050642,Eyelash - pull hair,72,3
SEQ_045233,SUBJ_049223,Eyebrow - pull hair,55,0
SEQ_045268,SUBJ_035353,Text on phone,60,3
SEQ_045273,SUBJ_058786,Pull air toward your face,49,2
SEQ_045278,SUBJ_042779,Eyebrow - pull hair,119,1
SEQ_045306,SUBJ_035353,Eyebrow - pull hair,76,3
SEQ_045311,SUBJ_040282,Neck - pinch skin,52,1
SEQ_045320,SUBJ_024825,Write name in air,62,4
SEQ_045327,SUBJ_059520,Forehead - scratch,56,1
SEQ_045332,SUBJ_024137,Write name in air,87,3
SEQ_045334,SUBJ_045235,Text on phone,161,1
SEQ_045336,SUBJ_038277,Write name in air,49,0
SEQ_045340,SUBJ_058967,Text on phone,117,4
SEQ_045344,SUBJ_047636,Cheek - pinch skin,92,0
SEQ_045346,SUBJ_059960,Text on phone,84,1
SEQ_045351,SUBJ_041243,Cheek - pinch skin,93,0
SEQ_045356,SUBJ_063464,Write name in air,69,2
SEQ_045370,SUBJ_028998,Forehead - pull hairline,58,1
SEQ_045383,SUBJ_052342,Wave hello,62,3
SEQ_045389,SUBJ_035353,Cheek - pinch skin,63,3
SEQ_045391,SUBJ_021670,Eyebrow - pull hair,45,2
SEQ_045392,SUBJ_017499,Wave hello,52,4
SEQ_045405,SUBJ_019297,Drink from bottle/cup,86,3
SEQ_045414,SUBJ_042794,Text on phone,214,0
SEQ_045418,SUBJ_019262,Text on phone,62,0
SEQ_045427,SUBJ_039498,Above ear - pull hair,59,0
SEQ_045430,SUBJ_040724,Forehead - pull hairline,56,2
SEQ_045442,SUBJ_043192,Forehead - scratch,58,3
SEQ_045443,SUBJ_056936,Eyelash - pull hair,54,4
SEQ_045447,SUBJ_012088,Drink from bottle/cup,69,0
SEQ_045458,SUBJ_038277,Eyebrow - pull hair,105,0
SEQ_045461,SUBJ_001430,Eyelash - pull hair,92,0
SEQ_045465,SUBJ_055211,Above ear - pull hair,95,2
SEQ_045482,SUBJ_030676,Eyelash - pull hair,52,4
SEQ_045486,SUBJ_017807,Text on phone,143,1
SEQ_045516,SUBJ_002923,Eyebrow - pull hair,89,3
SEQ_045521,SUBJ_041243,Forehead - pull hairline,54,0
SEQ_045523,SUBJ_019663,Forehead - scratch,44,1
SEQ_045540,SUBJ_039234,Forehead - scratch,61,4
SEQ_045543,SUBJ_056936,Neck - pinch skin,53,4
SEQ_045556,SUBJ_044680,Above ear - pull hair,78,3
SEQ_045586,SUBJ_053906,Pinch knee/leg skin,52,1
SEQ_045596,SUBJ_056936,Glasses on/off,151,4
SEQ_045610,SUBJ_056936,Eyebrow - pull hair,91,4
SEQ_045611,SUBJ_043192,Pull air toward your face,50,3
SEQ_045612,SUBJ_040106,Glasses on/off,50,0
SEQ_045626,SUBJ_041243,Neck - pinch skin,65,0
SEQ_045640,SUBJ_017170,Forehead - scratch,51,2
SEQ_045649,SUBJ_016552,Neck - scratch,77,0
SEQ_045672,SUBJ_056936,Text on phone,58,4
SEQ_045678,SUBJ_019756,Pinch knee/leg skin,46,4
SEQ_045681,SUBJ_044680,Forehead - pull hairline,47,3
SEQ_045695,SUBJ_008728,Text on phone,70,2
SEQ_045702,SUBJ_036450,Feel around in tray and pull out an object,90,2
SEQ_045703,SUBJ_057917,Glasses on/off,56,2
SEQ_045733,SUBJ_032704,Neck - pinch skin,141,1
SEQ_045734,SUBJ_038277,Text on phone,69,0
SEQ_045735,SUBJ_047636,Neck - pinch skin,74,0
SEQ_045762,SUBJ_023739,Text on phone,66,2
SEQ_045770,SUBJ_024086,Write name on leg,53,2
SEQ_045771,SUBJ_024086,Eyelash - pull hair,63,2
SEQ_045772,SUBJ_032704,Drink from bottle/cup,93,1
SEQ_045779,SUBJ_040733,Above ear - pull hair,71,0
SEQ_045781,SUBJ_043192,Above ear - pull hair,49,3
SEQ_045783,SUBJ_041243,Text on phone,79,0
SEQ_045797,SUBJ_053906,Pull air toward your face,49,1
SEQ_045835,SUBJ_024825,Neck - pinch skin,44,4
SEQ_045837,SUBJ_032704,Above ear - pull hair,51,1
SEQ_045841,SUBJ_043192,Wave hello,49,3
SEQ_045842,SUBJ_038709,Write name in air,76,4
SEQ_045863,SUBJ_000206,Forehead - scratch,47,2
SEQ_045870,SUBJ_019756,Write name in air,65,4
SEQ_045880,SUBJ_043192,Write name in air,41,3
SEQ_045889,SUBJ_032761,Forehead - scratch,77,2
SEQ_045890,SUBJ_036450,Eyelash - pull hair,44,2
SEQ_045899,SUBJ_040310,Above ear - pull hair,49,1
SEQ_045900,SUBJ_027671,Write name on leg,62,1
SEQ_045907,SUBJ_032585,Pinch knee/leg skin,83,3
SEQ_045913,SUBJ_001430,Write name in air,107,0
SEQ_045923,SUBJ_041770,Pull air toward your face,50,1
SEQ_045925,SUBJ_034574,Pull air toward your face,82,3
SEQ_045927,SUBJ_011323,Eyebrow - pull hair,107,2
SEQ_045931,SUBJ_059960,Feel around in tray and pull out an object,173,1
SEQ_045943,SUBJ_040106,Cheek - pinch skin,44,0
SEQ_045949,SUBJ_032233,Above ear - pull hair,50,4
SEQ_045957,SUBJ_041243,Neck - pinch skin,53,0
SEQ_045958,SUBJ_013623,Neck - scratch,52,4
SEQ_045959,SUBJ_026824,Eyebrow - pull hair,57,4
SEQ_045964,SUBJ_028998,Eyebrow - pull hair,69,1
SEQ_045978,SUBJ_064387,Neck - pinch skin,44,4
SEQ_045989,SUBJ_039498,Pinch knee/leg skin,55,0
SEQ_045990,SUBJ_026460,Forehead - scratch,64,3
SEQ_045995,SUBJ_011323,Neck - scratch,49,2
SEQ_046012,SUBJ_020948,Wave hello,99,0
SEQ_046015,SUBJ_064387,Drink from bottle/cup,63,4
SEQ_046020,SUBJ_017807,Wave hello,51,1
SEQ_046042,SUBJ_019663,Feel around in tray and pull out an object,204,1
SEQ_046049,SUBJ_035353,Eyelash - pull hair,48,3
SEQ_046052,SUBJ_059960,Neck - pinch skin,45,1
SEQ_046059,SUBJ_013623,Above ear - pull hair,57,4
SEQ_046063,SUBJ_052342,Forehead - scratch,75,3
SEQ_046064,SUBJ_053173,Neck - scratch,84,1
SEQ_046072,SUBJ_032165,Forehead - scratch,80,1
SEQ_046081,SUBJ_044680,Pull air toward your face,97,3
SEQ_046091,SUBJ_056936,Forehead - pull hairline,50,4
SEQ_046106,SUBJ_039234,Pull air toward your face,59,4
SEQ_046109,SUBJ_017807,Forehead - pull hairline,50,1
SEQ_046112,SUBJ_004117,Forehead - pull hairline,51,3
SEQ_046115,SUBJ_047636,Cheek - pinch skin,89,0
SEQ_046121,SUBJ_004117,Cheek - pinch skin,55,3
SEQ_046122,SUBJ_000206,Eyelash - pull hair,45,2
SEQ_046153,SUBJ_053173,Neck - scratch,65,1
SEQ_046171,SUBJ_024825,Pinch knee/leg skin,45,4
SEQ_046177,SUBJ_030676,Pull air toward your face,64,4
SEQ_046188,SUBJ_023739,Cheek - pinch skin,91,2
SEQ_046205,SUBJ_042779,Forehead - pull hairline,59,1
SEQ_046226,SUBJ_041770,Text on phone,91,1
SEQ_046229,SUBJ_040282,Above ear - pull hair,92,1
SEQ_046233,SUBJ_038277,Forehead - pull hairline,51,0
SEQ_046235,SUBJ_061552,Neck - pinch skin,106,0
SEQ_046238,SUBJ_045235,Text on phone,113,1
SEQ_046244,SUBJ_011323,Wave hello,52,2
SEQ_046255,SUBJ_056936,Forehead - scratch,59,4
SEQ_046261,SUBJ_001430,Eyebrow - pull hair,48,0
SEQ_046263,SUBJ_039234,Forehead - scratch,98,4
SEQ_046269,SUBJ_049223,Pull air toward your face,49,0
SEQ_046272,SUBJ_004117,Feel around in tray and pull out an object,70,3
SEQ_046276,SUBJ_058786,Write name in air,53,2
SEQ_046279,SUBJ_026824,Neck - scratch,49,4
SEQ_046290,SUBJ_058967,Write name in air,62,4
SEQ_046299,SUBJ_054811,Above ear - pull hair,53,3
SEQ_046304,SUBJ_017807,Forehead - scratch,94,1
SEQ_046308,SUBJ_020948,Cheek - pinch skin,59,0
SEQ_046319,SUBJ_064387,Cheek - pinch skin,46,4
SEQ_046320,SUBJ_041243,Above ear - pull hair,56,0
SEQ_046325,SUBJ_059960,Drink from bottle/cup,64,1
SEQ_046334,SUBJ_040733,Neck - pinch skin,50,0
SEQ_046355,SUBJ_063346,Write name on leg,47,2
SEQ_046360,SUBJ_026824,Write name in air,46,4
SEQ_046361,SUBJ_042254,Eyelash - pull hair,66,1
SEQ_046372,SUBJ_001430,Cheek - pinch skin,55,0
SEQ_046377,SUBJ_049223,Neck - pinch skin,47,0
SEQ_046384,SUBJ_027682,Above ear - pull hair,52,4
SEQ_046389,SUBJ_032165,Eyelash - pull hair,72,1
SEQ_046393,SUBJ_063319,Wave hello,68,4
SEQ_046400,SUBJ_032761,Eyelash - pull hair,55,2
SEQ_046403,SUBJ_045235,Above ear - pull hair,47,1
SEQ_046408,SUBJ_017499,Feel around in tray and pull out an object,165,4
SEQ_046409,SUBJ_052342,Text on phone,75,3
SEQ_046411,SUBJ_008304,Cheek - pinch skin,50,0
SEQ_046415,SUBJ_019262,Forehead - scratch,52,0
SEQ_046417,SUBJ_000206,Neck - scratch,181,2
SEQ_046420,SUBJ_034631,Eyelash - pull hair,76,3
SEQ_046426,SUBJ_040282,Neck - pinch skin,167,1
SEQ_046427,SUBJ_026824,Above ear - pull hair,46,4
SEQ_046429,SUBJ_050642,Above ear - pull hair,56,3
SEQ_046459,SUBJ_019297,Eyebrow - pull hair,50,3
SEQ_046460,SUBJ_042794,Eyebrow - pull hair,47,0
SEQ_046484,SUBJ_024086,Neck - pinch skin,53,2
SEQ_046492,SUBJ_034631,Forehead - scratch,83,3
SEQ_046494,SUBJ_026824,Drink from bottle/cup,64,4
SEQ_046495,SUBJ_019663,Wave hello,111,1
SEQ_046505,SUBJ_024825,Wave hello,46,4
SEQ_046523,SUBJ_053906,Neck - scratch,44,1
SEQ_046524,SUBJ_058967,Neck - scratch,82,4
SEQ_046531,SUBJ_002923,Scratch knee/leg skin,127,3
SEQ_046532,SUBJ_013623,Above ear - pull hair,50,4
SEQ_046542,SUBJ_041243,Write name in air,83,0
SEQ_046549,SUBJ_030676,Write name in air,39,4
SEQ_046553,SUBJ_041243,Text on phone,75,0
SEQ_046559,SUBJ_019297,Above ear - pull hair,51,3
SEQ_046565,SUBJ_020948,Eyebrow - pull hair,51,0
SEQ_046579,SUBJ_023739,Neck - pinch skin,56,2
SEQ_046593,SUBJ_000206,Forehead - pull hairline,64,2
SEQ_046600,SUBJ_063447,Eyelash - pull hair,51,0
SEQ_046615,SUBJ_019663,Neck - pinch skin,65,1
SEQ_046629,SUBJ_039234,Forehead - pull hairline,103,4
SEQ_046639,SUBJ_038023,Neck - scratch,88,3
SEQ_046651,SUBJ_064387,Pull air toward your face,68,4
SEQ_046664,SUBJ_023739,Eyelash - pull hair,71,2
SEQ_046672,SUBJ_057917,Eyelash - pull hair,47,2
SEQ_046682,SUBJ_047636,Above ear - pull hair,53,0
SEQ_046683,SUBJ_058967,Above ear - pull hair,65,4
SEQ_046692,SUBJ_003328,Neck - scratch,51,3
SEQ_046727,SUBJ_017807,Eyelash - pull hair,101,1
SEQ_046739,SUBJ_061552,Forehead - pull hairline,62,0
SEQ_046754,SUBJ_040310,Text on phone,67,1
SEQ_046755,SUBJ_003328,Write name in air,58,3
SEQ_046757,SUBJ_008304,Eyebrow - pull hair,88,0
SEQ_046759,SUBJ_040733,Neck - scratch,88,0
SEQ_046784,SUBJ_040106,Neck - scratch,47,0
SEQ_046787,SUBJ_030676,Text on phone,235,4
SEQ_046790,SUBJ_008304,Forehead - pull hairline,61,0
SEQ_046795,SUBJ_019663,Above ear - pull hair,62,1
SEQ_046820,SUBJ_052342,Wave hello,200,3
SEQ_046821,SUBJ_019262,Above ear - pull hair,68,0
SEQ_046824,SUBJ_040310,Text on phone,61,1
SEQ_046825,SUBJ_052342,Write name in air,111,3
SEQ_046846,SUBJ_024137,Forehead - scratch,60,3
SEQ_046848,SUBJ_001430,Above ear - pull hair,55,0
SEQ_046856,SUBJ_019663,Forehead - pull hairline,65,1
SEQ_046873,SUBJ_055211,Write name in air,92,2
SEQ_046877,SUBJ_000206,Eyebrow - pull hair,242,2
SEQ_046888,SUBJ_058786,Eyebrow - pull hair,46,2
SEQ_046913,SUBJ_017807,Text on phone,60,1
SEQ_046925,SUBJ_017499,Eyebrow - pull hair,103,4
SEQ_046926,SUBJ_040724,Eyebrow - pull hair,52,2
SEQ_046930,SUBJ_040724,Neck - scratch,79,2
SEQ_046934,SUBJ_047636,Eyelash - pull hair,55,0
SEQ_046938,SUBJ_057917,Forehead - scratch,48,2
SEQ_046939,SUBJ_034631,Eyelash - pull hair,94,3
SEQ_046945,SUBJ_063447,Text on phone,75,0
SEQ_046952,SUBJ_024137,Above ear - pull hair,74,3
SEQ_046980,SUBJ_036450,Text on phone,59,2
SEQ_046981,SUBJ_053906,Pull air toward your face,72,1
SEQ_046993,SUBJ_026824,Forehead - scratch,45,4
SEQ_047000,SUBJ_021670,Eyebrow - pull hair,48,2
SEQ_047023,SUBJ_028998,Neck - pinch skin,60,1
SEQ_047033,SUBJ_055211,Eyebrow - pull hair,74,2
SEQ_047038,SUBJ_032761,Neck - scratch,49,2
SEQ_047045,SUBJ_023739,Eyelash - pull hair,60,2
SEQ_047062,SUBJ_021670,Write name in air,57,2
SEQ_047074,SUBJ_053906,Feel around in tray and pull out an object,71,1
SEQ_047075,SUBJ_024825,Eyelash - pull hair,50,4
SEQ_047078,SUBJ_024825,Text on phone,73,4
SEQ_047085,SUBJ_024086,Drink from bottle/cup,59,2
SEQ_047087,SUBJ_000206,Write name in air,47,2
SEQ_047094,SUBJ_032233,Eyebrow - pull hair,56,4
SEQ_047105,SUBJ_059520,Neck - scratch,58,1
SEQ_047111,SUBJ_013623,Drink from bottle/cup,57,4
SEQ_047112,SUBJ_059960,Above ear - pull hair,49,1
SEQ_047113,SUBJ_000206,Text on phone,146,2
SEQ_047117,SUBJ_058967,Text on phone,149,4
SEQ_047121,SUBJ_039234,Eyelash - pull hair,60,4
SEQ_047147,SUBJ_032233,Write name in air,55,4
SEQ_047153,SUBJ_017807,Forehead - scratch,49,1
SEQ_047155,SUBJ_041770,Pinch knee/leg skin,57,1
SEQ_047160,SUBJ_049223,Forehead - scratch,65,0
SEQ_047161,SUBJ_000206,Cheek - pinch skin,48,2
SEQ_047165,SUBJ_028998,Forehead - scratch,78,1
SEQ_047168,SUBJ_017499,Cheek - pinch skin,80,4
SEQ_047172,SUBJ_026460,Eyelash - pull hair,64,3
SEQ_047186,SUBJ_032704,Neck - scratch,72,1
SEQ_047187,SUBJ_012088,Wave hello,52,0
SEQ_047189,SUBJ_013623,Forehead - scratch,59,4
SEQ_047190,SUBJ_053173,Eyebrow - pull hair,65,1
SEQ_047202,SUBJ_039234,Neck - pinch skin,66,4
SEQ_047209,SUBJ_032585,Eyebrow - pull hair,56,3
SEQ_047214,SUBJ_059330,Text on phone,77,4
SEQ_047216,SUBJ_039234,Text on phone,208,4
SEQ_047232,SUBJ_043192,Write name on leg,44,3
SEQ_047236,SUBJ_034631,Pull air toward your face,49,3
SEQ_047243,SUBJ_036450,Neck - pinch skin,54,2
SEQ_047255,SUBJ_032761,Forehead - scratch,52,2
SEQ_047259,SUBJ_040310,Cheek - pinch skin,67,1
SEQ_047268,SUBJ_027682,Cheek - pinch skin,85,4
SEQ_047277,SUBJ_036405,Eyebrow - pull hair,60,4
SEQ_047284,SUBJ_017170,Above ear - pull hair,46,2
SEQ_047295,SUBJ_028998,Pull air toward your face,58,1
SEQ_047302,SUBJ_032585,Neck - scratch,98,3
SEQ_047317,SUBJ_044680,Write name on leg,72,3
SEQ_047323,SUBJ_059330,Write name in air,63,4
SEQ_047332,SUBJ_055211,Neck - scratch,49,2
SEQ_047335,SUBJ_027671,Eyelash - pull hair,53,1
SEQ_047343,SUBJ_038277,Cheek - pinch skin,61,0
SEQ_047374,SUBJ_027682,Forehead - scratch,59,4
SEQ_047375,SUBJ_019297,Cheek - pinch skin,46,3
SEQ_047381,SUBJ_003328,Wave hello,230,3
SEQ_047383,SUBJ_054811,Write name in air,94,3
SEQ_047405,SUBJ_008728,Eyelash - pull hair,62,2
SEQ_047412,SUBJ_052342,Forehead - scratch,56,3
SEQ_047414,SUBJ_032704,Wave hello,52,1
SEQ_047417,SUBJ_063447,Write name in air,61,0
SEQ_047433,SUBJ_038709,Forehead - scratch,51,4
SEQ_047438,SUBJ_027682,Neck - pinch skin,63,4
SEQ_047439,SUBJ_042779,Text on phone,59,1
SEQ_047443,SUBJ_019262,Drink from bottle/cup,86,0
SEQ_047460,SUBJ_017499,Eyelash - pull hair,51,4
SEQ_047463,SUBJ_051942,Cheek - pinch skin,53,2
SEQ_047478,SUBJ_019262,Cheek - pinch skin,56,0
SEQ_047494,SUBJ_036450,Drink from bottle/cup,150,2
SEQ_047502,SUBJ_042254,Neck - pinch skin,51,1
SEQ_047505,SUBJ_041770,Pull air toward your face,52,1
SEQ_047510,SUBJ_050642,Above ear - pull hair,44,3
SEQ_047517,SUBJ_024825,Cheek - pinch skin,45,4
SEQ_047554,SUBJ_063464,Text on phone,134,2
SEQ_047562,SUBJ_043192,Write name in air,71,3
SEQ_047564,SUBJ_026824,Wave hello,68,4
SEQ_047603,SUBJ_040106,Neck - pinch skin,48,0
SEQ_047607,SUBJ_001430,Neck - pinch skin,65,0
SEQ_047613,SUBJ_034631,Wave hello,99,3
SEQ_047623,SUBJ_034631,Cheek - pinch skin,85,3
SEQ_047626,SUBJ_043192,Pull air toward your face,68,3
SEQ_047627,SUBJ_020948,Neck - pinch skin,67,0
SEQ_047636,SUBJ_023739,Neck - scratch,52,2
SEQ_047653,SUBJ_034631,Above ear - pull hair,53,3
SEQ_047674,SUBJ_063346,Eyelash - pull hair,46,2
SEQ_047679,SUBJ_040733,Eyelash - pull hair,95,0
SEQ_047687,SUBJ_056936,Neck - pinch skin,47,4
SEQ_047690,SUBJ_042794,Eyelash - pull hair,66,0
SEQ_047715,SUBJ_019262,Pinch knee/leg skin,52,0
SEQ_047718,SUBJ_044680,Pull air toward your face,51,3
SEQ_047721,SUBJ_011323,Neck - pinch skin,61,2
SEQ_047732,SUBJ_012088,Text on phone,71,0
SEQ_047733,SUBJ_024825,Neck - pinch skin,50,4
SEQ_047744,SUBJ_017807,Eyelash - pull hair,49,1
SEQ_047756,SUBJ_008728,Cheek - pinch skin,54,2
SEQ_047760,SUBJ_039498,Above ear - pull hair,57,0
SEQ_047782,SUBJ_064387,Cheek - pinch skin,92,4
SEQ_047786,SUBJ_032165,Forehead - scratch,51,1
SEQ_047789,SUBJ_019262,Eyelash - pull hair,96,0
SEQ_047793,SUBJ_063346,Glasses on/off,75,2
SEQ_047802,SUBJ_063464,Cheek - pinch skin,60,2
SEQ_047805,SUBJ_021670,Text on phone,246,2
SEQ_047818,SUBJ_032704,Text on phone,62,1
SEQ_047845,SUBJ_026460,Cheek - pinch skin,60,3
SEQ_047851,SUBJ_036405,Wave hello,77,4
SEQ_047860,SUBJ_036450,Pull air toward your face,53,2
SEQ_047866,SUBJ_063464,Feel around in tray and pull out an object,241,2
SEQ_047869,SUBJ_063447,Eyelash - pull hair,49,0
SEQ_047872,SUBJ_064387,Neck - pinch skin,57,4
SEQ_047873,SUBJ_019297,Text on phone,98,3
SEQ_047875,SUBJ_063319,Feel around in tray and pull out an object,72,4
SEQ_047892,SUBJ_019663,Wave hello,79,1
SEQ_047903,SUBJ_040106,Forehead - scratch,55,0
SEQ_047917,SUBJ_063464,Pull air toward your face,56,2
SEQ_047918,SUBJ_020948,Neck - pinch skin,59,0
SEQ_047922,SUBJ_057917,Neck - scratch,163,2
SEQ_047923,SUBJ_044680,Write name on leg,50,3
SEQ_047949,SUBJ_061552,Wave hello,140,0
SEQ_047954,SUBJ_047636,Neck - pinch skin,51,0
SEQ_047970,SUBJ_028998,Wave hello,81,1
SEQ_047977,SUBJ_063464,Eyelash - pull hair,48,2
SEQ_047983,SUBJ_055211,Forehead - scratch,83,2
SEQ_047992,SUBJ_019756,Above ear - pull hair,58,4
SEQ_048001,SUBJ_053173,Pull air toward your face,55,1
SEQ_048025,SUBJ_050642,Neck - scratch,45,3
SEQ_048030,SUBJ_032704,Forehead - scratch,51,1
SEQ_048036,SUBJ_061552,Eyebrow - pull hair,92,0
SEQ_048037,SUBJ_012088,Glasses on/off,101,0
SEQ_048039,SUBJ_053173,Drink from bottle/cup,71,1
SEQ_048048,SUBJ_039498,Eyelash - pull hair,54,0
SEQ_048050,SUBJ_041770,Text on phone,58,1
SEQ_048051,SUBJ_013623,Forehead - scratch,53,4
SEQ_048057,SUBJ_045235,Neck - pinch skin,51,1
SEQ_048071,SUBJ_019297,Forehead - scratch,83,3
SEQ_048073,SUBJ_061552,Text on phone,81,0
SEQ_048076,SUBJ_008304,Pinch knee/leg skin,68,0
SEQ_048082,SUBJ_059330,Neck - scratch,106,4
SEQ_048084,SUBJ_019297,Neck - pinch skin,50,3
SEQ_048109,SUBJ_020948,Write name in air,56,0
SEQ_048132,SUBJ_032704,Cheek - pinch skin,50,1
SEQ_048133,SUBJ_019262,Above ear - pull hair,64,0
SEQ_048140,SUBJ_053173,Glasses on/off,69,1
SEQ_048148,SUBJ_063346,Write name in air,46,2
SEQ_048149,SUBJ_044680,Text on phone,61,3
SEQ_048159,SUBJ_040310,Forehead - scratch,47,1
SEQ_048160,SUBJ_042779,Forehead - scratch,49,1
SEQ_048165,SUBJ_049223,Eyebrow - pull hair,49,0
SEQ_048190,SUBJ_004117,Pull air toward your face,50,3
SEQ_048197,SUBJ_008728,Forehead - pull hairline,64,2
SEQ_048200,SUBJ_040106,Text on phone,89,0
SEQ_048202,SUBJ_047636,Neck - pinch skin,56,0
SEQ_048203,SUBJ_063319,Feel around in tray and pull out an object,82,4
SEQ_048221,SUBJ_032585,Eyebrow - pull hair,61,3
SEQ_048229,SUBJ_020948,Text on phone,93,0
SEQ_048233,SUBJ_011323,Feel around in tray and pull out an object,63,2
SEQ_048246,SUBJ_047636,Forehead - pull hairline,55,0
SEQ_048281,SUBJ_002923,Pull air toward your face,93,3
SEQ_048291,SUBJ_035353,Forehead - scratch,54,3
SEQ_048298,SUBJ_049223,Text on phone,80,0
SEQ_048303,SUBJ_042794,Cheek - pinch skin,65,0
SEQ_048304,SUBJ_032704,Eyelash - pull hair,97,1
SEQ_048306,SUBJ_055211,Forehead - scratch,80,2
SEQ_048311,SUBJ_040282,Eyebrow - pull hair,58,1
SEQ_048343,SUBJ_063319,Neck - pinch skin,87,4
SEQ_048355,SUBJ_042254,Eyebrow - pull hair,48,1
SEQ_048357,SUBJ_001430,Forehead - pull hairline,47,0
SEQ_048360,SUBJ_061552,Eyelash - pull hair,56,0
SEQ_048376,SUBJ_034631,Text on phone,59,3
SEQ_048397,SUBJ_032233,Drink from bottle/cup,83,4
SEQ_048405,SUBJ_038709,Forehead - pull hairline,63,4
SEQ_048429,SUBJ_041243,Text on phone,63,0
SEQ_048433,SUBJ_059520,Forehead - pull hairline,59,1
SEQ_048446,SUBJ_045235,Feel around in tray and pull out an object,65,1
SEQ_048449,SUBJ_052342,Forehead - scratch,106,3
SEQ_048458,SUBJ_023739,Feel around in tray and pull out an object,254,2
SEQ_048468,SUBJ_019297,Write name in air,44,3
SEQ_048478,SUBJ_003328,Neck - scratch,212,3
SEQ_048487,SUBJ_040106,Eyelash - pull hair,58,0
SEQ_048497,SUBJ_023739,Forehead - scratch,68,2
SEQ_048501,SUBJ_034574,Pull air toward your face,47,3
SEQ_048504,SUBJ_027671,Cheek - pinch skin,69,1
SEQ_048505,SUBJ_063319,Wave hello,51,4
SEQ_048511,SUBJ_011323,Neck - scratch,86,2
SEQ_048513,SUBJ_057917,Text on phone,60,2
SEQ_048515,SUBJ_059520,Scratch knee/leg skin,102,1
SEQ_048517,SUBJ_042779,Eyelash - pull hair,44,1
SEQ_048527,SUBJ_053173,Forehead - pull hairline,82,1
SEQ_048531,SUBJ_024086,Above ear - pull hair,46,2
SEQ_048553,SUBJ_036405,Neck - pinch skin,51,4
SEQ_048555,SUBJ_034574,Neck - scratch,52,3
SEQ_048564,SUBJ_053217,Write name on leg,53,4
SEQ_048566,SUBJ_063346,Eyelash - pull hair,64,2
SEQ_048570,SUBJ_000206,Above ear - pull hair,76,2
SEQ_048583,SUBJ_001430,Write name in air,54,0
SEQ_048587,SUBJ_040106,Forehead - scratch,48,0
SEQ_048597,SUBJ_058786,Eyelash - pull hair,42,2
SEQ_048599,SUBJ_063346,Neck - pinch skin,62,2
SEQ_048602,SUBJ_024825,Wave hello,59,4
SEQ_048623,SUBJ_032233,Pull air toward your face,57,4
SEQ_048639,SUBJ_017499,Eyelash - pull hair,50,4
SEQ_048641,SUBJ_063319,Neck - scratch,89,4
SEQ_048657,SUBJ_045235,Pull air toward your face,55,1
SEQ_048671,SUBJ_063319,Wave hello,55,4
SEQ_048678,SUBJ_034631,Above ear - pull hair,71,3
SEQ_048682,SUBJ_052342,Text on phone,79,3
SEQ_048703,SUBJ_034574,Eyelash - pull hair,71,3
SEQ_048711,SUBJ_004117,Neck - pinch skin,54,3
SEQ_048727,SUBJ_039234,Wave hello,51,4
SEQ_048742,SUBJ_008304,Eyebrow - pull hair,131,0
SEQ_048743,SUBJ_017499,Wave hello,54,4
SEQ_048759,SUBJ_045235,Neck - pinch skin,47,1
SEQ_048792,SUBJ_042779,Write name in air,86,1
SEQ_048793,SUBJ_013623,Forehead - pull hairline,61,4
SEQ_048796,SUBJ_040106,Eyelash - pull hair,90,0
SEQ_048806,SUBJ_049223,Above ear - pull hair,91,0
SEQ_048825,SUBJ_064387,Forehead - pull hairline,65,4
SEQ_048828,SUBJ_019297,Eyebrow - pull hair,59,3
SEQ_048831,SUBJ_001430,Eyebrow - pull hair,74,0
SEQ_048832,SUBJ_024086,Eyebrow - pull hair,64,2
SEQ_048834,SUBJ_040282,Above ear - pull hair,52,1
SEQ_048847,SUBJ_059960,Neck - scratch,106,1
SEQ_048861,SUBJ_011323,Cheek - pinch skin,46,2
SEQ_048880,SUBJ_030676,Pull air toward your face,55,4
SEQ_048881,SUBJ_016552,Scratch knee/leg skin,57,0
SEQ_048885,SUBJ_063464,Pinch knee/leg skin,72,2
SEQ_048887,SUBJ_017499,Wave hello,47,4
SEQ_048889,SUBJ_008304,Pull air toward your face,88,0
SEQ_048914,SUBJ_063464,Neck - scratch,262,2
SEQ_048919,SUBJ_042779,Wave hello,53,1
SEQ_048931,SUBJ_017807,Text on phone,64,1
SEQ_048933,SUBJ_034574,Forehead - pull hairline,44,3
SEQ_048942,SUBJ_040282,Scratch knee/leg skin,126,1
SEQ_048953,SUBJ_063346,Eyebrow - pull hair,146,2
SEQ_048962,SUBJ_034631,Feel around in tray and pull out an object,210,3
SEQ_048969,SUBJ_038709,Feel around in tray and pull out an object,130,4
SEQ_048991,SUBJ_040282,Wave hello,57,1
SEQ_049015,SUBJ_008304,Eyebrow - pull hair,62,0
SEQ_049016,SUBJ_053173,Write name in air,58,1
SEQ_049029,SUBJ_055211,Cheek - pinch skin,74,2
SEQ_049030,SUBJ_063447,Eyebrow - pull hair,45,0
SEQ_049034,SUBJ_032704,Wave hello,49,1
SEQ_049038,SUBJ_063464,Write name in air,47,2
SEQ_049042,SUBJ_008728,Neck - scratch,45,2
SEQ_049045,SUBJ_040310,Eyebrow - pull hair,43,1
SEQ_049049,SUBJ_024086,Forehead - scratch,56,2
SEQ_049073,SUBJ_040310,Text on phone,54,1
SEQ_049088,SUBJ_043192,Cheek - pinch skin,91,3
SEQ_049091,SUBJ_044680,Wave hello,69,3
SEQ_049092,SUBJ_008304,Eyelash - pull hair,53,0
SEQ_049093,SUBJ_055211,Eyebrow - pull hair,86,2
SEQ_049104,SUBJ_032704,Neck - scratch,112,1
SEQ_049120,SUBJ_032585,Text on phone,63,3
SEQ_049141,SUBJ_002923,Text on phone,73,3
SEQ_049144,SUBJ_045235,Neck - pinch skin,63,1
SEQ_049146,SUBJ_063319,Above ear - pull hair,48,4
SEQ_049153,SUBJ_052342,Wave hello,130,3
SEQ_049158,SUBJ_028998,Neck - scratch,115,1
SEQ_049159,SUBJ_026460,Text on phone,152,3
SEQ_049160,SUBJ_058786,Above ear - pull hair,50,2
SEQ_049162,SUBJ_023739,Wave hello,83,2
SEQ_049165,SUBJ_032585,Wave hello,98,3
SEQ_049166,SUBJ_044680,Neck - pinch skin,41,3
SEQ_049170,SUBJ_050642,Forehead - scratch,50,3
SEQ_049178,SUBJ_008728,Wave hello,70,2
SEQ_049191,SUBJ_051942,Pull air toward your face,53,2
SEQ_049199,SUBJ_019756,Write name in air,48,4
SEQ_049211,SUBJ_019297,Neck - scratch,53,3
SEQ_049212,SUBJ_039498,Text on phone,65,0
SEQ_049213,SUBJ_047636,Wave hello,107,0
SEQ_049222,SUBJ_024086,Cheek - pinch skin,50,2
SEQ_049225,SUBJ_032704,Eyelash - pull hair,96,1
SEQ_049243,SUBJ_008728,Write name on leg,46,2
SEQ_049245,SUBJ_008728,Write name in air,64,2
SEQ_049249,SUBJ_019262,Pull air toward your face,52,0
SEQ_049251,SUBJ_032585,Drink from bottle/cup,64,3
SEQ_049268,SUBJ_035353,Neck - scratch,84,3
SEQ_049285,SUBJ_063464,Eyelash - pull hair,59,2
SEQ_049301,SUBJ_019262,Neck - pinch skin,65,0
SEQ_049318,SUBJ_008304,Eyelash - pull hair,68,0
SEQ_049326,SUBJ_058967,Neck - pinch skin,58,4
SEQ_049365,SUBJ_040106,Eyebrow - pull hair,74,0
SEQ_049367,SUBJ_036450,Cheek - pinch skin,65,2
SEQ_049368,SUBJ_017499,Forehead - scratch,48,4
SEQ_049382,SUBJ_055211,Scratch knee/leg skin,51,2
SEQ_049392,SUBJ_042254,Pinch knee/leg skin,53,1
SEQ_049400,SUBJ_058786,Scratch knee/leg skin,49,2
SEQ_049410,SUBJ_035353,Scratch knee/leg skin,64,3
SEQ_049412,SUBJ_026460,Eyebrow - pull hair,45,3
SEQ_049417,SUBJ_017499,Write name in air,74,4
SEQ_049425,SUBJ_043192,Cheek - pinch skin,68,3
SEQ_049434,SUBJ_064387,Forehead - pull hairline,74,4
SEQ_049447,SUBJ_000206,Eyelash - pull hair,47,2
SEQ_049457,SUBJ_024086,Neck - pinch skin,47,2
SEQ_049458,SUBJ_023739,Eyebrow - pull hair,129,2
SEQ_049471,SUBJ_063447,Above ear - pull hair,53,0
SEQ_049473,SUBJ_013623,Write name in air,54,4
SEQ_049474,SUBJ_024137,Scratch knee/leg skin,48,3
SEQ_049483,SUBJ_034631,Eyebrow - pull hair,51,3
SEQ_049493,SUBJ_059960,Pull air toward your face,66,1
SEQ_049530,SUBJ_032165,Neck - scratch,158,1
SEQ_049543,SUBJ_038277,Eyelash - pull hair,51,0
SEQ_049570,SUBJ_058786,Text on phone,97,2
SEQ_049593,SUBJ_030676,Neck - pinch skin,79,4
SEQ_049601,SUBJ_040724,Neck - scratch,49,2
SEQ_049602,SUBJ_058786,Eyebrow - pull hair,54,2
SEQ_049604,SUBJ_000206,Eyelash - pull hair,62,2
SEQ_049611,SUBJ_012088,Neck - scratch,49,0
SEQ_049630,SUBJ_039234,Glasses on/off,63,4
SEQ_049631,SUBJ_019663,Eyelash - pull hair,107,1
SEQ_049642,SUBJ_051942,Cheek - pinch skin,55,2
SEQ_049663,SUBJ_011323,Wave hello,52,2
SEQ_049673,SUBJ_053906,Text on phone,96,1
SEQ_049677,SUBJ_049223,Text on phone,59,0
SEQ_049702,SUBJ_059520,Text on phone,192,1
SEQ_049703,SUBJ_054811,Forehead - scratch,78,3
SEQ_049704,SUBJ_032761,Write name in air,49,2
SEQ_049706,SUBJ_051942,Forehead - scratch,63,2
SEQ_049733,SUBJ_053217,Forehead - pull hairline,88,4
SEQ_049738,SUBJ_017170,Forehead - scratch,62,2
SEQ_049740,SUBJ_008304,Wave hello,83,0
SEQ_049762,SUBJ_024086,Text on phone,71,2
SEQ_049780,SUBJ_040106,Eyelash - pull hair,47,0
SEQ_049781,SUBJ_044680,Forehead - pull hairline,57,3
SEQ_049789,SUBJ_057917,Eyelash - pull hair,61,2
SEQ_049791,SUBJ_038709,Scratch knee/leg skin,61,4
SEQ_049794,SUBJ_017807,Pull air toward your face,47,1
SEQ_049795,SUBJ_051942,Cheek - pinch skin,52,2
SEQ_049796,SUBJ_019756,Wave hello,50,4
SEQ_049799,SUBJ_026460,Wave hello,79,3
SEQ_049801,SUBJ_039234,Forehead - pull hairline,103,4
SEQ_049806,SUBJ_013623,Eyebrow - pull hair,54,4
SEQ_049807,SUBJ_063319,Text on phone,58,4
SEQ_049812,SUBJ_040733,Drink from bottle/cup,119,0
SEQ_049815,SUBJ_026824,Neck - scratch,46,4
SEQ_049816,SUBJ_064387,Cheek - pinch skin,46,4
SEQ_049829,SUBJ_050642,Pull air toward your face,43,3
SEQ_049831,SUBJ_051942,Write name on leg,59,2
SEQ_049837,SUBJ_016552,Eyebrow - pull hair,43,0
SEQ_049840,SUBJ_038023,Neck - scratch,102,3
SEQ_049843,SUBJ_063346,Neck - pinch skin,52,2
SEQ_049847,SUBJ_032165,Above ear - pull hair,56,1
SEQ_049855,SUBJ_061552,Above ear - pull hair,102,0
SEQ_049859,SUBJ_032165,Pull air toward your face,55,1
SEQ_049861,SUBJ_017170,Forehead - pull hairline,58,2
SEQ_049862,SUBJ_016552,Forehead - scratch,58,0
SEQ_049867,SUBJ_039234,Neck - pinch skin,83,4
SEQ_049868,SUBJ_038023,Forehead - pull hairline,61,3
SEQ_049877,SUBJ_027682,Write name in air,51,4
SEQ_049888,SUBJ_034631,Neck - scratch,93,3
SEQ_049891,SUBJ_045235,Forehead - pull hairline,65,1
SEQ_049892,SUBJ_024825,Neck - pinch skin,50,4
SEQ_049898,SUBJ_001430,Cheek - pinch skin,51,0
SEQ_049905,SUBJ_023739,Neck - scratch,237,2
SEQ_049908,SUBJ_034574,Drink from bottle/cup,143,3
SEQ_049924,SUBJ_030676,Forehead - pull hairline,53,4
SEQ_049947,SUBJ_024137,Above ear - pull hair,53,3
SEQ_049948,SUBJ_059520,Neck - pinch skin,140,1
SEQ_049951,SUBJ_019663,Above ear - pull hair,49,1
SEQ_049954,SUBJ_056936,Text on phone,97,4
SEQ_049959,SUBJ_054811,Write name in air,57,3
SEQ_049967,SUBJ_032761,Forehead - pull hairline,50,2
SEQ_049976,SUBJ_017807,Forehead - pull hairline,91,1
SEQ_049978,SUBJ_040733,Eyebrow - pull hair,249,0
SEQ_049981,SUBJ_003328,Drink from bottle/cup,82,3
SEQ_049982,SUBJ_032165,Pinch knee/leg skin,90,1
SEQ_049989,SUBJ_061552,Wave hello,57,0
SEQ_049995,SUBJ_039498,Glasses on/off,59,0
SEQ_049999,SUBJ_035353,Eyebrow - pull hair,47,3
SEQ_050002,SUBJ_013623,Cheek - pinch skin,59,4
SEQ_050003,SUBJ_032761,Write name in air,49,2
SEQ_050007,SUBJ_042794,Above ear - pull hair,47,0
SEQ_050016,SUBJ_058967,Forehead - pull hairline,96,4
SEQ_050020,SUBJ_011323,Write name in air,148,2
SEQ_050029,SUBJ_002923,Above ear - pull hair,86,3
SEQ_050043,SUBJ_019262,Neck - pinch skin,73,0
SEQ_050051,SUBJ_028998,Feel around in tray and pull out an object,72,1
SEQ_050052,SUBJ_003328,Text on phone,97,3
SEQ_050063,SUBJ_049223,Eyebrow - pull hair,105,0
SEQ_050070,SUBJ_024137,Feel around in tray and pull out an object,80,3
SEQ_050093,SUBJ_051942,Neck - scratch,77,2
SEQ_050105,SUBJ_027682,Eyelash - pull hair,49,4
SEQ_050108,SUBJ_028998,Forehead - scratch,51,1
SEQ_050112,SUBJ_003328,Forehead - scratch,52,3
SEQ_050120,SUBJ_038709,Pull air toward your face,75,4
SEQ_050122,SUBJ_017170,Above ear - pull hair,47,2
SEQ_050135,SUBJ_045235,Above ear - pull hair,49,1
SEQ_050146,SUBJ_026460,Neck - scratch,48,3
SEQ_050161,SUBJ_042794,Neck - pinch skin,52,0
SEQ_050171,SUBJ_055211,Neck - scratch,89,2
SEQ_050199,SUBJ_008728,Drink from bottle/cup,105,2
SEQ_050207,SUBJ_059330,Cheek - pinch skin,56,4
SEQ_050221,SUBJ_044680,Text on phone,220,3
SEQ_050229,SUBJ_053173,Text on phone,66,1
SEQ_050231,SUBJ_002923,Eyelash - pull hair,48,3
SEQ_050233,SUBJ_032165,Text on phone,210,1
SEQ_050248,SUBJ_034631,Pull air toward your face,76,3
SEQ_050256,SUBJ_019663,Forehead - pull hairline,44,1
SEQ_050260,SUBJ_034631,Text on phone,66,3
SEQ_050264,SUBJ_000206,Pull air toward your face,65,2
SEQ_050270,SUBJ_058967,Neck - pinch skin,66,4
SEQ_050276,SUBJ_063447,Eyebrow - pull hair,63,0
SEQ_050278,SUBJ_004117,Write name in air,95,3
SEQ_050288,SUBJ_056936,Eyebrow - pull hair,68,4
SEQ_050300,SUBJ_027671,Forehead - pull hairline,49,1
SEQ_050303,SUBJ_038023,Neck - pinch skin,49,3
SEQ_050309,SUBJ_000206,Text on phone,53,2
SEQ_050319,SUBJ_012088,Neck - pinch skin,69,0
SEQ_050321,SUBJ_008728,Forehead - pull hairline,48,2
SEQ_050328,SUBJ_023739,Eyebrow - pull hair,52,2
SEQ_050336,SUBJ_044680,Above ear - pull hair,61,3
SEQ_050338,SUBJ_063319,Neck - pinch skin,65,4
SEQ_050361,SUBJ_026824,Cheek - pinch skin,47,4
SEQ_050368,SUBJ_028998,Forehead - scratch,52,1
SEQ_050372,SUBJ_045235,Eyelash - pull hair,62,1
SEQ_050376,SUBJ_019756,Above ear - pull hair,44,4
SEQ_050380,SUBJ_039234,Cheek - pinch skin,45,4
SEQ_050389,SUBJ_002923,Neck - pinch skin,46,3
SEQ_050398,SUBJ_042254,Eyelash - pull hair,50,1
SEQ_050401,SUBJ_027671,Above ear - pull hair,54,1
SEQ_050404,SUBJ_026460,Forehead - scratch,73,3
SEQ_050408,SUBJ_035353,Write name in air,99,3
SEQ_050411,SUBJ_008728,Neck - scratch,60,2
SEQ_050414,SUBJ_030676,Wave hello,56,4
SEQ_050415,SUBJ_063464,Above ear - pull hair,60,2
SEQ_050419,SUBJ_019663,Pull air toward your face,47,1
SEQ_050424,SUBJ_012088,Write name in air,59,0
SEQ_050425,SUBJ_055211,Eyebrow - pull hair,92,2
SEQ_050428,SUBJ_063464,Forehead - pull hairline,52,2
SEQ_050429,SUBJ_042254,Pull air toward your face,66,1
SEQ_050448,SUBJ_036405,Eyebrow - pull hair,62,4
SEQ_050451,SUBJ_050642,Eyelash - pull hair,46,3
SEQ_050454,SUBJ_042794,Forehead - scratch,75,0
SEQ_050466,SUBJ_059520,Wave hello,57,1
SEQ_050475,SUBJ_042779,Above ear - pull hair,63,1
SEQ_050481,SUBJ_021670,Neck - pinch skin,53,2
SEQ_050484,SUBJ_044680,Text on phone,72,3
SEQ_050499,SUBJ_036405,Feel around in tray and pull out an object,96,4
SEQ_050513,SUBJ_012088,Wave hello,99,0
SEQ_050533,SUBJ_064387,Write name on leg,75,4
SEQ_050541,SUBJ_059520,Cheek - pinch skin,55,1
SEQ_050562,SUBJ_040282,Forehead - scratch,78,1
SEQ_050568,SUBJ_026824,Forehead - scratch,58,4
SEQ_050576,SUBJ_049223,Eyelash - pull hair,52,0
SEQ_050579,SUBJ_042779,Text on phone,57,1
SEQ_050590,SUBJ_019756,Cheek - pinch skin,60,4
SEQ_050591,SUBJ_058967,Above ear - pull hair,145,4
SEQ_050594,SUBJ_040724,Pinch knee/leg skin,53,2
SEQ_050602,SUBJ_043192,Neck - pinch skin,62,3
SEQ_050603,SUBJ_001430,Neck - scratch,53,0
SEQ_050607,SUBJ_016552,Neck - scratch,57,0
SEQ_050623,SUBJ_008304,Neck - pinch skin,56,0
SEQ_050632,SUBJ_063346,Eyebrow - pull hair,58,2
SEQ_050635,SUBJ_039498,Write name in air,57,0
SEQ_050637,SUBJ_053906,Eyelash - pull hair,88,1
SEQ_050653,SUBJ_057917,Forehead - pull hairline,44,2
SEQ_050664,SUBJ_063346,Pull air toward your face,49,2
SEQ_050665,SUBJ_024086,Pinch knee/leg skin,58,2
SEQ_050680,SUBJ_016552,Glasses on/off,88,0
SEQ_050681,SUBJ_034574,Text on phone,83,3
SEQ_050683,SUBJ_003328,Wave hello,50,3
SEQ_050689,SUBJ_039234,Eyebrow - pull hair,58,4
SEQ_050692,SUBJ_040282,Feel around in tray and pull out an object,67,1
SEQ_050696,SUBJ_021670,Cheek - pinch skin,48,2
SEQ_050707,SUBJ_030676,Cheek - pinch skin,102,4
SEQ_050718,SUBJ_049223,Wave hello,49,0
SEQ_050730,SUBJ_032165,Pull air toward your face,60,1
SEQ_050736,SUBJ_032761,Pull air toward your face,54,2
SEQ_050738,SUBJ_011323,Cheek - pinch skin,65,2
SEQ_050748,SUBJ_042779,Write name in air,69,1
SEQ_050752,SUBJ_051942,Eyebrow - pull hair,64,2
SEQ_050754,SUBJ_040106,Cheek - pinch skin,73,0
SEQ_050763,SUBJ_026824,Pinch knee/leg skin,63,4
SEQ_050768,SUBJ_059520,Forehead - pull hairline,89,1
SEQ_050778,SUBJ_019663,Neck - scratch,47,1
SEQ_050779,SUBJ_059960,Scratch knee/leg skin,68,1
SEQ_050782,SUBJ_035353,Above ear - pull hair,65,3
SEQ_050784,SUBJ_064387,Eyebrow - pull hair,50,4
SEQ_050790,SUBJ_019663,Above ear - pull hair,53,1
SEQ_050794,SUBJ_036450,Forehead - pull hairline,49,2
SEQ_050796,SUBJ_059330,Neck - pinch skin,58,4
SEQ_050806,SUBJ_063346,Neck - pinch skin,47,2
SEQ_050818,SUBJ_019262,Above ear - pull hair,62,0
SEQ_050843,SUBJ_058967,Eyelash - pull hair,58,4
SEQ_050853,SUBJ_040106,Eyebrow - pull hair,50,0
SEQ_050860,SUBJ_041243,Eyelash - pull hair,73,0
SEQ_050866,SUBJ_058967,Wave hello,122,4
SEQ_050875,SUBJ_026824,Neck - scratch,98,4
SEQ_050877,SUBJ_063346,Above ear - pull hair,48,2
SEQ_050882,SUBJ_041243,Cheek - pinch skin,67,0
SEQ_050884,SUBJ_038709,Above ear - pull hair,60,4
SEQ_050896,SUBJ_053906,Pull air toward your face,85,1
SEQ_050907,SUBJ_032165,Write name in air,53,1
SEQ_050920,SUBJ_017499,Forehead - scratch,84,4
SEQ_050933,SUBJ_017499,Above ear - pull hair,50,4
SEQ_050940,SUBJ_038709,Write name in air,62,4
SEQ_050942,SUBJ_012088,Cheek - pinch skin,89,0
SEQ_050943,SUBJ_008728,Forehead - scratch,69,2
SEQ_050960,SUBJ_019297,Above ear - pull hair,48,3
SEQ_050967,SUBJ_063346,Neck - scratch,126,2
SEQ_050975,SUBJ_063447,Wave hello,52,0
SEQ_050979,SUBJ_050642,Pull air toward your face,45,3
SEQ_050980,SUBJ_047636,Cheek - pinch skin,55,0
SEQ_050984,SUBJ_001430,Text on phone,99,0
SEQ_050994,SUBJ_032585,Wave hello,55,3
SEQ_050996,SUBJ_002923,Eyebrow - pull hair,80,3
SEQ_051011,SUBJ_026824,Eyebrow - pull hair,75,4
SEQ_051019,SUBJ_001430,Text on phone,60,0
SEQ_051025,SUBJ_019262,Eyebrow - pull hair,48,0
SEQ_051034,SUBJ_040106,Cheek - pinch skin,66,0
SEQ_051049,SUBJ_038277,Pull air toward your face,54,0
SEQ_051058,SUBJ_063464,Write name on leg,66,2
SEQ_051068,SUBJ_035353,Neck - scratch,46,3
SEQ_051070,SUBJ_040282,Neck - pinch skin,58,1
SEQ_051076,SUBJ_001430,Forehead - scratch,56,0
SEQ_051104,SUBJ_012088,Eyelash - pull hair,52,0
SEQ_051106,SUBJ_035353,Text on phone,55,3
SEQ_051110,SUBJ_027671,Eyebrow - pull hair,48,1
SEQ_051117,SUBJ_036405,Eyebrow - pull hair,130,4
SEQ_051122,SUBJ_043192,Forehead - pull hairline,47,3
SEQ_051124,SUBJ_055211,Neck - scratch,76,2
SEQ_051136,SUBJ_032233,Cheek - pinch skin,57,4
SEQ_051154,SUBJ_059330,Pinch knee/leg skin,97,4
SEQ_051166,SUBJ_039498,Eyebrow - pull hair,55,0
SEQ_051176,SUBJ_019663,Write name in air,47,1
SEQ_051189,SUBJ_063447,Above ear - pull hair,81,0
SEQ_051197,SUBJ_042794,Text on phone,79,0
SEQ_051201,SUBJ_051942,Neck - scratch,84,2
SEQ_051206,SUBJ_035353,Wave hello,48,3
SEQ_051207,SUBJ_040733,Glasses on/off,202,0
SEQ_051216,SUBJ_001430,Eyebrow - pull hair,94,0
SEQ_051244,SUBJ_035353,Forehead - scratch,47,3
SEQ_051261,SUBJ_019756,Glasses on/off,52,4
SEQ_051268,SUBJ_050642,Above ear - pull hair,48,3
SEQ_051274,SUBJ_043192,Eyelash - pull hair,88,3
SEQ_051290,SUBJ_054811,Above ear - pull hair,55,3
SEQ_051300,SUBJ_058967,Scratch knee/leg skin,77,4
SEQ_051316,SUBJ_024086,Above ear - pull hair,64,2
SEQ_051318,SUBJ_056936,Forehead - scratch,52,4
SEQ_051323,SUBJ_058786,Pull air toward your face,79,2
SEQ_051325,SUBJ_042254,Forehead - scratch,54,1
SEQ_051336,SUBJ_032165,Pull air toward your face,54,1
SEQ_051360,SUBJ_026460,Write name on leg,56,3
SEQ_051377,SUBJ_024825,Neck - scratch,47,4
SEQ_051386,SUBJ_012088,Forehead - scratch,49,0
SEQ_051389,SUBJ_045235,Neck - scratch,47,1
SEQ_051391,SUBJ_013623,Text on phone,72,4
SEQ_051401,SUBJ_045235,Eyebrow - pull hair,45,1
SEQ_051411,SUBJ_041770,Eyebrow - pull hair,87,1
SEQ_051414,SUBJ_045235,Wave hello,51,1
SEQ_051425,SUBJ_040106,Write name on leg,44,0
SEQ_051435,SUBJ_040724,Above ear - pull hair,89,2
SEQ_051443,SUBJ_008304,Eyebrow - pull hair,48,0
SEQ_051475,SUBJ_057917,Drink from bottle/cup,53,2
SEQ_051485,SUBJ_053906,Eyebrow - pull hair,77,1
SEQ_051490,SUBJ_020948,Text on phone,61,0
SEQ_051495,SUBJ_040733,Eyebrow - pull hair,62,0
SEQ_051507,SUBJ_063464,Drink from bottle/cup,103,2
SEQ_051509,SUBJ_034631,Neck - scratch,52,3
SEQ_051512,SUBJ_063319,Pull air toward your face,47,4
SEQ_051518,SUBJ_044680,Feel around in tray and pull out an object,97,3
SEQ_051532,SUBJ_017807,Text on phone,159,1
SEQ_051533,SUBJ_008728,Above ear - pull hair,53,2
SEQ_051539,SUBJ_043192,Neck - pinch skin,46,3
SEQ_051553,SUBJ_056936,Cheek - pinch skin,46,4
SEQ_051562,SUBJ_002923,Above ear - pull hair,50,3
SEQ_051576,SUBJ_024825,Forehead - scratch,51,4
SEQ_051579,SUBJ_028998,Eyelash - pull hair,66,1
SEQ_051600,SUBJ_038709,Text on phone,62,4
SEQ_051633,SUBJ_053217,Wave hello,59,4
SEQ_051634,SUBJ_023739,Neck - scratch,55,2
SEQ_051643,SUBJ_027671,Above ear - pull hair,63,1
SEQ_051667,SUBJ_056936,Neck - scratch,92,4
SEQ_051694,SUBJ_054811,Forehead - pull hairline,52,3
SEQ_051705,SUBJ_035353,Pull air toward your face,63,3
SEQ_051714,SUBJ_016552,Pinch knee/leg skin,51,0
SEQ_051717,SUBJ_063346,Drink from bottle/cup,76,2
SEQ_051735,SUBJ_039234,Wave hello,53,4
SEQ_051747,SUBJ_032165,Text on phone,72,1
SEQ_051750,SUBJ_024137,Neck - scratch,43,3
SEQ_051753,SUBJ_063346,Text on phone,120,2
SEQ_051787,SUBJ_008728,Eyebrow - pull hair,59,2
SEQ_051800,SUBJ_059960,Above ear - pull hair,55,1
SEQ_051803,SUBJ_032165,Glasses on/off,64,1
SEQ_051810,SUBJ_040733,Forehead - scratch,56,0
SEQ_051833,SUBJ_039498,Eyelash - pull hair,119,0
SEQ_051844,SUBJ_042254,Forehead - scratch,57,1
SEQ_051876,SUBJ_039498,Above ear - pull hair,65,0
SEQ_051878,SUBJ_054811,Eyebrow - pull hair,86,3
SEQ_051896,SUBJ_032585,Cheek - pinch skin,53,3
SEQ_051897,SUBJ_034574,Neck - scratch,44,3
SEQ_051900,SUBJ_051942,Eyelash - pull hair,67,2
SEQ_051901,SUBJ_044680,Forehead - scratch,65,3
SEQ_051912,SUBJ_000206,Forehead - scratch,55,2
SEQ_051917,SUBJ_019262,Neck - pinch skin,55,0
SEQ_051919,SUBJ_019756,Above ear - pull hair,81,4
SEQ_051925,SUBJ_036450,Above ear - pull hair,94,2
SEQ_051929,SUBJ_057917,Above ear - pull hair,53,2
SEQ_051939,SUBJ_040282,Pull air toward your face,89,1
SEQ_051943,SUBJ_059520,Eyebrow - pull hair,119,1
SEQ_051945,SUBJ_030676,Cheek - pinch skin,58,4
SEQ_051952,SUBJ_032233,Cheek - pinch skin,47,4
SEQ_051961,SUBJ_032585,Pull air toward your face,54,3
SEQ_051963,SUBJ_040282,Scratch knee/leg skin,49,1
SEQ_051964,SUBJ_026824,Neck - pinch skin,45,4
SEQ_051978,SUBJ_056936,Write name in air,67,4
SEQ_051982,SUBJ_024086,Neck - pinch skin,48,2
SEQ_051987,SUBJ_027682,Neck - pinch skin,50,4
SEQ_052016,SUBJ_054811,Above ear - pull hair,67,3
SEQ_052020,SUBJ_063319,Eyelash - pull hair,43,4
SEQ_052021,SUBJ_053217,Forehead - pull hairline,59,4
SEQ_052042,SUBJ_051942,Neck - scratch,60,2
SEQ_052050,SUBJ_054811,Drink from bottle/cup,67,3
SEQ_052060,SUBJ_032704,Neck - scratch,263,1
SEQ_052065,SUBJ_017807,Write name on leg,46,1
SEQ_052080,SUBJ_035353,Cheek - pinch skin,46,3
SEQ_052095,SUBJ_051942,Pinch knee/leg skin,62,2
SEQ_052107,SUBJ_064387,Text on phone,54,4
SEQ_052122,SUBJ_027682,Eyebrow - pull hair,52,4
SEQ_052123,SUBJ_051942,Wave hello,89,2
SEQ_052139,SUBJ_027671,Eyelash - pull hair,52,1
SEQ_052148,SUBJ_040106,Forehead - pull hairline,51,0
SEQ_052151,SUBJ_017170,Pinch knee/leg skin,76,2
SEQ_052152,SUBJ_030676,Neck - scratch,72,4
SEQ_052153,SUBJ_057917,Cheek - pinch skin,49,2
SEQ_052156,SUBJ_020948,Neck - scratch,83,0
SEQ_052166,SUBJ_026824,Cheek - pinch skin,44,4
SEQ_052170,SUBJ_056936,Write name in air,58,4
SEQ_052179,SUBJ_004117,Forehead - pull hairline,59,3
SEQ_052192,SUBJ_039498,Eyelash - pull hair,57,0
SEQ_052193,SUBJ_042779,Forehead - scratch,55,1
SEQ_052199,SUBJ_058786,Glasses on/off,62,2
SEQ_052207,SUBJ_019663,Write name on leg,59,1
SEQ_052214,SUBJ_040724,Drink from bottle/cup,65,2
SEQ_052228,SUBJ_019262,Forehead - scratch,51,0
SEQ_052236,SUBJ_019262,Eyelash - pull hair,54,0
SEQ_052239,SUBJ_061552,Text on phone,82,0
SEQ_052261,SUBJ_042254,Forehead - pull hairline,50,1
SEQ_052263,SUBJ_032704,Forehead - pull hairline,101,1
SEQ_052264,SUBJ_017499,Neck - pinch skin,53,4
SEQ_052265,SUBJ_044680,Eyelash - pull hair,55,3
SEQ_052267,SUBJ_013623,Cheek - pinch skin,51,4
SEQ_052268,SUBJ_042254,Cheek - pinch skin,57,1
SEQ_052303,SUBJ_034574,Forehead - scratch,65,3
SEQ_052309,SUBJ_034631,Pull air toward your face,54,3
SEQ_052318,SUBJ_030676,Write name in air,86,4
SEQ_052346,SUBJ_026824,Neck - pinch skin,82,4
SEQ_052350,SUBJ_004117,Write name in air,56,3
SEQ_052357,SUBJ_003328,Text on phone,61,3
SEQ_052366,SUBJ_038709,Above ear - pull hair,75,4
SEQ_052378,SUBJ_038709,Drink from bottle/cup,85,4
SEQ_052393,SUBJ_040724,Neck - pinch skin,61,2
SEQ_052396,SUBJ_032165,Write name on leg,63,1
SEQ_052397,SUBJ_059520,Pull air toward your face,59,1
SEQ_052402,SUBJ_027682,Above ear - pull hair,48,4
SEQ_052404,SUBJ_040733,Above ear - pull hair,98,0
SEQ_052410,SUBJ_042794,Write name on leg,53,0
SEQ_052413,SUBJ_032233,Scratch knee/leg skin,52,4
SEQ_052424,SUBJ_059520,Eyebrow - pull hair,57,1
SEQ_052443,SUBJ_020948,Neck - scratch,76,0
SEQ_052445,SUBJ_023739,Forehead - pull hairline,61,2
SEQ_052450,SUBJ_050642,Forehead - scratch,48,3
SEQ_052463,SUBJ_032585,Pull air toward your face,54,3
SEQ_052471,SUBJ_053217,Eyebrow - pull hair,62,4
SEQ_052493,SUBJ_040310,Cheek - pinch skin,45,1
SEQ_052500,SUBJ_001430,Glasses on/off,61,0
SEQ_052506,SUBJ_053173,Cheek - pinch skin,52,1
SEQ_052527,SUBJ_038709,Neck - scratch,52,4
SEQ_052549,SUBJ_032233,Wave hello,52,4
SEQ_052552,SUBJ_042779,Pull air toward your face,46,1
SEQ_052560,SUBJ_040724,Forehead - pull hairline,57,2
SEQ_052569,SUBJ_008304,Scratch knee/leg skin,58,0
SEQ_052578,SUBJ_000206,Cheek - pinch skin,50,2
SEQ_052590,SUBJ_045235,Cheek - pinch skin,55,1
SEQ_052603,SUBJ_011323,Above ear - pull hair,57,2
SEQ_052612,SUBJ_042794,Glasses on/off,55,0
SEQ_052614,SUBJ_027682,Forehead - scratch,53,4
SEQ_052637,SUBJ_017499,Eyebrow - pull hair,96,4
SEQ_052644,SUBJ_032585,Wave hello,126,3
SEQ_052673,SUBJ_064387,Above ear - pull hair,93,4
SEQ_052678,SUBJ_052342,Cheek - pinch skin,152,3
SEQ_052680,SUBJ_011323,Cheek - pinch skin,59,2
SEQ_052682,SUBJ_024825,Eyelash - pull hair,66,4
SEQ_052689,SUBJ_017170,Forehead - scratch,50,2
SEQ_052695,SUBJ_027682,Neck - scratch,198,4
SEQ_052699,SUBJ_057917,Wave hello,64,2
SEQ_052700,SUBJ_040282,Pull air toward your face,60,1
SEQ_052703,SUBJ_028998,Write name on leg,62,1
SEQ_052719,SUBJ_032704,Write name in air,52,1
SEQ_052721,SUBJ_021670,Above ear - pull hair,43,2
SEQ_052722,SUBJ_011323,Forehead - scratch,95,2
SEQ_052723,SUBJ_064387,Text on phone,63,4
SEQ_052725,SUBJ_017170,Neck - scratch,45,2
SEQ_052729,SUBJ_036450,Neck - pinch skin,67,2
SEQ_052742,SUBJ_003328,Write name in air,56,3
SEQ_052753,SUBJ_057917,Cheek - pinch skin,49,2
SEQ_052759,SUBJ_001430,Pinch knee/leg skin,58,0
SEQ_052763,SUBJ_016552,Above ear - pull hair,138,0
SEQ_052769,SUBJ_004117,Write name in air,53,3
SEQ_052774,SUBJ_041243,Eyelash - pull hair,97,0
SEQ_052781,SUBJ_030676,Cheek - pinch skin,38,4
SEQ_052787,SUBJ_026824,Pull air toward your face,61,4
SEQ_052798,SUBJ_054811,Forehead - scratch,50,3
SEQ_052807,SUBJ_042254,Eyebrow - pull hair,52,1
SEQ_052809,SUBJ_023739,Cheek - pinch skin,76,2
SEQ_052829,SUBJ_050642,Pinch knee/leg skin,63,3
SEQ_052845,SUBJ_063464,Cheek - pinch skin,52,2
SEQ_052847,SUBJ_027671,Text on phone,68,1
SEQ_052865,SUBJ_059330,Wave hello,52,4
SEQ_052873,SUBJ_038277,Eyelash - pull hair,107,0
SEQ_052875,SUBJ_063346,Cheek - pinch skin,49,2
SEQ_052879,SUBJ_059520,Cheek - pinch skin,91,1
SEQ_052886,SUBJ_058786,Cheek - pinch skin,54,2
SEQ_052889,SUBJ_040724,Feel around in tray and pull out an object,128,2
SEQ_052892,SUBJ_038709,Neck - pinch skin,87,4
SEQ_052900,SUBJ_023739,Forehead - pull hairline,154,2
SEQ_052919,SUBJ_013623,Scratch knee/leg skin,52,4
SEQ_052925,SUBJ_053906,Forehead - pull hairline,71,1
SEQ_052929,SUBJ_024825,Forehead - scratch,54,4
SEQ_052932,SUBJ_040724,Forehead - scratch,54,2
SEQ_052934,SUBJ_058967,Cheek - pinch skin,62,4
SEQ_052939,SUBJ_016552,Forehead - pull hairline,50,0
SEQ_052940,SUBJ_019262,Neck - scratch,50,0
SEQ_052943,SUBJ_017170,Eyelash - pull hair,44,2
SEQ_052944,SUBJ_034574,Cheek - pinch skin,81,3
SEQ_052946,SUBJ_042794,Above ear - pull hair,52,0
SEQ_052948,SUBJ_063346,Wave hello,103,2
SEQ_052949,SUBJ_034574,Eyebrow - pull hair,49,3
SEQ_052954,SUBJ_047636,Write name in air,86,0
SEQ_052964,SUBJ_040106,Write name on leg,56,0
SEQ_052966,SUBJ_051942,Text on phone,60,2
SEQ_052967,SUBJ_043192,Glasses on/off,105,3
SEQ_052974,SUBJ_059960,Neck - pinch skin,55,1
SEQ_052976,SUBJ_017499,Text on phone,61,4
SEQ_052982,SUBJ_035353,Feel around in tray and pull out an object,69,3
SEQ_052989,SUBJ_041770,Above ear - pull hair,45,1
SEQ_052991,SUBJ_038023,Forehead - scratch,54,3
SEQ_053001,SUBJ_042794,Wave hello,47,0
SEQ_053002,SUBJ_019663,Text on phone,68,1
SEQ_053017,SUBJ_055211,Eyelash - pull hair,46,2
SEQ_053021,SUBJ_026824,Wave hello,65,4
SEQ_053023,SUBJ_003328,Forehead - scratch,58,3
SEQ_053032,SUBJ_044680,Forehead - pull hairline,109,3
SEQ_053042,SUBJ_039234,Feel around in tray and pull out an object,72,4
SEQ_053059,SUBJ_030676,Text on phone,158,4
SEQ_053065,SUBJ_036450,Above ear - pull hair,50,2
SEQ_053086,SUBJ_040724,Eyelash - pull hair,53,2
SEQ_053099,SUBJ_052342,Eyelash - pull hair,90,3
SEQ_053106,SUBJ_052342,Neck - pinch skin,86,3
SEQ_053114,SUBJ_055211,Text on phone,65,2
SEQ_053120,SUBJ_021670,Above ear - pull hair,72,2
SEQ_053124,SUBJ_027671,Text on phone,80,1
SEQ_053127,SUBJ_016552,Cheek - pinch skin,51,0
SEQ_053139,SUBJ_032761,Eyebrow - pull hair,48,2
SEQ_053141,SUBJ_032704,Wave hello,123,1
SEQ_053143,SUBJ_059960,Text on phone,85,1
SEQ_053166,SUBJ_034574,Glasses on/off,55,3
SEQ_053181,SUBJ_036450,Pull air toward your face,57,2
SEQ_053190,SUBJ_032233,Eyelash - pull hair,47,4
SEQ_053191,SUBJ_063319,Forehead - pull hairline,58,4
SEQ_053194,SUBJ_019297,Feel around in tray and pull out an object,94,3
SEQ_053206,SUBJ_040106,Text on phone,105,0
SEQ_053219,SUBJ_004117,Forehead - scratch,48,3
SEQ_053232,SUBJ_017170,Eyebrow - pull hair,60,2
SEQ_053241,SUBJ_000206,Forehead - pull hairline,48,2
SEQ_053246,SUBJ_002923,Wave hello,54,3
SEQ_053248,SUBJ_055211,Neck - pinch skin,52,2
SEQ_053252,SUBJ_017499,Wave hello,114,4
SEQ_053258,SUBJ_039498,Above ear - pull hair,74,0
SEQ_053260,SUBJ_058786,Drink from bottle/cup,55,2
SEQ_053262,SUBJ_038709,Forehead - scratch,52,4
SEQ_053278,SUBJ_050642,Forehead - scratch,57,3
SEQ_053319,SUBJ_003328,Neck - pinch skin,62,3
SEQ_053320,SUBJ_024086,Text on phone,59,2
SEQ_053324,SUBJ_040282,Text on phone,73,1
SEQ_053328,SUBJ_002923,Above ear - pull hair,55,3
SEQ_053334,SUBJ_032233,Forehead - scratch,53,4
SEQ_053335,SUBJ_063346,Eyelash - pull hair,39,2
SEQ_053354,SUBJ_008728,Forehead - pull hairline,45,2
SEQ_053356,SUBJ_058786,Glasses on/off,100,2
SEQ_053369,SUBJ_052342,Above ear - pull hair,86,3
SEQ_053380,SUBJ_013623,Forehead - scratch,51,4
SEQ_053385,SUBJ_002923,Cheek - pinch skin,58,3
SEQ_053398,SUBJ_017807,Above ear - pull hair,99,1
SEQ_053405,SUBJ_032585,Text on phone,39,3
SEQ_053410,SUBJ_051942,Cheek - pinch skin,75,2
SEQ_053411,SUBJ_013623,Cheek - pinch skin,52,4
SEQ_053431,SUBJ_030676,Neck - pinch skin,95,4
SEQ_053434,SUBJ_019663,Write name in air,59,1
SEQ_053447,SUBJ_024825,Write name in air,55,4
SEQ_053448,SUBJ_063447,Forehead - scratch,54,0
SEQ_053459,SUBJ_016552,Above ear - pull hair,45,0
SEQ_053463,SUBJ_034574,Neck - pinch skin,89,3
SEQ_053476,SUBJ_063447,Pinch knee/leg skin,50,0
SEQ_053485,SUBJ_041770,Eyelash - pull hair,70,1
SEQ_053493,SUBJ_035353,Wave hello,61,3
SEQ_053500,SUBJ_038277,Eyebrow - pull hair,52,0
SEQ_053501,SUBJ_017807,Scratch knee/leg skin,194,1
SEQ_053506,SUBJ_038709,Forehead - pull hairline,68,4
SEQ_053511,SUBJ_038709,Eyelash - pull hair,82,4
SEQ_053514,SUBJ_059960,Write name in air,55,1
SEQ_053515,SUBJ_045235,Eyelash - pull hair,52,1
SEQ_053516,SUBJ_053173,Wave hello,56,1
SEQ_053524,SUBJ_019297,Text on phone,75,3
SEQ_053532,SUBJ_039498,Pull air toward your face,62,0
SEQ_053554,SUBJ_042794,Eyelash - pull hair,60,0
SEQ_053562,SUBJ_004117,Text on phone,72,3
SEQ_053569,SUBJ_040733,Forehead - pull hairline,141,0
SEQ_053589,SUBJ_034631,Scratch knee/leg skin,50,3
SEQ_053595,SUBJ_034574,Forehead - scratch,43,3
SEQ_053599,SUBJ_058786,Forehead - scratch,58,2
SEQ_053605,SUBJ_045235,Forehead - pull hairline,61,1
SEQ_053606,SUBJ_032233,Wave hello,63,4
SEQ_053614,SUBJ_058967,Pinch knee/leg skin,60,4
SEQ_053616,SUBJ_036450,Wave hello,52,2
SEQ_053628,SUBJ_017170,Cheek - pinch skin,49,2
SEQ_053642,SUBJ_054811,Eyelash - pull hair,51,3
SEQ_053650,SUBJ_024825,Above ear - pull hair,64,4
SEQ_053656,SUBJ_000206,Forehead - pull hairline,66,2
SEQ_053657,SUBJ_064387,Pull air toward your face,49,4
SEQ_053658,SUBJ_021670,Eyelash - pull hair,52,2
SEQ_053674,SUBJ_041770,Forehead - scratch,63,1
SEQ_053677,SUBJ_013623,Write name on leg,50,4
SEQ_053696,SUBJ_017170,Above ear - pull hair,47,2
SEQ_053698,SUBJ_034631,Above ear - pull hair,94,3
SEQ_053700,SUBJ_063346,Neck - scratch,47,2
SEQ_053705,SUBJ_038709,Forehead - scratch,107,4
SEQ_053710,SUBJ_056936,Forehead - pull hairline,50,4
SEQ_053723,SUBJ_059520,Write name in air,113,1
SEQ_053735,SUBJ_026460,Forehead - scratch,58,3
SEQ_053746,SUBJ_041243,Neck - scratch,58,0
SEQ_053753,SUBJ_053906,Neck - pinch skin,51,1
SEQ_053756,SUBJ_008728,Eyelash - pull hair,50,2
SEQ_053764,SUBJ_008728,Text on phone,120,2
SEQ_053765,SUBJ_034631,Write name on leg,54,3
SEQ_053792,SUBJ_038023,Eyebrow - pull hair,50,3
SEQ_053798,SUBJ_039498,Eyelash - pull hair,87,0
SEQ_053801,SUBJ_053217,Scratch knee/leg skin,85,4
SEQ_053807,SUBJ_047636,Pull air toward your face,51,0
SEQ_053809,SUBJ_043192,Drink from bottle/cup,90,3
SEQ_053810,SUBJ_019297,Eyelash - pull hair,47,3
SEQ_053824,SUBJ_034574,Forehead - pull hairline,53,3
SEQ_053840,SUBJ_055211,Above ear - pull hair,51,2
SEQ_053850,SUBJ_034574,Eyelash - pull hair,55,3
SEQ_053865,SUBJ_056936,Pull air toward your face,49,4
SEQ_053872,SUBJ_051942,Above ear - pull hair,51,2
SEQ_053873,SUBJ_039498,Eyebrow - pull hair,84,0
SEQ_053884,SUBJ_011323,Neck - pinch skin,63,2
SEQ_053888,SUBJ_019663,Cheek - pinch skin,49,1
SEQ_053897,SUBJ_032233,Forehead - scratch,61,4
SEQ_053899,SUBJ_038023,Drink from bottle/cup,149,3
SEQ_053918,SUBJ_012088,Eyebrow - pull hair,50,0
SEQ_053924,SUBJ_038023,Text on phone,93,3
SEQ_053925,SUBJ_056936,Wave hello,48,4
SEQ_053928,SUBJ_032165,Eyelash - pull hair,57,1
SEQ_053938,SUBJ_057917,Neck - scratch,197,2
SEQ_053941,SUBJ_058967,Cheek - pinch skin,88,4
SEQ_053945,SUBJ_057917,Eyebrow - pull hair,61,2
SEQ_053948,SUBJ_036450,Above ear - pull hair,57,2
SEQ_053961,SUBJ_063464,Eyebrow - pull hair,49,2
SEQ_053977,SUBJ_019297,Forehead - scratch,66,3
SEQ_053988,SUBJ_041243,Forehead - scratch,57,0
SEQ_054009,SUBJ_040282,Text on phone,303,1
SEQ_054010,SUBJ_019262,Pull air toward your face,50,0
SEQ_054019,SUBJ_057917,Forehead - pull hairline,61,2
SEQ_054021,SUBJ_024086,Wave hello,101,2
SEQ_054045,SUBJ_052342,Write name on leg,123,3
SEQ_054055,SUBJ_026460,Wave hello,56,3
SEQ_054060,SUBJ_019297,Pinch knee/leg skin,61,3
SEQ_054067,SUBJ_061552,Eyelash - pull hair,110,0
SEQ_054071,SUBJ_035353,Forehead - scratch,48,3
SEQ_054072,SUBJ_036405,Forehead - scratch,96,4
SEQ_054084,SUBJ_035353,Eyelash - pull hair,46,3
SEQ_054092,SUBJ_019663,Text on phone,75,1
SEQ_054098,SUBJ_039498,Neck - scratch,58,0
SEQ_054103,SUBJ_017170,Eyelash - pull hair,57,2
SEQ_054115,SUBJ_042779,Eyelash - pull hair,70,1
SEQ_054117,SUBJ_050642,Cheek - pinch skin,44,3
SEQ_054135,SUBJ_035353,Text on phone,71,3
SEQ_054143,SUBJ_039498,Text on phone,70,0
SEQ_054146,SUBJ_026460,Above ear - pull hair,51,3
SEQ_054147,SUBJ_040106,Eyebrow - pull hair,50,0
SEQ_054155,SUBJ_017170,Pull air toward your face,42,2
SEQ_054168,SUBJ_000206,Write name in air,48,2
SEQ_054171,SUBJ_042779,Forehead - scratch,43,1
SEQ_054182,SUBJ_059330,Cheek - pinch skin,78,4
SEQ_054183,SUBJ_017170,Write name on leg,78,2
SEQ_054186,SUBJ_019297,Neck - pinch skin,115,3
SEQ_054188,SUBJ_050642,Forehead - pull hairline,71,3
SEQ_054194,SUBJ_042779,Above ear - pull hair,70,1
SEQ_054197,SUBJ_063346,Write name in air,54,2
SEQ_054202,SUBJ_024086,Eyelash - pull hair,44,2
SEQ_054203,SUBJ_053906,Eyebrow - pull hair,52,1
SEQ_054211,SUBJ_013623,Neck - scratch,51,4
SEQ_054216,SUBJ_032233,Neck - scratch,71,4
SEQ_054218,SUBJ_036450,Wave hello,87,2
SEQ_054224,SUBJ_040282,Forehead - scratch,47,1
SEQ_054231,SUBJ_032585,Forehead - scratch,97,3
SEQ_054233,SUBJ_040733,Neck - pinch skin,61,0
SEQ_054242,SUBJ_000206,Neck - pinch skin,58,2
SEQ_054257,SUBJ_057917,Eyebrow - pull hair,48,2
SEQ_054258,SUBJ_032165,Text on phone,66,1
SEQ_054261,SUBJ_011323,Eyelash - pull hair,96,2
SEQ_054263,SUBJ_063464,Text on phone,63,2
SEQ_054269,SUBJ_032233,Cheek - pinch skin,54,4
SEQ_054295,SUBJ_043192,Wave hello,91,3
SEQ_054299,SUBJ_061552,Wave hello,59,0
SEQ_054301,SUBJ_032165,Scratch knee/leg skin,75,1
SEQ_054312,SUBJ_038023,Text on phone,63,3
SEQ_054328,SUBJ_040733,Text on phone,390,0
SEQ_054338,SUBJ_008728,Forehead - pull hairline,83,2
SEQ_054341,SUBJ_040733,Neck - pinch skin,66,0
SEQ_054355,SUBJ_004117,Neck - pinch skin,90,3
SEQ_054356,SUBJ_044680,Eyebrow - pull hair,63,3
SEQ_054362,SUBJ_049223,Drink from bottle/cup,60,0
SEQ_054371,SUBJ_032585,Forehead - scratch,56,3
SEQ_054387,SUBJ_008304,Drink from bottle/cup,115,0
SEQ_054389,SUBJ_057917,Neck - scratch,171,2
SEQ_054404,SUBJ_020948,Neck - pinch skin,49,0
SEQ_054410,SUBJ_021670,Forehead - scratch,56,2
SEQ_054419,SUBJ_016552,Eyelash - pull hair,53,0
SEQ_054432,SUBJ_040282,Forehead - pull hairline,54,1
SEQ_054440,SUBJ_036405,Text on phone,101,4
SEQ_054464,SUBJ_036450,Above ear - pull hair,55,2
SEQ_054471,SUBJ_035353,Forehead - pull hairline,85,3
SEQ_054474,SUBJ_024086,Glasses on/off,50,2
SEQ_054479,SUBJ_019756,Neck - scratch,54,4
SEQ_054491,SUBJ_038023,Cheek - pinch skin,115,3
SEQ_054503,SUBJ_017499,Eyelash - pull hair,54,4
SEQ_054509,SUBJ_034574,Scratch knee/leg skin,50,3
SEQ_054510,SUBJ_039498,Feel around in tray and pull out an object,183,0
SEQ_054557,SUBJ_032233,Write name in air,74,4
SEQ_054559,SUBJ_032233,Write name in air,49,4
SEQ_054571,SUBJ_047636,Write name on leg,86,0
SEQ_054573,SUBJ_028998,Eyebrow - pull hair,282,1
SEQ_054574,SUBJ_042779,Forehead - scratch,44,1
SEQ_054582,SUBJ_036450,Neck - pinch skin,58,2
SEQ_054583,SUBJ_061552,Wave hello,65,0
SEQ_054592,SUBJ_032585,Eyebrow - pull hair,85,3
SEQ_054619,SUBJ_042794,Forehead - scratch,49,0
SEQ_054625,SUBJ_024086,Pull air toward your face,51,2
SEQ_054645,SUBJ_054811,Cheek - pinch skin,51,3
SEQ_054657,SUBJ_047636,Forehead - scratch,100,0
SEQ_054671,SUBJ_042779,Neck - pinch skin,48,1
SEQ_054674,SUBJ_021670,Neck - pinch skin,57,2
SEQ_054683,SUBJ_019663,Pinch knee/leg skin,43,1
SEQ_054687,SUBJ_002923,Wave hello,78,3
SEQ_054692,SUBJ_036405,Wave hello,90,4
SEQ_054718,SUBJ_024825,Eyebrow - pull hair,64,4
SEQ_054731,SUBJ_050642,Neck - scratch,78,3
SEQ_054747,SUBJ_017807,Neck - scratch,183,1
SEQ_054749,SUBJ_008304,Cheek - pinch skin,57,0
SEQ_054756,SUBJ_038709,Wave hello,50,4
SEQ_054758,SUBJ_024137,Text on phone,156,3
SEQ_054776,SUBJ_057917,Pull air toward your face,49,2
SEQ_054778,SUBJ_059330,Cheek - pinch skin,76,4
SEQ_054783,SUBJ_064387,Eyebrow - pull hair,50,4
SEQ_054794,SUBJ_034574,Eyelash - pull hair,48,3
SEQ_054796,SUBJ_041770,Feel around in tray and pull out an object,68,1
SEQ_054801,SUBJ_019756,Pull air toward your face,51,4
SEQ_054804,SUBJ_052342,Eyebrow - pull hair,160,3
SEQ_054845,SUBJ_040310,Pinch knee/leg skin,44,1
SEQ_054848,SUBJ_020948,Above ear - pull hair,63,0
SEQ_054850,SUBJ_024825,Forehead - scratch,47,4
SEQ_054853,SUBJ_059330,Text on phone,53,4
SEQ_054856,SUBJ_056936,Pull air toward your face,72,4
SEQ_054857,SUBJ_017170,Eyebrow - pull hair,46,2
SEQ_054859,SUBJ_038023,Above ear - pull hair,53,3
SEQ_054861,SUBJ_032585,Neck - pinch skin,98,3
SEQ_054862,SUBJ_019262,Write name on leg,63,0
SEQ_054866,SUBJ_019756,Wave hello,51,4
SEQ_054878,SUBJ_032704,Scratch knee/leg skin,55,1
SEQ_054884,SUBJ_040724,Neck - pinch skin,50,2
SEQ_054900,SUBJ_042254,Cheek - pinch skin,62,1
SEQ_054917,SUBJ_049223,Pull air toward your face,49,0
SEQ_054924,SUBJ_032585,Text on phone,91,3
SEQ_054930,SUBJ_002923,Forehead - scratch,64,3
SEQ_054936,SUBJ_063464,Text on phone,66,2
SEQ_054937,SUBJ_038709,Glasses on/off,72,4
SEQ_054939,SUBJ_024086,Write name in air,44,2
SEQ_054942,SUBJ_020948,Neck - scratch,68,0
SEQ_054951,SUBJ_049223,Cheek - pinch skin,81,0
SEQ_054971,SUBJ_040282,Write name on leg,52,1
SEQ_054973,SUBJ_054811,Neck - scratch,66,3
SEQ_054980,SUBJ_042254,Write name in air,49,1
SEQ_054982,SUBJ_034574,Wave hello,57,3
SEQ_054992,SUBJ_045235,Neck - scratch,75,1
SEQ_054997,SUBJ_032704,Cheek - pinch skin,50,1
SEQ_055016,SUBJ_040724,Neck - pinch skin,43,2
SEQ_055021,SUBJ_040733,Cheek - pinch skin,53,0
SEQ_055039,SUBJ_036450,Eyebrow - pull hair,53,2
SEQ_055045,SUBJ_002923,Eyebrow - pull hair,63,3
SEQ_055065,SUBJ_040106,Neck - scratch,56,0
SEQ_055070,SUBJ_002923,Forehead - pull hairline,62,3
SEQ_055071,SUBJ_039234,Write name in air,62,4
SEQ_055077,SUBJ_028998,Forehead - pull hairline,124,1
SEQ_055078,SUBJ_064387,Forehead - pull hairline,72,4
SEQ_055088,SUBJ_002923,Forehead - pull hairline,90,3
SEQ_055094,SUBJ_000206,Text on phone,60,2
SEQ_055111,SUBJ_055211,Text on phone,68,2
SEQ_055120,SUBJ_021670,Pull air toward your face,54,2
SEQ_055140,SUBJ_057917,Neck - pinch skin,47,2
SEQ_055148,SUBJ_017499,Neck - pinch skin,54,4
SEQ_055150,SUBJ_032585,Eyebrow - pull hair,78,3
SEQ_055155,SUBJ_053173,Cheek - pinch skin,57,1
SEQ_055161,SUBJ_028998,Neck - scratch,201,1
SEQ_055163,SUBJ_059330,Cheek - pinch skin,52,4
SEQ_055164,SUBJ_017807,Write name in air,48,1
SEQ_055181,SUBJ_040310,Write name in air,46,1
SEQ_055182,SUBJ_019262,Neck - pinch skin,67,0
SEQ_055187,SUBJ_019663,Glasses on/off,94,1
SEQ_055204,SUBJ_053173,Above ear - pull hair,54,1
SEQ_055210,SUBJ_000206,Neck - scratch,52,2
SEQ_055223,SUBJ_034574,Neck - pinch skin,57,3
SEQ_055228,SUBJ_019262,Write name in air,46,0
SEQ_055233,SUBJ_058967,Eyelash - pull hair,61,4
SEQ_055240,SUBJ_063464,Write name in air,45,2
SEQ_055247,SUBJ_028998,Text on phone,188,1
SEQ_055248,SUBJ_045235,Neck - scratch,69,1
SEQ_055251,SUBJ_040282,Drink from bottle/cup,69,1
SEQ_055254,SUBJ_032704,Pull air toward your face,55,1
SEQ_055261,SUBJ_041243,Scratch knee/leg skin,55,0
SEQ_055268,SUBJ_045235,Forehead - pull hairline,59,1
SEQ_055271,SUBJ_043192,Forehead - pull hairline,58,3
SEQ_055279,SUBJ_058967,Neck - scratch,82,4
SEQ_055287,SUBJ_027682,Feel around in tray and pull out an object,84,4
SEQ_055289,SUBJ_050642,Text on phone,54,3
SEQ_055297,SUBJ_011323,Forehead - pull hairline,74,2
SEQ_055303,SUBJ_019663,Above ear - pull hair,47,1
SEQ_055306,SUBJ_023739,Cheek - pinch skin,54,2
SEQ_055308,SUBJ_034574,Forehead - scratch,95,3
SEQ_055309,SUBJ_034574,Forehead - scratch,48,3
SEQ_055310,SUBJ_061552,Feel around in tray and pull out an object,66,0
SEQ_055321,SUBJ_024086,Eyelash - pull hair,49,2
SEQ_055323,SUBJ_063464,Glasses on/off,88,2
SEQ_055339,SUBJ_042254,Wave hello,64,1
SEQ_055341,SUBJ_059330,Forehead - scratch,89,4
SEQ_055346,SUBJ_011323,Cheek - pinch skin,49,2
SEQ_055351,SUBJ_044680,Write name in air,56,3
SEQ_055371,SUBJ_041770,Eyelash - pull hair,58,1
SEQ_055376,SUBJ_024086,Forehead - pull hairline,90,2
SEQ_055377,SUBJ_038709,Eyebrow - pull hair,90,4
SEQ_055388,SUBJ_053906,Neck - scratch,46,1
SEQ_055391,SUBJ_059960,Write name on leg,64,1
SEQ_055396,SUBJ_026824,Forehead - scratch,86,4
SEQ_055405,SUBJ_040733,Write name on leg,86,0
SEQ_055413,SUBJ_013623,Write name on leg,57,4
SEQ_055419,SUBJ_012088,Text on phone,129,0
SEQ_055429,SUBJ_036450,Above ear - pull hair,51,2
SEQ_055430,SUBJ_038709,Wave hello,69,4
SEQ_055442,SUBJ_021670,Cheek - pinch skin,63,2
SEQ_055453,SUBJ_035353,Neck - scratch,48,3
SEQ_055456,SUBJ_019262,Pull air toward your face,56,0
SEQ_055465,SUBJ_042779,Forehead - scratch,55,1
SEQ_055471,SUBJ_013623,Above ear - pull hair,104,4
SEQ_055474,SUBJ_063319,Pinch knee/leg skin,50,4
SEQ_055481,SUBJ_059520,Above ear - pull hair,69,1
SEQ_055505,SUBJ_039498,Write name in air,52,0
SEQ_055508,SUBJ_040106,Drink from bottle/cup,89,0
SEQ_055512,SUBJ_030676,Eyelash - pull hair,58,4
SEQ_055517,SUBJ_040310,Forehead - scratch,63,1
SEQ_055526,SUBJ_039234,Neck - scratch,61,4
SEQ_055528,SUBJ_058786,Eyebrow - pull hair,81,2
SEQ_055530,SUBJ_024825,Forehead - pull hairline,47,4
SEQ_055538,SUBJ_024137,Text on phone,78,3
SEQ_055541,SUBJ_053906,Above ear - pull hair,49,1
SEQ_055542,SUBJ_053217,Text on phone,85,4
SEQ_055543,SUBJ_017170,Forehead - pull hairline,49,2
SEQ_055566,SUBJ_054811,Forehead - pull hairline,67,3
SEQ_055570,SUBJ_026824,Above ear - pull hair,44,4
SEQ_055581,SUBJ_027682,Eyebrow - pull hair,57,4
SEQ_055588,SUBJ_042779,Eyebrow - pull hair,48,1
SEQ_055593,SUBJ_023739,Pull air toward your face,78,2
SEQ_055608,SUBJ_059330,Forehead - scratch,85,4
SEQ_055611,SUBJ_045235,Pull air toward your face,46,1
SEQ_055613,SUBJ_056936,Eyelash - pull hair,50,4
SEQ_055615,SUBJ_059960,Forehead - pull hairline,72,1
SEQ_055621,SUBJ_002923,Feel around in tray and pull out an object,133,3
SEQ_055657,SUBJ_019663,Drink from bottle/cup,112,1
SEQ_055663,SUBJ_032704,Pull air toward your face,98,1
SEQ_055669,SUBJ_043192,Eyelash - pull hair,64,3
SEQ_055673,SUBJ_042794,Text on phone,61,0
SEQ_055689,SUBJ_063464,Forehead - pull hairline,61,2
SEQ_055691,SUBJ_063319,Text on phone,55,4
SEQ_055696,SUBJ_023739,Eyelash - pull hair,54,2
SEQ_055700,SUBJ_042794,Eyelash - pull hair,51,0
SEQ_055703,SUBJ_035353,Text on phone,115,3
SEQ_055706,SUBJ_002923,Eyelash - pull hair,81,3
SEQ_055724,SUBJ_032233,Neck - pinch skin,47,4
SEQ_055745,SUBJ_063464,Neck - pinch skin,95,2
SEQ_055754,SUBJ_050642,Neck - pinch skin,46,3
SEQ_055755,SUBJ_038023,Feel around in tray and pull out an object,83,3
SEQ_055756,SUBJ_034631,Drink from bottle/cup,122,3
SEQ_055771,SUBJ_024086,Wave hello,79,2
SEQ_055776,SUBJ_026460,Eyebrow - pull hair,148,3
SEQ_055778,SUBJ_041243,Eyebrow - pull hair,95,0
SEQ_055785,SUBJ_017170,Neck - scratch,110,2
SEQ_055795,SUBJ_059520,Text on phone,120,1
SEQ_055803,SUBJ_019756,Scratch knee/leg skin,79,4
SEQ_055804,SUBJ_054811,Scratch knee/leg skin,62,3
SEQ_055809,SUBJ_004117,Pull air toward your face,59,3
SEQ_055814,SUBJ_038709,Pinch knee/leg skin,69,4
SEQ_055828,SUBJ_030676,Cheek - pinch skin,60,4
SEQ_055839,SUBJ_064387,Eyebrow - pull hair,47,4
SEQ_055841,SUBJ_040310,Eyelash - pull hair,53,1
SEQ_055845,SUBJ_008304,Pinch knee/leg skin,53,0
SEQ_055846,SUBJ_061552,Forehead - pull hairline,51,0
SEQ_055859,SUBJ_020948,Cheek - pinch skin,50,0
SEQ_055862,SUBJ_004117,Text on phone,72,3
SEQ_055869,SUBJ_008304,Text on phone,195,0
SEQ_055887,SUBJ_063319,Cheek - pinch skin,62,4
SEQ_055892,SUBJ_052342,Wave hello,68,3
SEQ_055900,SUBJ_058786,Scratch knee/leg skin,129,2
SEQ_055909,SUBJ_055211,Neck - pinch skin,84,2
SEQ_055920,SUBJ_028998,Text on phone,238,1
SEQ_055925,SUBJ_038277,Neck - pinch skin,51,0
SEQ_055930,SUBJ_030676,Cheek - pinch skin,69,4
SEQ_055950,SUBJ_041770,Forehead - scratch,47,1
SEQ_055964,SUBJ_058967,Pull air toward your face,96,4
SEQ_055977,SUBJ_053173,Pull air toward your face,93,1
SEQ_055987,SUBJ_034574,Write name on leg,81,3
SEQ_055993,SUBJ_059520,Pull air toward your face,118,1
SEQ_055996,SUBJ_003328,Text on phone,70,3
SEQ_056013,SUBJ_003328,Wave hello,74,3
SEQ_056036,SUBJ_000206,Neck - pinch skin,51,2
SEQ_056037,SUBJ_023739,Above ear - pull hair,65,2
SEQ_056041,SUBJ_045235,Forehead - scratch,56,1
SEQ_056045,SUBJ_032761,Forehead - scratch,53,2
SEQ_056047,SUBJ_042779,Eyebrow - pull hair,55,1
SEQ_056054,SUBJ_017499,Pull air toward your face,77,4
SEQ_056070,SUBJ_054811,Eyebrow - pull hair,53,3
SEQ_056071,SUBJ_011323,Forehead - pull hairline,50,2
SEQ_056074,SUBJ_020948,Forehead - scratch,55,0
SEQ_056082,SUBJ_038277,Drink from bottle/cup,57,0
SEQ_056086,SUBJ_063319,Write name in air,66,4
SEQ_056087,SUBJ_038023,Pull air toward your face,85,3
SEQ_056096,SUBJ_036450,Eyelash - pull hair,68,2
SEQ_056102,SUBJ_044680,Pull air toward your face,65,3
SEQ_056108,SUBJ_035353,Forehead - pull hairline,49,3
SEQ_056110,SUBJ_017807,Text on phone,213,1
SEQ_056124,SUBJ_040310,Cheek - pinch skin,44,1
SEQ_056143,SUBJ_054811,Neck - scratch,50,3
SEQ_056150,SUBJ_019756,Eyebrow - pull hair,50,4
SEQ_056164,SUBJ_039498,Forehead - pull hairline,56,0
SEQ_056166,SUBJ_001430,Eyebrow - pull hair,54,0
SEQ_056178,SUBJ_036450,Drink from bottle/cup,58,2
SEQ_056179,SUBJ_024137,Forehead - pull hairline,65,3
SEQ_056188,SUBJ_061552,Eyebrow - pull hair,53,0
SEQ_056193,SUBJ_045235,Scratch knee/leg skin,53,1
SEQ_056205,SUBJ_024137,Eyebrow - pull hair,79,3
SEQ_056212,SUBJ_040282,Eyebrow - pull hair,47,1
SEQ_056222,SUBJ_038277,Forehead - scratch,88,0
SEQ_056225,SUBJ_053906,Wave hello,74,1
SEQ_056233,SUBJ_043192,Forehead - scratch,50,3
SEQ_056234,SUBJ_024137,Wave hello,52,3
SEQ_056235,SUBJ_032165,Write name on leg,53,1
SEQ_056246,SUBJ_012088,Glasses on/off,52,0
SEQ_056247,SUBJ_020948,Forehead - pull hairline,58,0
SEQ_056250,SUBJ_019756,Neck - scratch,52,4
SEQ_056255,SUBJ_041243,Forehead - pull hairline,58,0
SEQ_056266,SUBJ_019297,Forehead - scratch,46,3
SEQ_056278,SUBJ_053173,Eyelash - pull hair,55,1
SEQ_056286,SUBJ_002923,Neck - scratch,129,3
SEQ_056299,SUBJ_000206,Eyebrow - pull hair,49,2
SEQ_056304,SUBJ_032761,Scratch knee/leg skin,152,2
SEQ_056322,SUBJ_039498,Forehead - pull hairline,60,0
SEQ_056344,SUBJ_026460,Text on phone,88,3
SEQ_056359,SUBJ_019297,Glasses on/off,58,3
SEQ_056363,SUBJ_041770,Neck - pinch skin,64,1
SEQ_056369,SUBJ_040733,Text on phone,227,0
SEQ_056372,SUBJ_028998,Pull air toward your face,76,1
SEQ_056376,SUBJ_064387,Pull air toward your face,56,4
SEQ_056382,SUBJ_026460,Glasses on/off,164,3
SEQ_056389,SUBJ_064387,Feel around in tray and pull out an object,72,4
SEQ_056391,SUBJ_053906,Forehead - scratch,48,1
SEQ_056399,SUBJ_004117,Eyebrow - pull hair,67,3
SEQ_056408,SUBJ_049223,Eyelash - pull hair,53,0
SEQ_056418,SUBJ_011323,Eyebrow - pull hair,50,2
SEQ_056422,SUBJ_017807,Wave hello,50,1
SEQ_056427,SUBJ_023739,Neck - scratch,135,2
SEQ_056428,SUBJ_059330,Pull air toward your face,55,4
SEQ_056430,SUBJ_011323,Eyebrow - pull hair,50,2
SEQ_056452,SUBJ_054811,Write name on leg,47,3
SEQ_056454,SUBJ_058786,Neck - pinch skin,64,2
SEQ_056460,SUBJ_040310,Forehead - pull hairline,53,1
SEQ_056466,SUBJ_030676,Glasses on/off,148,4
SEQ_056469,SUBJ_041770,Glasses on/off,151,1
SEQ_056474,SUBJ_039498,Eyebrow - pull hair,71,0
SEQ_056484,SUBJ_036405,Write name on leg,70,4
SEQ_056493,SUBJ_058967,Cheek - pinch skin,84,4
SEQ_056508,SUBJ_001430,Above ear - pull hair,49,0
SEQ_056523,SUBJ_032585,Cheek - pinch skin,99,3
SEQ_056536,SUBJ_026460,Text on phone,64,3
SEQ_056543,SUBJ_026460,Forehead - pull hairline,43,3
SEQ_056548,SUBJ_034631,Forehead - scratch,74,3
SEQ_056575,SUBJ_019663,Text on phone,71,1
SEQ_056576,SUBJ_032761,Forehead - pull hairline,88,2
SEQ_056577,SUBJ_032704,Eyelash - pull hair,116,1
SEQ_056582,SUBJ_053217,Cheek - pinch skin,79,4
SEQ_056596,SUBJ_059960,Neck - scratch,52,1
SEQ_056604,SUBJ_001430,Text on phone,102,0
SEQ_056609,SUBJ_058967,Eyebrow - pull hair,111,4
SEQ_056615,SUBJ_042794,Neck - pinch skin,51,0
SEQ_056624,SUBJ_058786,Wave hello,56,2
SEQ_056640,SUBJ_024137,Neck - scratch,50,3
SEQ_056644,SUBJ_026824,Glasses on/off,48,4
SEQ_056646,SUBJ_017170,Scratch knee/leg skin,95,2
SEQ_056648,SUBJ_053173,Pull air toward your face,57,1
SEQ_056666,SUBJ_054811,Pull air toward your face,99,3
SEQ_056670,SUBJ_017807,Text on phone,62,1
SEQ_056683,SUBJ_061552,Cheek - pinch skin,159,0
SEQ_056689,SUBJ_049223,Write name in air,59,0
SEQ_056706,SUBJ_032165,Text on phone,59,1
SEQ_056707,SUBJ_038709,Eyebrow - pull hair,72,4
SEQ_056713,SUBJ_059330,Pull air toward your face,55,4
SEQ_056716,SUBJ_041770,Forehead - pull hairline,47,1
SEQ_056722,SUBJ_026824,Eyebrow - pull hair,80,4
SEQ_056725,SUBJ_043192,Neck - pinch skin,48,3
SEQ_056729,SUBJ_042794,Eyelash - pull hair,56,0
SEQ_056737,SUBJ_041770,Above ear - pull hair,70,1
SEQ_056747,SUBJ_040724,Forehead - scratch,52,2
SEQ_056775,SUBJ_001430,Forehead - pull hairline,61,0
SEQ_056779,SUBJ_017170,Above ear - pull hair,52,2
SEQ_056780,SUBJ_001430,Feel around in tray and pull out an object,112,0
SEQ_056789,SUBJ_044680,Eyelash - pull hair,52,3
SEQ_056803,SUBJ_003328,Eyebrow - pull hair,48,3
SEQ_056812,SUBJ_034631,Eyelash - pull hair,46,3
SEQ_056819,SUBJ_028998,Eyelash - pull hair,61,1
SEQ_056829,SUBJ_043192,Text on phone,62,3
SEQ_056837,SUBJ_040282,Eyebrow - pull hair,62,1
SEQ_056858,SUBJ_053173,Forehead - scratch,83,1
SEQ_056861,SUBJ_038023,Neck - pinch skin,65,3
SEQ_056864,SUBJ_063319,Eyebrow - pull hair,75,4
SEQ_056880,SUBJ_023739,Above ear - pull hair,57,2
SEQ_056885,SUBJ_040310,Wave hello,54,1
SEQ_056930,SUBJ_016552,Eyebrow - pull hair,43,0
SEQ_056938,SUBJ_052342,Above ear - pull hair,55,3
SEQ_056939,SUBJ_019297,Eyelash - pull hair,49,3
SEQ_056946,SUBJ_055211,Eyelash - pull hair,86,2
SEQ_056948,SUBJ_059960,Write name in air,74,1
SEQ_056949,SUBJ_057917,Forehead - pull hairline,48,2
SEQ_056983,SUBJ_012088,Eyelash - pull hair,48,0
SEQ_056990,SUBJ_003328,Cheek - pinch skin,68,3
SEQ_056996,SUBJ_036450,Eyelash - pull hair,97,2
SEQ_057001,SUBJ_034631,Forehead - scratch,52,3
SEQ_057004,SUBJ_043192,Above ear - pull hair,62,3
SEQ_057013,SUBJ_016552,Above ear - pull hair,50,0
SEQ_057020,SUBJ_041243,Wave hello,60,0
SEQ_057026,SUBJ_053217,Feel around in tray and pull out an object,90,4
SEQ_057033,SUBJ_064387,Feel around in tray and pull out an object,73,4
SEQ_057035,SUBJ_064387,Scratch knee/leg skin,142,4
SEQ_057036,SUBJ_017499,Write name on leg,80,4
SEQ_057055,SUBJ_003328,Eyelash - pull hair,55,3
SEQ_057082,SUBJ_040724,Text on phone,96,2
SEQ_057087,SUBJ_034574,Write name in air,107,3
SEQ_057099,SUBJ_051942,Eyelash - pull hair,49,2
SEQ_057102,SUBJ_039498,Eyelash - pull hair,54,0
SEQ_057103,SUBJ_049223,Glasses on/off,67,0
SEQ_057117,SUBJ_058967,Write name in air,101,4
SEQ_057118,SUBJ_063319,Cheek - pinch skin,51,4
SEQ_057124,SUBJ_017807,Glasses on/off,53,1
SEQ_057127,SUBJ_032585,Pull air toward your face,61,3
SEQ_057134,SUBJ_063346,Forehead - scratch,51,2
SEQ_057143,SUBJ_056936,Text on phone,95,4
SEQ_057144,SUBJ_026460,Forehead - pull hairline,65,3
SEQ_057147,SUBJ_040733,Pull air toward your face,135,0
SEQ_057149,SUBJ_008728,Pull air toward your face,59,2
SEQ_057170,SUBJ_020948,Pull air toward your face,83,0
SEQ_057183,SUBJ_059520,Neck - pinch skin,84,1
SEQ_057188,SUBJ_039498,Pull air toward your face,52,0
SEQ_057190,SUBJ_043192,Cheek - pinch skin,62,3
SEQ_057193,SUBJ_011323,Write name in air,57,2
SEQ_057194,SUBJ_039498,Forehead - pull hairline,61,0
SEQ_057198,SUBJ_050642,Forehead - pull hairline,48,3
SEQ_057206,SUBJ_056936,Above ear - pull hair,50,4
SEQ_057207,SUBJ_032585,Pinch knee/leg skin,55,3
SEQ_057218,SUBJ_040733,Eyebrow - pull hair,94,0
SEQ_057221,SUBJ_017170,Above ear - pull hair,49,2
SEQ_057225,SUBJ_038023,Cheek - pinch skin,77,3
SEQ_057232,SUBJ_019663,Neck - pinch skin,52,1
SEQ_057257,SUBJ_023739,Text on phone,70,2
SEQ_057266,SUBJ_039498,Eyebrow - pull hair,80,0
SEQ_057267,SUBJ_055211,Cheek - pinch skin,68,2
SEQ_057274,SUBJ_034631,Neck - scratch,89,3
SEQ_057281,SUBJ_039234,Eyebrow - pull hair,53,4
SEQ_057293,SUBJ_050642,Eyebrow - pull hair,44,3
SEQ_057296,SUBJ_017499,Wave hello,109,4
SEQ_057315,SUBJ_019663,Wave hello,50,1
SEQ_057326,SUBJ_032585,Feel around in tray and pull out an object,67,3
SEQ_057333,SUBJ_001430,Write name in air,66,0
SEQ_057348,SUBJ_032585,Write name on leg,55,3
SEQ_057350,SUBJ_001430,Pull air toward your face,62,0
SEQ_057361,SUBJ_017807,Text on phone,58,1
SEQ_057362,SUBJ_063464,Feel around in tray and pull out an object,83,2
SEQ_057364,SUBJ_016552,Cheek - pinch skin,57,0
SEQ_057368,SUBJ_045235,Neck - scratch,81,1
SEQ_057371,SUBJ_064387,Neck - scratch,42,4
SEQ_057372,SUBJ_059520,Cheek - pinch skin,94,1
SEQ_057381,SUBJ_024086,Forehead - scratch,60,2
SEQ_057383,SUBJ_034574,Pull air toward your face,81,3
SEQ_057415,SUBJ_059960,Above ear - pull hair,48,1
SEQ_057426,SUBJ_053906,Eyelash - pull hair,48,1
SEQ_057429,SUBJ_058967,Drink from bottle/cup,107,4
SEQ_057443,SUBJ_036450,Forehead - scratch,52,2
SEQ_057444,SUBJ_043192,Above ear - pull hair,62,3
SEQ_057448,SUBJ_026824,Wave hello,45,4
SEQ_057450,SUBJ_063346,Forehead - pull hairline,79,2
SEQ_057454,SUBJ_040282,Write name on leg,85,1
SEQ_057455,SUBJ_040724,Forehead - pull hairline,55,2
SEQ_057456,SUBJ_017807,Forehead - scratch,93,1
SEQ_057461,SUBJ_019756,Above ear - pull hair,55,4
SEQ_057468,SUBJ_051942,Drink from bottle/cup,55,2
SEQ_057471,SUBJ_063447,Eyebrow - pull hair,61,0
SEQ_057477,SUBJ_055211,Forehead - scratch,93,2
SEQ_057480,SUBJ_047636,Above ear - pull hair,85,0
SEQ_057487,SUBJ_057917,Forehead - pull hairline,49,2
SEQ_057497,SUBJ_034574,Neck - pinch skin,82,3
SEQ_057514,SUBJ_059960,Neck - scratch,79,1
SEQ_057515,SUBJ_063447,Forehead - pull hairline,57,0
SEQ_057520,SUBJ_021670,Text on phone,94,2
SEQ_057524,SUBJ_043192,Cheek - pinch skin,48,3
SEQ_057529,SUBJ_040106,Forehead - scratch,54,0
SEQ_057536,SUBJ_047636,Above ear - pull hair,51,0
SEQ_057547,SUBJ_035353,Pull air toward your face,46,3
SEQ_057548,SUBJ_036450,Forehead - scratch,87,2
SEQ_057579,SUBJ_032585,Forehead - scratch,100,3
SEQ_057589,SUBJ_035353,Cheek - pinch skin,64,3
SEQ_057603,SUBJ_032165,Eyebrow - pull hair,88,1
SEQ_057604,SUBJ_012088,Cheek - pinch skin,52,0
SEQ_057609,SUBJ_008728,Forehead - scratch,46,2
SEQ_057617,SUBJ_049223,Neck - scratch,97,0
SEQ_057620,SUBJ_063319,Glasses on/off,57,4
SEQ_057641,SUBJ_027671,Forehead - scratch,57,1
SEQ_057642,SUBJ_058786,Forehead - pull hairline,71,2
SEQ_057651,SUBJ_058786,Forehead - pull hairline,115,2
SEQ_057658,SUBJ_041243,Eyelash - pull hair,61,0
SEQ_057661,SUBJ_024137,Cheek - pinch skin,63,3
SEQ_057686,SUBJ_063464,Neck - pinch skin,51,2
SEQ_057693,SUBJ_040282,Write name in air,80,1
SEQ_057699,SUBJ_056936,Eyebrow - pull hair,49,4
SEQ_057706,SUBJ_059330,Neck - scratch,51,4
SEQ_057711,SUBJ_040282,Forehead - scratch,52,1
SEQ_057723,SUBJ_052342,Forehead - pull hairline,58,3
SEQ_057724,SUBJ_059960,Neck - scratch,51,1
SEQ_057741,SUBJ_026824,Eyebrow - pull hair,67,4
SEQ_057745,SUBJ_021670,Neck - scratch,51,2
SEQ_057750,SUBJ_026824,Write name on leg,58,4
SEQ_057752,SUBJ_019262,Write name in air,45,0
SEQ_057756,SUBJ_012088,Neck - pinch skin,91,0
SEQ_057762,SUBJ_008728,Eyebrow - pull hair,46,2
SEQ_057768,SUBJ_003328,Eyebrow - pull hair,46,3
SEQ_057774,SUBJ_013623,Wave hello,67,4
SEQ_057782,SUBJ_043192,Eyelash - pull hair,56,3
SEQ_057791,SUBJ_059520,Forehead - scratch,103,1
SEQ_057808,SUBJ_057917,Text on phone,66,2
SEQ_057816,SUBJ_056936,Pull air toward your face,55,4
SEQ_057828,SUBJ_038709,Text on phone,101,4
SEQ_057834,SUBJ_058786,Write name in air,66,2
SEQ_057842,SUBJ_024086,Text on phone,174,2
SEQ_057845,SUBJ_063464,Forehead - pull hairline,53,2
SEQ_057846,SUBJ_040310,Neck - scratch,87,1
SEQ_057869,SUBJ_019262,Eyelash - pull hair,59,0
SEQ_057874,SUBJ_040282,Above ear - pull hair,56,1
SEQ_057886,SUBJ_011323,Write name in air,61,2
SEQ_057888,SUBJ_059520,Eyebrow - pull hair,103,1
SEQ_057889,SUBJ_013623,Wave hello,60,4
SEQ_057895,SUBJ_027671,Pull air toward your face,47,1
SEQ_057897,SUBJ_024825,Scratch knee/leg skin,46,4
SEQ_057903,SUBJ_024825,Wave hello,84,4
SEQ_057909,SUBJ_057917,Write name in air,49,2
SEQ_057910,SUBJ_038023,Cheek - pinch skin,70,3
SEQ_057936,SUBJ_004117,Pinch knee/leg skin,89,3
SEQ_057941,SUBJ_013623,Neck - pinch skin,50,4
SEQ_057946,SUBJ_058967,Eyebrow - pull hair,63,4
SEQ_057956,SUBJ_036405,Text on phone,84,4
SEQ_057957,SUBJ_045235,Above ear - pull hair,55,1
SEQ_057960,SUBJ_017170,Above ear - pull hair,47,2
SEQ_057961,SUBJ_034631,Text on phone,61,3
SEQ_057972,SUBJ_012088,Above ear - pull hair,52,0
SEQ_057978,SUBJ_019262,Eyebrow - pull hair,53,0
SEQ_057985,SUBJ_061552,Forehead - pull hairline,54,0
SEQ_057987,SUBJ_036405,Cheek - pinch skin,59,4
SEQ_058013,SUBJ_032761,Forehead - pull hairline,53,2
SEQ_058015,SUBJ_038709,Forehead - pull hairline,75,4
SEQ_058030,SUBJ_016552,Eyebrow - pull hair,165,0
SEQ_058065,SUBJ_024137,Write name on leg,89,3
SEQ_058092,SUBJ_058967,Eyebrow - pull hair,64,4
SEQ_058107,SUBJ_038277,Text on phone,65,0
SEQ_058110,SUBJ_063346,Eyebrow - pull hair,51,2
SEQ_058118,SUBJ_019663,Forehead - pull hairline,45,1
SEQ_058127,SUBJ_043192,Scratch knee/leg skin,51,3
SEQ_058128,SUBJ_059330,Write name on leg,100,4
SEQ_058131,SUBJ_038277,Forehead - pull hairline,57,0
SEQ_058134,SUBJ_052342,Cheek - pinch skin,135,3
SEQ_058157,SUBJ_024137,Forehead - pull hairline,55,3
SEQ_058162,SUBJ_032704,Neck - pinch skin,104,1
SEQ_058166,SUBJ_055211,Neck - pinch skin,49,2
SEQ_058174,SUBJ_044680,Neck - scratch,70,3
SEQ_058181,SUBJ_040310,Wave hello,51,1
SEQ_058188,SUBJ_032585,Scratch knee/leg skin,59,3
SEQ_058194,SUBJ_038709,Forehead - pull hairline,75,4
SEQ_058195,SUBJ_024137,Pull air toward your face,78,3
SEQ_058208,SUBJ_053217,Forehead - scratch,52,4
SEQ_058214,SUBJ_008304,Text on phone,78,0
SEQ_058216,SUBJ_008304,Eyebrow - pull hair,53,0
SEQ_058223,SUBJ_032704,Write name in air,106,1
SEQ_058227,SUBJ_044680,Forehead - pull hairline,57,3
SEQ_058241,SUBJ_034631,Eyebrow - pull hair,52,3
SEQ_058242,SUBJ_047636,Neck - scratch,76,0
SEQ_058250,SUBJ_050642,Wave hello,49,3
SEQ_058253,SUBJ_004117,Cheek - pinch skin,51,3
SEQ_058262,SUBJ_032585,Forehead - pull hairline,56,3
SEQ_058279,SUBJ_053173,Neck - scratch,64,1
SEQ_058280,SUBJ_023739,Write name in air,71,2
SEQ_058294,SUBJ_027682,Pull air toward your face,52,4
SEQ_058310,SUBJ_040733,Neck - pinch skin,109,0
SEQ_058311,SUBJ_011323,Text on phone,56,2
SEQ_058326,SUBJ_019297,Neck - pinch skin,56,3
SEQ_058337,SUBJ_027671,Cheek - pinch skin,49,1
SEQ_058372,SUBJ_028998,Eyebrow - pull hair,50,1
SEQ_058379,SUBJ_050642,Write name on leg,44,3
SEQ_058380,SUBJ_040724,Text on phone,211,2
SEQ_058391,SUBJ_019756,Forehead - scratch,52,4
SEQ_058414,SUBJ_049223,Forehead - scratch,55,0
SEQ_058416,SUBJ_012088,Neck - scratch,49,0
SEQ_058417,SUBJ_041770,Neck - pinch skin,48,1
SEQ_058432,SUBJ_032233,Eyebrow - pull hair,50,4
SEQ_058439,SUBJ_050642,Cheek - pinch skin,44,3
SEQ_058471,SUBJ_019262,Forehead - pull hairline,56,0
SEQ_058483,SUBJ_012088,Write name on leg,48,0
SEQ_058513,SUBJ_061552,Neck - pinch skin,118,0
SEQ_058518,SUBJ_040310,Cheek - pinch skin,51,1
SEQ_058532,SUBJ_013623,Pinch knee/leg skin,48,4
SEQ_058553,SUBJ_040724,Write name on leg,72,2
SEQ_058557,SUBJ_059960,Write name in air,54,1
SEQ_058570,SUBJ_049223,Write name in air,50,0
SEQ_058575,SUBJ_021670,Forehead - pull hairline,46,2
SEQ_058579,SUBJ_041243,Neck - scratch,58,0
SEQ_058580,SUBJ_011323,Pull air toward your face,70,2
SEQ_058591,SUBJ_064387,Eyebrow - pull hair,64,4
SEQ_058601,SUBJ_039234,Neck - pinch skin,52,4
SEQ_058606,SUBJ_024086,Neck - pinch skin,54,2
SEQ_058610,SUBJ_028998,Write name in air,73,1
SEQ_058614,SUBJ_016552,Wave hello,138,0
SEQ_058615,SUBJ_017170,Pull air toward your face,57,2
SEQ_058618,SUBJ_021670,Pull air toward your face,48,2
SEQ_058619,SUBJ_024086,Eyebrow - pull hair,87,2
SEQ_058639,SUBJ_040310,Pull air toward your face,70,1
SEQ_058656,SUBJ_040733,Above ear - pull hair,82,0
SEQ_058661,SUBJ_000206,Wave hello,48,2
SEQ_058662,SUBJ_055211,Eyebrow - pull hair,47,2
SEQ_058672,SUBJ_058967,Above ear - pull hair,111,4
SEQ_058680,SUBJ_017170,Above ear - pull hair,89,2
SEQ_058682,SUBJ_061552,Eyelash - pull hair,91,0
SEQ_058685,SUBJ_027682,Write name on leg,68,4
SEQ_058688,SUBJ_026460,Cheek - pinch skin,46,3
SEQ_058692,SUBJ_040733,Above ear - pull hair,59,0
SEQ_058696,SUBJ_020948,Above ear - pull hair,52,0
SEQ_058699,SUBJ_047636,Pinch knee/leg skin,51,0
SEQ_058706,SUBJ_027671,Cheek - pinch skin,60,1
SEQ_058708,SUBJ_017170,Wave hello,78,2
SEQ_058715,SUBJ_063319,Forehead - scratch,48,4
SEQ_058722,SUBJ_012088,Neck - pinch skin,50,0
SEQ_058729,SUBJ_011323,Text on phone,48,2
SEQ_058744,SUBJ_013623,Glasses on/off,81,4
SEQ_058748,SUBJ_002923,Forehead - scratch,52,3
SEQ_058752,SUBJ_019262,Forehead - pull hairline,52,0
SEQ_058753,SUBJ_011323,Text on phone,63,2
SEQ_058755,SUBJ_020948,Eyebrow - pull hair,76,0
SEQ_058763,SUBJ_004117,Forehead - pull hairline,53,3
SEQ_058771,SUBJ_032233,Neck - pinch skin,62,4
SEQ_058778,SUBJ_012088,Forehead - pull hairline,50,0
SEQ_058796,SUBJ_032704,Eyebrow - pull hair,96,1
SEQ_058801,SUBJ_000206,Eyebrow - pull hair,47,2
SEQ_058805,SUBJ_050642,Text on phone,57,3
SEQ_058815,SUBJ_039498,Wave hello,54,0
SEQ_058824,SUBJ_038277,Eyelash - pull hair,87,0
SEQ_058836,SUBJ_017499,Write name in air,100,4
SEQ_058837,SUBJ_026824,Eyelash - pull hair,59,4
SEQ_058843,SUBJ_041243,Above ear - pull hair,56,0
SEQ_058848,SUBJ_059520,Above ear - pull hair,105,1
SEQ_058855,SUBJ_040282,Cheek - pinch skin,79,1
SEQ_058856,SUBJ_019297,Write name in air,75,3
SEQ_058892,SUBJ_038023,Eyebrow - pull hair,91,3
SEQ_058899,SUBJ_003328,Above ear - pull hair,49,3
SEQ_058902,SUBJ_063319,Eyelash - pull hair,67,4
SEQ_058907,SUBJ_042794,Forehead - pull hairline,76,0
SEQ_058920,SUBJ_019297,Forehead - pull hairline,72,3
SEQ_058923,SUBJ_011323,Forehead - scratch,48,2
SEQ_058938,SUBJ_063447,Eyebrow - pull hair,177,0
SEQ_058960,SUBJ_008304,Above ear - pull hair,57,0
SEQ_058967,SUBJ_028998,Neck - pinch skin,83,1
SEQ_058973,SUBJ_044680,Neck - scratch,149,3
SEQ_058975,SUBJ_041770,Forehead - pull hairline,59,1
SEQ_058977,SUBJ_026460,Write name in air,88,3
SEQ_058989,SUBJ_058786,Feel around in tray and pull out an object,84,2
SEQ_059000,SUBJ_026824,Write name in air,47,4
SEQ_059005,SUBJ_063447,Pull air toward your face,50,0
SEQ_059017,SUBJ_027671,Feel around in tray and pull out an object,108,1
SEQ_059021,SUBJ_013623,Neck - scratch,101,4
SEQ_059023,SUBJ_050642,Write name on leg,87,3
SEQ_059030,SUBJ_027671,Text on phone,68,1
SEQ_059033,SUBJ_034574,Forehead - scratch,89,3
SEQ_059065,SUBJ_042794,Wave hello,79,0
SEQ_059069,SUBJ_002923,Text on phone,85,3
SEQ_059092,SUBJ_024086,Glasses on/off,47,2
SEQ_059121,SUBJ_052342,Cheek - pinch skin,55,3
SEQ_059134,SUBJ_038277,Neck - scratch,80,0
SEQ_059146,SUBJ_026460,Neck - pinch skin,47,3
SEQ_059155,SUBJ_042779,Pull air toward your face,48,1
SEQ_059162,SUBJ_053906,Eyebrow - pull hair,34,1
SEQ_059167,SUBJ_051942,Forehead - scratch,49,2
SEQ_059169,SUBJ_059520,Above ear - pull hair,112,1
SEQ_059170,SUBJ_042794,Pull air toward your face,52,0
SEQ_059177,SUBJ_063447,Forehead - scratch,67,0
SEQ_059179,SUBJ_032704,Forehead - pull hairline,50,1
SEQ_059186,SUBJ_032704,Neck - pinch skin,49,1
SEQ_059191,SUBJ_012088,Scratch knee/leg skin,171,0
SEQ_059192,SUBJ_017807,Eyelash - pull hair,92,1
SEQ_059200,SUBJ_053906,Above ear - pull hair,47,1
SEQ_059202,SUBJ_001430,Neck - scratch,56,0
SEQ_059203,SUBJ_017499,Forehead - scratch,54,4
SEQ_059206,SUBJ_061552,Scratch knee/leg skin,57,0
SEQ_059211,SUBJ_057917,Above ear - pull hair,51,2
SEQ_059212,SUBJ_027682,Drink from bottle/cup,59,4
SEQ_059214,SUBJ_042779,Neck - pinch skin,48,1
SEQ_059216,SUBJ_042254,Forehead - pull hairline,88,1
SEQ_059218,SUBJ_050642,Above ear - pull hair,61,3
SEQ_059224,SUBJ_063447,Neck - scratch,54,0
SEQ_059237,SUBJ_008304,Neck - scratch,51,0
SEQ_059238,SUBJ_019262,Text on phone,82,0
SEQ_059241,SUBJ_026460,Eyebrow - pull hair,49,3
SEQ_059269,SUBJ_042254,Neck - scratch,135,1
SEQ_059278,SUBJ_051942,Eyebrow - pull hair,51,2
SEQ_059283,SUBJ_051942,Text on phone,64,2
SEQ_059293,SUBJ_042779,Write name in air,44,1
SEQ_059309,SUBJ_063319,Write name in air,72,4
SEQ_059310,SUBJ_038709,Text on phone,95,4
SEQ_059324,SUBJ_042779,Above ear - pull hair,40,1
SEQ_059352,SUBJ_057917,Glasses on/off,116,2
SEQ_059354,SUBJ_020948,Write name in air,47,0
SEQ_059355,SUBJ_013623,Neck - scratch,61,4
SEQ_059362,SUBJ_042794,Feel around in tray and pull out an object,121,0
SEQ_059371,SUBJ_017499,Neck - pinch skin,55,4
SEQ_059372,SUBJ_026460,Write name in air,50,3
SEQ_059373,SUBJ_038709,Forehead - scratch,65,4
SEQ_059378,SUBJ_044680,Cheek - pinch skin,55,3
SEQ_059380,SUBJ_016552,Neck - pinch skin,44,0
SEQ_059389,SUBJ_008304,Forehead - scratch,50,0
SEQ_059395,SUBJ_027671,Forehead - pull hairline,72,1
SEQ_059398,SUBJ_042779,Write name in air,47,1
SEQ_059414,SUBJ_041770,Forehead - pull hairline,66,1
SEQ_059416,SUBJ_032704,Text on phone,52,1
SEQ_059452,SUBJ_003328,Cheek - pinch skin,62,3
SEQ_059469,SUBJ_032585,Forehead - scratch,91,3
SEQ_059497,SUBJ_024086,Forehead - pull hairline,59,2
SEQ_059501,SUBJ_032233,Pull air toward your face,60,4
SEQ_059503,SUBJ_047636,Neck - scratch,94,0
SEQ_059505,SUBJ_002923,Pinch knee/leg skin,48,3
SEQ_059516,SUBJ_008728,Forehead - pull hairline,52,2
SEQ_059529,SUBJ_032165,Eyelash - pull hair,52,1
SEQ_059534,SUBJ_027671,Neck - scratch,76,1
SEQ_059542,SUBJ_036450,Write name in air,59,2
SEQ_059552,SUBJ_054811,Eyebrow - pull hair,81,3
SEQ_059556,SUBJ_017807,Above ear - pull hair,53,1
SEQ_059559,SUBJ_038277,Neck - pinch skin,58,0
SEQ_059564,SUBJ_032585,Above ear - pull hair,104,3
SEQ_059569,SUBJ_011323,Drink from bottle/cup,56,2
SEQ_059583,SUBJ_045235,Forehead - pull hairline,46,1
SEQ_059601,SUBJ_055211,Text on phone,62,2
SEQ_059604,SUBJ_051942,Cheek - pinch skin,47,2
SEQ_059605,SUBJ_000206,Pinch knee/leg skin,57,2
SEQ_059623,SUBJ_036405,Wave hello,158,4
SEQ_059632,SUBJ_053217,Eyebrow - pull hair,143,4
SEQ_059647,SUBJ_050642,Drink from bottle/cup,102,3
SEQ_059652,SUBJ_019297,Eyebrow - pull hair,53,3
SEQ_059657,SUBJ_058786,Eyebrow - pull hair,91,2
SEQ_059658,SUBJ_026824,Drink from bottle/cup,124,4
SEQ_059661,SUBJ_054811,Forehead - pull hairline,54,3
SEQ_059677,SUBJ_032704,Eyebrow - pull hair,48,1
SEQ_059679,SUBJ_044680,Forehead - pull hairline,57,3
SEQ_059694,SUBJ_059960,Above ear - pull hair,63,1
SEQ_059710,SUBJ_027682,Write name in air,93,4
SEQ_059711,SUBJ_030676,Eyebrow - pull hair,74,4
SEQ_059721,SUBJ_020948,Eyelash - pull hair,53,0
SEQ_059733,SUBJ_034574,Eyebrow - pull hair,64,3
SEQ_059738,SUBJ_042254,Text on phone,155,1
SEQ_059742,SUBJ_040106,Forehead - pull hairline,47,0
SEQ_059744,SUBJ_038023,Eyebrow - pull hair,104,3
SEQ_059746,SUBJ_035353,Forehead - scratch,51,3
SEQ_059749,SUBJ_019262,Forehead - pull hairline,72,0
SEQ_059753,SUBJ_059960,Wave hello,84,1
SEQ_059757,SUBJ_053906,Forehead - pull hairline,47,1
SEQ_059759,SUBJ_041770,Neck - scratch,103,1
SEQ_059762,SUBJ_039234,Forehead - pull hairline,53,4
SEQ_059772,SUBJ_004117,Forehead - scratch,47,3
SEQ_059774,SUBJ_063319,Wave hello,102,4
SEQ_059784,SUBJ_054811,Eyelash - pull hair,76,3
SEQ_059799,SUBJ_021670,Neck - pinch skin,79,2
SEQ_059804,SUBJ_042794,Neck - pinch skin,46,0
SEQ_059805,SUBJ_061552,Write name in air,54,0
SEQ_059810,SUBJ_041770,Neck - scratch,79,1
SEQ_059815,SUBJ_019756,Pinch knee/leg skin,53,4
SEQ_059826,SUBJ_056936,Neck - pinch skin,82,4
SEQ_059827,SUBJ_017807,Forehead - pull hairline,109,1
SEQ_059831,SUBJ_053173,Forehead - scratch,57,1
SEQ_059839,SUBJ_016552,Forehead - scratch,66,0
SEQ_059840,SUBJ_058786,Eyebrow - pull hair,55,2
SEQ_059845,SUBJ_040282,Glasses on/off,60,1
SEQ_059854,SUBJ_035353,Neck - pinch skin,47,3
SEQ_059856,SUBJ_026824,Cheek - pinch skin,63,4
SEQ_059878,SUBJ_047636,Forehead - pull hairline,55,0
SEQ_059891,SUBJ_023739,Above ear - pull hair,68,2
SEQ_059895,SUBJ_027671,Neck - pinch skin,51,1
SEQ_059899,SUBJ_002923,Neck - scratch,70,3
SEQ_059904,SUBJ_032704,Forehead - pull hairline,51,1
SEQ_059918,SUBJ_003328,Feel around in tray and pull out an object,84,3
SEQ_059919,SUBJ_050642,Forehead - pull hairline,66,3
SEQ_059921,SUBJ_001430,Neck - pinch skin,53,0
SEQ_059931,SUBJ_000206,Cheek - pinch skin,61,2
SEQ_059933,SUBJ_063346,Pull air toward your face,63,2
SEQ_059953,SUBJ_042254,Forehead - scratch,58,1
SEQ_059961,SUBJ_017170,Pull air toward your face,64,2
SEQ_059963,SUBJ_026824,Cheek - pinch skin,60,4
SEQ_059992,SUBJ_004117,Feel around in tray and pull out an object,127,3
SEQ_060009,SUBJ_058786,Pinch knee/leg skin,51,2
SEQ_060012,SUBJ_038709,Wave hello,117,4
SEQ_060016,SUBJ_059960,Neck - pinch skin,53,1
SEQ_060040,SUBJ_034631,Forehead - pull hairline,50,3
SEQ_060041,SUBJ_011323,Neck - scratch,53,2
SEQ_060050,SUBJ_044680,Pinch knee/leg skin,53,3
SEQ_060063,SUBJ_034574,Wave hello,58,3
SEQ_060064,SUBJ_044680,Neck - pinch skin,55,3
SEQ_060077,SUBJ_063464,Forehead - pull hairline,52,2
SEQ_060081,SUBJ_003328,Forehead - scratch,58,3
SEQ_060085,SUBJ_032233,Text on phone,91,4
SEQ_060086,SUBJ_058786,Write name in air,54,2
SEQ_060096,SUBJ_051942,Neck - scratch,49,2
SEQ_060107,SUBJ_054811,Glasses on/off,56,3
SEQ_060110,SUBJ_024825,Forehead - scratch,49,4
SEQ_060116,SUBJ_020948,Text on phone,57,0
SEQ_060125,SUBJ_056936,Above ear - pull hair,54,4
SEQ_060128,SUBJ_004117,Neck - scratch,46,3
SEQ_060129,SUBJ_053906,Neck - pinch skin,49,1
SEQ_060133,SUBJ_017807,Write name in air,52,1
SEQ_060139,SUBJ_043192,Forehead - pull hairline,50,3
SEQ_060142,SUBJ_063447,Above ear - pull hair,56,0
SEQ_060148,SUBJ_008728,Cheek - pinch skin,47,2
SEQ_060155,SUBJ_053906,Forehead - scratch,46,1
SEQ_060168,SUBJ_021670,Pull air toward your face,57,2
SEQ_060169,SUBJ_054811,Above ear - pull hair,84,3
SEQ_060181,SUBJ_016552,Forehead - pull hairline,48,0
SEQ_060202,SUBJ_039234,Write name in air,91,4
SEQ_060204,SUBJ_056936,Cheek - pinch skin,62,4
SEQ_060209,SUBJ_038023,Neck - scratch,53,3
SEQ_060217,SUBJ_032165,Above ear - pull hair,55,1
SEQ_060222,SUBJ_008728,Pinch knee/leg skin,50,2
SEQ_060237,SUBJ_041243,Write name in air,58,0
SEQ_060241,SUBJ_041770,Eyebrow - pull hair,50,1
SEQ_060252,SUBJ_024137,Forehead - scratch,49,3
SEQ_060254,SUBJ_019262,Text on phone,72,0
SEQ_060278,SUBJ_019663,Forehead - pull hairline,56,1
SEQ_060286,SUBJ_063447,Neck - pinch skin,211,0
SEQ_060290,SUBJ_024137,Glasses on/off,52,3
SEQ_060291,SUBJ_055211,Above ear - pull hair,51,2
SEQ_060293,SUBJ_030676,Eyebrow - pull hair,51,4
SEQ_060306,SUBJ_028998,Eyelash - pull hair,62,1
SEQ_060307,SUBJ_016552,Wave hello,90,0
SEQ_060313,SUBJ_012088,Cheek - pinch skin,52,0
SEQ_060315,SUBJ_039234,Glasses on/off,44,4
SEQ_060347,SUBJ_041770,Text on phone,108,1
SEQ_060354,SUBJ_035353,Write name in air,58,3
SEQ_060355,SUBJ_042254,Neck - pinch skin,55,1
SEQ_060364,SUBJ_017807,Neck - pinch skin,52,1
SEQ_060367,SUBJ_032233,Forehead - pull hairline,45,4
SEQ_060371,SUBJ_044680,Forehead - scratch,63,3
SEQ_060373,SUBJ_002923,Forehead - pull hairline,51,3
SEQ_060375,SUBJ_027682,Write name on leg,50,4
SEQ_060376,SUBJ_032585,Text on phone,70,3
SEQ_060380,SUBJ_034574,Text on phone,118,3
SEQ_060383,SUBJ_042779,Neck - scratch,115,1
SEQ_060386,SUBJ_056936,Write name on leg,93,4
SEQ_060392,SUBJ_011323,Forehead - scratch,69,2
SEQ_060393,SUBJ_058967,Forehead - scratch,68,4
SEQ_060399,SUBJ_032704,Drink from bottle/cup,59,1
SEQ_060406,SUBJ_034631,Neck - pinch skin,48,3
SEQ_060407,SUBJ_059520,Eyebrow - pull hair,68,1
SEQ_060414,SUBJ_040724,Neck - scratch,54,2
SEQ_060424,SUBJ_053173,Feel around in tray and pull out an object,86,1
SEQ_060431,SUBJ_026460,Feel around in tray and pull out an object,233,3
SEQ_060451,SUBJ_008304,Write name on leg,51,0
SEQ_060456,SUBJ_051942,Eyelash - pull hair,50,2
SEQ_060473,SUBJ_041770,Forehead - scratch,51,1
SEQ_060477,SUBJ_064387,Eyelash - pull hair,55,4
SEQ_060478,SUBJ_032704,Eyebrow - pull hair,48,1
SEQ_060501,SUBJ_040282,Write name in air,75,1
SEQ_060516,SUBJ_032704,Text on phone,52,1
SEQ_060522,SUBJ_058967,Pull air toward your face,106,4
SEQ_060527,SUBJ_024137,Scratch knee/leg skin,125,3
SEQ_060528,SUBJ_057917,Neck - pinch skin,51,2
SEQ_060532,SUBJ_038277,Above ear - pull hair,106,0
SEQ_060543,SUBJ_000206,Eyebrow - pull hair,61,2
SEQ_060547,SUBJ_044680,Pinch knee/leg skin,43,3
SEQ_060548,SUBJ_049223,Forehead - pull hairline,51,0
SEQ_060549,SUBJ_026460,Neck - pinch skin,53,3
SEQ_060556,SUBJ_063447,Scratch knee/leg skin,57,0
SEQ_060572,SUBJ_008728,Eyelash - pull hair,50,2
SEQ_060593,SUBJ_040733,Neck - scratch,630,0
SEQ_060597,SUBJ_042254,Neck - scratch,54,1
SEQ_060603,SUBJ_028998,Forehead - scratch,60,1
SEQ_060607,SUBJ_056936,Forehead - scratch,55,4
SEQ_060610,SUBJ_058786,Cheek - pinch skin,53,2
SEQ_060611,SUBJ_042794,Neck - scratch,58,0
SEQ_060613,SUBJ_044680,Eyelash - pull hair,70,3
SEQ_060639,SUBJ_036405,Pull air toward your face,113,4
SEQ_060646,SUBJ_019756,Above ear - pull hair,53,4
SEQ_060681,SUBJ_024825,Eyebrow - pull hair,61,4
SEQ_060690,SUBJ_041243,Write name in air,69,0
SEQ_060691,SUBJ_012088,Eyebrow - pull hair,54,0
SEQ_060694,SUBJ_058967,Eyelash - pull hair,102,4
SEQ_060707,SUBJ_032165,Above ear - pull hair,71,1
SEQ_060712,SUBJ_054811,Above ear - pull hair,107,3
SEQ_060713,SUBJ_058967,Above ear - pull hair,71,4
SEQ_060718,SUBJ_032165,Text on phone,56,1
SEQ_060736,SUBJ_051942,Wave hello,73,2
SEQ_060743,SUBJ_041770,Neck - pinch skin,61,1
SEQ_060745,SUBJ_019297,Neck - scratch,156,3
SEQ_060747,SUBJ_063464,Eyebrow - pull hair,47,2
SEQ_060749,SUBJ_038023,Neck - pinch skin,52,3
SEQ_060755,SUBJ_058967,Wave hello,64,4
SEQ_060757,SUBJ_040310,Forehead - pull hairline,70,1
SEQ_060766,SUBJ_053906,Eyelash - pull hair,52,1
SEQ_060767,SUBJ_030676,Eyebrow - pull hair,79,4
SEQ_060768,SUBJ_042254,Pull air toward your face,74,1
SEQ_060770,SUBJ_038709,Cheek - pinch skin,53,4
SEQ_060772,SUBJ_064387,Drink from bottle/cup,79,4
SEQ_060777,SUBJ_019663,Eyelash - pull hair,44,1
SEQ_060780,SUBJ_008728,Cheek - pinch skin,61,2
SEQ_060786,SUBJ_056936,Forehead - scratch,51,4
SEQ_060789,SUBJ_008304,Pull air toward your face,47,0
SEQ_060792,SUBJ_030676,Forehead - scratch,71,4
SEQ_060793,SUBJ_040724,Forehead - scratch,56,2
SEQ_060796,SUBJ_047636,Cheek - pinch skin,54,0
SEQ_060798,SUBJ_050642,Write name in air,42,3
SEQ_060802,SUBJ_063447,Write name in air,111,0
SEQ_060806,SUBJ_019297,Forehead - scratch,67,3
SEQ_060817,SUBJ_052342,Neck - scratch,97,3
SEQ_060821,SUBJ_039498,Eyebrow - pull hair,59,0
SEQ_060825,SUBJ_050642,Neck - pinch skin,44,3
SEQ_060829,SUBJ_052342,Neck - scratch,146,3
SEQ_060839,SUBJ_039498,Drink from bottle/cup,62,0
SEQ_060840,SUBJ_027682,Pull air toward your face,61,4
SEQ_060842,SUBJ_059520,Feel around in tray and pull out an object,100,1
SEQ_060854,SUBJ_052342,Above ear - pull hair,53,3
SEQ_060862,SUBJ_054811,Glasses on/off,131,3
SEQ_060875,SUBJ_017499,Eyebrow - pull hair,52,4
SEQ_060888,SUBJ_036405,Write name in air,76,4
SEQ_060900,SUBJ_040106,Neck - scratch,108,0
SEQ_060904,SUBJ_023739,Forehead - scratch,56,2
SEQ_060915,SUBJ_017807,Cheek - pinch skin,95,1
SEQ_060924,SUBJ_054811,Eyebrow - pull hair,62,3
SEQ_060938,SUBJ_063346,Forehead - pull hairline,54,2
SEQ_060973,SUBJ_049223,Forehead - scratch,66,0
SEQ_060976,SUBJ_036405,Write name in air,72,4
SEQ_060990,SUBJ_008728,Eyebrow - pull hair,50,2
SEQ_061001,SUBJ_041243,Neck - pinch skin,69,0
SEQ_061010,SUBJ_032761,Eyebrow - pull hair,80,2
SEQ_061018,SUBJ_040310,Wave hello,69,1
SEQ_061025,SUBJ_047636,Above ear - pull hair,104,0
SEQ_061034,SUBJ_032233,Eyebrow - pull hair,67,4
SEQ_061046,SUBJ_019663,Wave hello,44,1
SEQ_061048,SUBJ_019663,Text on phone,63,1
SEQ_061050,SUBJ_040106,Neck - pinch skin,63,0
SEQ_061070,SUBJ_019297,Neck - scratch,136,3
SEQ_061073,SUBJ_024825,Forehead - scratch,47,4
SEQ_061091,SUBJ_040106,Neck - scratch,89,0
SEQ_061095,SUBJ_000206,Forehead - pull hairline,58,2
SEQ_061104,SUBJ_019297,Neck - pinch skin,61,3
SEQ_061117,SUBJ_032165,Neck - scratch,69,1
SEQ_061162,SUBJ_053217,Drink from bottle/cup,63,4
SEQ_061163,SUBJ_034574,Above ear - pull hair,55,3
SEQ_061165,SUBJ_039234,Neck - scratch,106,4
SEQ_061166,SUBJ_034631,Forehead - scratch,51,3
SEQ_061167,SUBJ_054811,Text on phone,67,3
SEQ_061168,SUBJ_050642,Write name in air,50,3
SEQ_061173,SUBJ_038277,Text on phone,71,0
SEQ_061174,SUBJ_053173,Forehead - scratch,64,1
SEQ_061193,SUBJ_020948,Forehead - scratch,51,0
SEQ_061196,SUBJ_058786,Wave hello,50,2
SEQ_061207,SUBJ_040106,Wave hello,61,0
SEQ_061220,SUBJ_040282,Eyelash - pull hair,65,1
SEQ_061224,SUBJ_063319,Scratch knee/leg skin,73,4
SEQ_061233,SUBJ_002923,Forehead - pull hairline,51,3
SEQ_061257,SUBJ_049223,Pinch knee/leg skin,64,0
SEQ_061274,SUBJ_047636,Forehead - scratch,85,0
SEQ_061275,SUBJ_012088,Above ear - pull hair,51,0
SEQ_061278,SUBJ_041243,Feel around in tray and pull out an object,77,0
SEQ_061287,SUBJ_059330,Above ear - pull hair,82,4
SEQ_061290,SUBJ_038023,Neck - pinch skin,56,3
SEQ_061295,SUBJ_039234,Wave hello,74,4
SEQ_061306,SUBJ_061552,Neck - pinch skin,113,0
SEQ_061312,SUBJ_019663,Neck - scratch,116,1
SEQ_061328,SUBJ_049223,Wave hello,67,0
SEQ_061334,SUBJ_064387,Text on phone,64,4
SEQ_061350,SUBJ_019756,Write name in air,52,4
SEQ_061355,SUBJ_038277,Pinch knee/leg skin,52,0
SEQ_061359,SUBJ_026460,Eyebrow - pull hair,90,3
SEQ_061361,SUBJ_063319,Write name on leg,50,4
SEQ_061369,SUBJ_061552,Forehead - scratch,55,0
SEQ_061378,SUBJ_019262,Neck - pinch skin,57,0
SEQ_061387,SUBJ_003328,Cheek - pinch skin,50,3
SEQ_061389,SUBJ_038709,Eyelash - pull hair,85,4
SEQ_061428,SUBJ_047636,Forehead - scratch,52,0
SEQ_061429,SUBJ_012088,Forehead - pull hairline,53,0
SEQ_061432,SUBJ_063346,Forehead - pull hairline,73,2
SEQ_061444,SUBJ_040724,Above ear - pull hair,59,2
SEQ_061447,SUBJ_061552,Eyebrow - pull hair,67,0
SEQ_061451,SUBJ_019262,Scratch knee/leg skin,54,0
SEQ_061476,SUBJ_063464,Eyebrow - pull hair,53,2
SEQ_061479,SUBJ_032233,Eyebrow - pull hair,53,4
SEQ_061486,SUBJ_008728,Eyelash - pull hair,69,2
SEQ_061489,SUBJ_049223,Text on phone,92,0
SEQ_061501,SUBJ_040282,Eyelash - pull hair,70,1
SEQ_061510,SUBJ_043192,Eyebrow - pull hair,60,3
SEQ_061511,SUBJ_012088,Write name in air,93,0
SEQ_061532,SUBJ_053906,Eyelash - pull hair,47,1
SEQ_061569,SUBJ_055211,Write name in air,59,2
SEQ_061570,SUBJ_030676,Neck - scratch,360,4
SEQ_061573,SUBJ_057917,Above ear - pull hair,47,2
SEQ_061576,SUBJ_053217,Forehead - pull hairline,52,4
SEQ_061577,SUBJ_034574,Above ear - pull hair,81,3
SEQ_061589,SUBJ_011323,Above ear - pull hair,70,2
SEQ_061594,SUBJ_040310,Write name on leg,44,1
SEQ_061601,SUBJ_032165,Forehead - pull hairline,86,1
SEQ_061606,SUBJ_026460,Wave hello,110,3
SEQ_061610,SUBJ_056936,Neck - pinch skin,53,4
SEQ_061622,SUBJ_061552,Cheek - pinch skin,49,0
SEQ_061633,SUBJ_052342,Neck - scratch,75,3
SEQ_061636,SUBJ_042794,Cheek - pinch skin,48,0
SEQ_061641,SUBJ_057917,Pull air toward your face,68,2
SEQ_061643,SUBJ_045235,Eyelash - pull hair,46,1
SEQ_061644,SUBJ_026460,Text on phone,154,3
SEQ_061645,SUBJ_023739,Text on phone,69,2
SEQ_061647,SUBJ_044680,Neck - pinch skin,71,3
SEQ_061674,SUBJ_036405,Eyelash - pull hair,70,4
SEQ_061679,SUBJ_042794,Forehead - pull hairline,46,0
SEQ_061688,SUBJ_041770,Eyelash - pull hair,49,1
SEQ_061700,SUBJ_040724,Write name in air,51,2
SEQ_061704,SUBJ_036450,Write name in air,74,2
SEQ_061723,SUBJ_019262,Above ear - pull hair,54,0
SEQ_061726,SUBJ_038709,Pinch knee/leg skin,53,4
SEQ_061727,SUBJ_055211,Text on phone,67,2
SEQ_061733,SUBJ_039234,Cheek - pinch skin,58,4
SEQ_061739,SUBJ_028998,Eyebrow - pull hair,47,1
SEQ_061741,SUBJ_059960,Eyelash - pull hair,50,1
SEQ_061742,SUBJ_030676,Eyelash - pull hair,51,4
SEQ_061749,SUBJ_002923,Write name on leg,64,3
SEQ_061752,SUBJ_019297,Above ear - pull hair,52,3
SEQ_061760,SUBJ_038709,Cheek - pinch skin,70,4
SEQ_061765,SUBJ_040310,Neck - pinch skin,42,1
SEQ_061774,SUBJ_004117,Eyebrow - pull hair,50,3
SEQ_061776,SUBJ_056936,Forehead - scratch,88,4
SEQ_061785,SUBJ_019297,Eyebrow - pull hair,246,3
SEQ_061787,SUBJ_040282,Pull air toward your face,91,1
SEQ_061794,SUBJ_026824,Forehead - scratch,65,4
SEQ_061818,SUBJ_057917,Neck - pinch skin,56,2
SEQ_061826,SUBJ_039234,Above ear - pull hair,105,4
SEQ_061834,SUBJ_024137,Cheek - pinch skin,47,3
SEQ_061845,SUBJ_039498,Eyelash - pull hair,63,0
SEQ_061862,SUBJ_032233,Pinch knee/leg skin,55,4
SEQ_061877,SUBJ_063447,Cheek - pinch skin,73,0
SEQ_061882,SUBJ_051942,Forehead - pull hairline,57,2
SEQ_061904,SUBJ_032761,Neck - scratch,52,2
SEQ_061919,SUBJ_034574,Eyelash - pull hair,74,3
SEQ_061926,SUBJ_040733,Text on phone,78,0
SEQ_061938,SUBJ_023739,Eyebrow - pull hair,51,2
SEQ_061943,SUBJ_058967,Text on phone,77,4
SEQ_061944,SUBJ_038277,Neck - pinch skin,106,0
SEQ_061945,SUBJ_045235,Neck - scratch,46,1
SEQ_061952,SUBJ_002923,Wave hello,48,3
SEQ_061980,SUBJ_063464,Text on phone,129,2
SEQ_061982,SUBJ_057917,Above ear - pull hair,56,2
SEQ_061999,SUBJ_059520,Neck - scratch,116,1
SEQ_062002,SUBJ_045235,Cheek - pinch skin,48,1
SEQ_062006,SUBJ_008304,Glasses on/off,72,0
SEQ_062007,SUBJ_002923,Cheek - pinch skin,88,3
SEQ_062021,SUBJ_039498,Forehead - scratch,55,0
SEQ_062040,SUBJ_038709,Eyebrow - pull hair,52,4
SEQ_062063,SUBJ_051942,Text on phone,71,2
SEQ_062065,SUBJ_035353,Wave hello,75,3
SEQ_062069,SUBJ_063346,Forehead - scratch,47,2
SEQ_062075,SUBJ_034631,Cheek - pinch skin,67,3
SEQ_062077,SUBJ_008304,Wave hello,53,0
SEQ_062096,SUBJ_026824,Eyelash - pull hair,50,4
SEQ_062104,SUBJ_053217,Above ear - pull hair,49,4
SEQ_062125,SUBJ_059960,Write name on leg,50,1
SEQ_062139,SUBJ_034631,Text on phone,83,3
SEQ_062141,SUBJ_034574,Eyebrow - pull hair,58,3
SEQ_062147,SUBJ_059330,Neck - scratch,106,4
SEQ_062152,SUBJ_038277,Neck - scratch,136,0
SEQ_062159,SUBJ_040310,Eyebrow - pull hair,45,1
SEQ_062170,SUBJ_008304,Neck - scratch,91,0
SEQ_062175,SUBJ_040724,Text on phone,111,2
SEQ_062207,SUBJ_016552,Above ear - pull hair,38,0
SEQ_062213,SUBJ_051942,Cheek - pinch skin,47,2
SEQ_062223,SUBJ_045235,Eyebrow - pull hair,52,1
SEQ_062240,SUBJ_032761,Neck - scratch,51,2
SEQ_062250,SUBJ_032165,Forehead - scratch,88,1
SEQ_062255,SUBJ_057917,Cheek - pinch skin,78,2
SEQ_062263,SUBJ_039234,Drink from bottle/cup,63,4
SEQ_062269,SUBJ_024137,Above ear - pull hair,46,3
SEQ_062276,SUBJ_043192,Neck - scratch,52,3
SEQ_062280,SUBJ_027671,Forehead - pull hairline,65,1
SEQ_062287,SUBJ_059330,Neck - pinch skin,80,4
SEQ_062289,SUBJ_016552,Neck - pinch skin,66,0
SEQ_062294,SUBJ_034631,Eyebrow - pull hair,71,3
SEQ_062303,SUBJ_059960,Forehead - scratch,52,1
SEQ_062311,SUBJ_053217,Glasses on/off,73,4
SEQ_062316,SUBJ_063319,Eyebrow - pull hair,68,4
SEQ_062330,SUBJ_020948,Pull air toward your face,52,0
SEQ_062348,SUBJ_058967,Write name on leg,103,4
SEQ_062369,SUBJ_058786,Eyelash - pull hair,72,2
SEQ_062376,SUBJ_063319,Eyelash - pull hair,54,4
SEQ_062384,SUBJ_041243,Neck - pinch skin,53,0
SEQ_062392,SUBJ_027682,Pinch knee/leg skin,52,4
SEQ_062395,SUBJ_038023,Forehead - pull hairline,54,3
SEQ_062410,SUBJ_058786,Pull air toward your face,52,2
SEQ_062418,SUBJ_044680,Neck - scratch,63,3
SEQ_062427,SUBJ_042254,Above ear - pull hair,50,1
SEQ_062429,SUBJ_042779,Cheek - pinch skin,47,1
SEQ_062434,SUBJ_057917,Write name in air,67,2
SEQ_062448,SUBJ_017499,Forehead - scratch,50,4
SEQ_062449,SUBJ_034631,Above ear - pull hair,46,3
SEQ_062458,SUBJ_063319,Pull air toward your face,72,4
SEQ_062460,SUBJ_038709,Above ear - pull hair,54,4
SEQ_062468,SUBJ_001430,Cheek - pinch skin,75,0
SEQ_062473,SUBJ_008304,Text on phone,88,0
SEQ_062475,SUBJ_061552,Neck - pinch skin,53,0
SEQ_062502,SUBJ_034574,Neck - scratch,86,3
SEQ_062504,SUBJ_019262,Wave hello,76,0
SEQ_062532,SUBJ_008728,Neck - pinch skin,45,2
SEQ_062535,SUBJ_026824,Text on phone,187,4
SEQ_062537,SUBJ_017499,Text on phone,136,4
SEQ_062576,SUBJ_040724,Cheek - pinch skin,47,2
SEQ_062581,SUBJ_039234,Wave hello,68,4
SEQ_062586,SUBJ_050642,Text on phone,91,3
SEQ_062589,SUBJ_039234,Above ear - pull hair,71,4
SEQ_062605,SUBJ_034574,Above ear - pull hair,51,3
SEQ_062607,SUBJ_042254,Write name in air,66,1
SEQ_062622,SUBJ_032233,Cheek - pinch skin,50,4
SEQ_062628,SUBJ_063464,Text on phone,58,2
SEQ_062637,SUBJ_017170,Neck - scratch,84,2
SEQ_062646,SUBJ_059520,Eyelash - pull hair,52,1
SEQ_062647,SUBJ_032585,Feel around in tray and pull out an object,85,3
SEQ_062659,SUBJ_023739,Forehead - scratch,56,2
SEQ_062661,SUBJ_026824,Cheek - pinch skin,50,4
SEQ_062663,SUBJ_024825,Above ear - pull hair,55,4
SEQ_062665,SUBJ_053173,Cheek - pinch skin,97,1
SEQ_062674,SUBJ_024825,Eyelash - pull hair,54,4
SEQ_062678,SUBJ_055211,Forehead - pull hairline,104,2
SEQ_062698,SUBJ_013623,Forehead - pull hairline,59,4
SEQ_062703,SUBJ_059330,Above ear - pull hair,92,4
SEQ_062708,SUBJ_040282,Text on phone,63,1
SEQ_062712,SUBJ_053906,Forehead - pull hairline,51,1
SEQ_062715,SUBJ_028998,Wave hello,48,1
SEQ_062728,SUBJ_024086,Cheek - pinch skin,58,2
SEQ_062730,SUBJ_019663,Above ear - pull hair,65,1
SEQ_062737,SUBJ_019297,Forehead - scratch,53,3
SEQ_062761,SUBJ_036450,Text on phone,55,2
SEQ_062774,SUBJ_024825,Neck - pinch skin,49,4
SEQ_062778,SUBJ_030676,Pull air toward your face,53,4
SEQ_062780,SUBJ_047636,Drink from bottle/cup,65,0
SEQ_062781,SUBJ_049223,Feel around in tray and pull out an object,78,0
SEQ_062788,SUBJ_035353,Above ear - pull hair,47,3
SEQ_062791,SUBJ_036405,Drink from bottle/cup,135,4
SEQ_062799,SUBJ_030676,Drink from bottle/cup,80,4
SEQ_062817,SUBJ_032761,Forehead - scratch,56,2
SEQ_062833,SUBJ_017807,Forehead - scratch,49,1
SEQ_062867,SUBJ_028998,Write name on leg,53,1
SEQ_062886,SUBJ_059330,Text on phone,97,4
SEQ_062891,SUBJ_043192,Above ear - pull hair,68,3
SEQ_062894,SUBJ_040310,Eyebrow - pull hair,88,1
SEQ_062913,SUBJ_064387,Forehead - scratch,50,4
SEQ_062931,SUBJ_020948,Neck - scratch,52,0
SEQ_062937,SUBJ_032165,Feel around in tray and pull out an object,79,1
SEQ_062948,SUBJ_026460,Eyelash - pull hair,46,3
SEQ_062966,SUBJ_054811,Wave hello,80,3
SEQ_062983,SUBJ_032704,Neck - scratch,64,1
SEQ_062984,SUBJ_040106,Wave hello,49,0
SEQ_062991,SUBJ_019262,Write name in air,105,0
SEQ_062996,SUBJ_019663,Text on phone,82,1
SEQ_063006,SUBJ_039234,Above ear - pull hair,59,4
SEQ_063008,SUBJ_059330,Drink from bottle/cup,68,4
SEQ_063017,SUBJ_034631,Forehead - pull hairline,52,3
SEQ_063023,SUBJ_058786,Neck - pinch skin,63,2
SEQ_063057,SUBJ_016552,Write name in air,50,0
SEQ_063060,SUBJ_021670,Wave hello,59,2
SEQ_063061,SUBJ_032165,Eyebrow - pull hair,87,1
SEQ_063062,SUBJ_024825,Neck - pinch skin,67,4
SEQ_063069,SUBJ_017499,Forehead - scratch,86,4
SEQ_063072,SUBJ_044680,Wave hello,81,3
SEQ_063078,SUBJ_013623,Wave hello,49,4
SEQ_063083,SUBJ_008304,Cheek - pinch skin,52,0
SEQ_063092,SUBJ_059330,Scratch knee/leg skin,72,4
SEQ_063096,SUBJ_004117,Cheek - pinch skin,51,3
SEQ_063097,SUBJ_017499,Glasses on/off,71,4
SEQ_063102,SUBJ_038277,Wave hello,118,0
SEQ_063109,SUBJ_045235,Write name in air,44,1
SEQ_063112,SUBJ_020948,Forehead - scratch,68,0
SEQ_063116,SUBJ_023739,Neck - pinch skin,50,2
SEQ_063120,SUBJ_026824,Text on phone,63,4
SEQ_063130,SUBJ_019663,Neck - pinch skin,56,1
SEQ_063138,SUBJ_042794,Wave hello,66,0
SEQ_063146,SUBJ_040310,Wave hello,45,1
SEQ_063150,SUBJ_052342,Neck - scratch,50,3
SEQ_063169,SUBJ_040733,Wave hello,115,0
SEQ_063172,SUBJ_032704,Above ear - pull hair,48,1
SEQ_063179,SUBJ_059330,Write name on leg,53,4
SEQ_063207,SUBJ_019262,Write name in air,52,0
SEQ_063212,SUBJ_055211,Drink from bottle/cup,58,2
SEQ_063215,SUBJ_026460,Eyelash - pull hair,64,3
SEQ_063218,SUBJ_004117,Write name in air,52,3
SEQ_063221,SUBJ_024137,Wave hello,47,3
SEQ_063231,SUBJ_059960,Neck - scratch,112,1
SEQ_063244,SUBJ_020948,Pull air toward your face,50,0
SEQ_063252,SUBJ_038277,Text on phone,80,0
SEQ_063256,SUBJ_004117,Neck - scratch,48,3
SEQ_063269,SUBJ_016552,Cheek - pinch skin,45,0
SEQ_063272,SUBJ_032761,Feel around in tray and pull out an object,66,2
SEQ_063290,SUBJ_008304,Eyelash - pull hair,83,0
SEQ_063300,SUBJ_016552,Eyelash - pull hair,53,0
SEQ_063305,SUBJ_027682,Text on phone,66,4
SEQ_063308,SUBJ_063319,Forehead - pull hairline,109,4
SEQ_063327,SUBJ_038277,Forehead - pull hairline,51,0
SEQ_063328,SUBJ_063447,Write name in air,51,0
SEQ_063329,SUBJ_064387,Eyelash - pull hair,67,4
SEQ_063336,SUBJ_063447,Forehead - pull hairline,51,0
SEQ_063339,SUBJ_017499,Forehead - pull hairline,80,4
SEQ_063346,SUBJ_042794,Cheek - pinch skin,46,0
SEQ_063351,SUBJ_028998,Above ear - pull hair,72,1
SEQ_063358,SUBJ_042779,Write name on leg,46,1
SEQ_063373,SUBJ_038023,Forehead - scratch,53,3
SEQ_063397,SUBJ_012088,Eyebrow - pull hair,98,0
SEQ_063399,SUBJ_055211,Pull air toward your face,94,2
SEQ_063400,SUBJ_003328,Pinch knee/leg skin,53,3
SEQ_063404,SUBJ_038023,Pull air toward your face,49,3
SEQ_063408,SUBJ_028998,Text on phone,79,1
SEQ_063429,SUBJ_038277,Forehead - scratch,58,0
SEQ_063442,SUBJ_039234,Text on phone,81,4
SEQ_063443,SUBJ_053906,Forehead - scratch,64,1
SEQ_063454,SUBJ_043192,Feel around in tray and pull out an object,137,3
SEQ_063456,SUBJ_040106,Eyelash - pull hair,45,0
SEQ_063457,SUBJ_059960,Eyebrow - pull hair,55,1
SEQ_063459,SUBJ_059520,Write name in air,53,1
SEQ_063464,SUBJ_024086,Cheek - pinch skin,44,2
SEQ_063470,SUBJ_045235,Drink from bottle/cup,59,1
SEQ_063488,SUBJ_063319,Neck - pinch skin,49,4
SEQ_063498,SUBJ_040106,Above ear - pull hair,50,0
SEQ_063500,SUBJ_036450,Eyebrow - pull hair,68,2
SEQ_063514,SUBJ_059960,Pinch knee/leg skin,50,1
SEQ_063521,SUBJ_032165,Drink from bottle/cup,63,1
SEQ_063535,SUBJ_058786,Forehead - scratch,53,2
SEQ_063537,SUBJ_040724,Forehead - pull hairline,48,2
SEQ_063539,SUBJ_021670,Pinch knee/leg skin,52,2
SEQ_063545,SUBJ_036405,Above ear - pull hair,80,4
SEQ_063548,SUBJ_041770,Write name on leg,53,1
SEQ_063555,SUBJ_038023,Write name in air,61,3
SEQ_063563,SUBJ_032165,Above ear - pull hair,52,1
SEQ_063570,SUBJ_053173,Forehead - pull hairline,78,1
SEQ_063585,SUBJ_034631,Cheek - pinch skin,47,3
SEQ_063590,SUBJ_040724,Eyelash - pull hair,52,2
SEQ_063595,SUBJ_030676,Forehead - scratch,62,4
SEQ_063620,SUBJ_021670,Above ear - pull hair,53,2
SEQ_063626,SUBJ_040282,Neck - pinch skin,84,1
SEQ_063652,SUBJ_041243,Pull air toward your face,53,0
SEQ_063674,SUBJ_023739,Neck - pinch skin,62,2
SEQ_063682,SUBJ_057917,Text on phone,73,2
SEQ_063709,SUBJ_040733,Above ear - pull hair,72,0
SEQ_063720,SUBJ_026460,Text on phone,65,3
SEQ_063727,SUBJ_030676,Wave hello,55,4
SEQ_063741,SUBJ_000206,Neck - scratch,122,2
SEQ_063749,SUBJ_036450,Forehead - pull hairline,87,2
SEQ_063757,SUBJ_061552,Text on phone,77,0
SEQ_063762,SUBJ_032233,Forehead - pull hairline,54,4
SEQ_063768,SUBJ_042794,Forehead - pull hairline,49,0
SEQ_063774,SUBJ_034631,Neck - scratch,113,3
SEQ_063778,SUBJ_030676,Eyebrow - pull hair,171,4
SEQ_063805,SUBJ_040724,Above ear - pull hair,59,2
SEQ_063809,SUBJ_036405,Pull air toward your face,70,4
SEQ_063821,SUBJ_012088,Write name in air,52,0
SEQ_063824,SUBJ_045235,Pinch knee/leg skin,42,1
SEQ_063835,SUBJ_053173,Eyelash - pull hair,82,1
SEQ_063846,SUBJ_021670,Neck - pinch skin,68,2
SEQ_063857,SUBJ_040724,Pull air toward your face,49,2
SEQ_063858,SUBJ_016552,Above ear - pull hair,64,0
SEQ_063861,SUBJ_053173,Pull air toward your face,104,1
SEQ_063862,SUBJ_024137,Write name in air,51,3
SEQ_063872,SUBJ_053217,Text on phone,64,4
SEQ_063873,SUBJ_043192,Text on phone,57,3
SEQ_063878,SUBJ_032165,Neck - scratch,60,1
SEQ_063882,SUBJ_038023,Eyebrow - pull hair,51,3
SEQ_063913,SUBJ_017807,Neck - pinch skin,49,1
SEQ_063914,SUBJ_049223,Forehead - pull hairline,56,0
SEQ_063922,SUBJ_057917,Eyebrow - pull hair,49,2
SEQ_063929,SUBJ_058967,Eyebrow - pull hair,114,4
SEQ_063936,SUBJ_056936,Pinch knee/leg skin,63,4
SEQ_063950,SUBJ_032165,Cheek - pinch skin,54,1
SEQ_063959,SUBJ_059520,Neck - scratch,60,1
SEQ_063960,SUBJ_063346,Forehead - pull hairline,50,2
SEQ_063963,SUBJ_059520,Neck - pinch skin,60,1
SEQ_063966,SUBJ_041770,Neck - scratch,48,1
SEQ_063991,SUBJ_052342,Drink from bottle/cup,156,3
SEQ_063992,SUBJ_039234,Pull air toward your face,56,4
SEQ_064009,SUBJ_021670,Forehead - pull hairline,58,2
SEQ_064012,SUBJ_024137,Pull air toward your face,49,3
SEQ_064016,SUBJ_027671,Forehead - pull hairline,56,1
SEQ_064020,SUBJ_001430,Neck - pinch skin,57,0
SEQ_064028,SUBJ_063447,Above ear - pull hair,73,0
SEQ_064037,SUBJ_032704,Write name in air,176,1
SEQ_064042,SUBJ_028998,Write name in air,65,1
SEQ_064052,SUBJ_059960,Neck - pinch skin,59,1
SEQ_064061,SUBJ_030676,Forehead - pull hairline,66,4
SEQ_064071,SUBJ_008304,Forehead - pull hairline,52,0
SEQ_064072,SUBJ_053173,Above ear - pull hair,91,1
SEQ_064079,SUBJ_003328,Cheek - pinch skin,48,3
SEQ_064082,SUBJ_050642,Forehead - pull hairline,66,3
SEQ_064087,SUBJ_001430,Above ear - pull hair,109,0
SEQ_064101,SUBJ_043192,Glasses on/off,56,3
SEQ_064115,SUBJ_058786,Eyelash - pull hair,51,2
SEQ_064116,SUBJ_047636,Text on phone,150,0
SEQ_064121,SUBJ_030676,Forehead - pull hairline,98,4
SEQ_064128,SUBJ_032165,Forehead - scratch,100,1
SEQ_064131,SUBJ_027671,Neck - scratch,158,1
SEQ_064138,SUBJ_028998,Cheek - pinch skin,67,1
SEQ_064153,SUBJ_042779,Write name in air,45,1
SEQ_064164,SUBJ_059960,Text on phone,76,1
SEQ_064175,SUBJ_052342,Forehead - scratch,59,3
SEQ_064189,SUBJ_055211,Eyebrow - pull hair,48,2
SEQ_064191,SUBJ_050642,Text on phone,105,3
SEQ_064198,SUBJ_004117,Neck - pinch skin,46,3
SEQ_064203,SUBJ_026824,Pinch knee/leg skin,46,4
SEQ_064204,SUBJ_032165,Pull air toward your face,52,1
SEQ_064219,SUBJ_041243,Wave hello,52,0
SEQ_064240,SUBJ_034631,Eyelash - pull hair,52,3
SEQ_064245,SUBJ_061552,Eyebrow - pull hair,54,0
SEQ_064248,SUBJ_032585,Write name in air,53,3
SEQ_064261,SUBJ_054811,Forehead - scratch,49,3
SEQ_064268,SUBJ_057917,Cheek - pinch skin,58,2
SEQ_064272,SUBJ_059520,Text on phone,69,1
SEQ_064273,SUBJ_045235,Forehead - pull hairline,43,1
SEQ_064302,SUBJ_040724,Pull air toward your face,47,2
SEQ_064309,SUBJ_042779,Cheek - pinch skin,62,1
SEQ_064316,SUBJ_040733,Neck - scratch,65,0
SEQ_064339,SUBJ_040106,Forehead - scratch,68,0
SEQ_064341,SUBJ_008728,Write name in air,52,2
SEQ_064347,SUBJ_035353,Neck - pinch skin,57,3
SEQ_064348,SUBJ_001430,Write name in air,52,0
SEQ_064360,SUBJ_021670,Neck - pinch skin,54,2
SEQ_064362,SUBJ_057917,Text on phone,145,2
SEQ_064368,SUBJ_059960,Feel around in tray and pull out an object,86,1
SEQ_064369,SUBJ_042254,Scratch knee/leg skin,74,1
SEQ_064392,SUBJ_036405,Cheek - pinch skin,57,4
SEQ_064409,SUBJ_026824,Forehead - pull hairline,51,4
SEQ_064418,SUBJ_043192,Forehead - pull hairline,51,3
SEQ_064436,SUBJ_038709,Feel around in tray and pull out an object,72,4
SEQ_064457,SUBJ_042794,Eyebrow - pull hair,57,0
SEQ_064460,SUBJ_038709,Cheek - pinch skin,54,4
SEQ_064463,SUBJ_040724,Neck - pinch skin,48,2
SEQ_064465,SUBJ_039498,Text on phone,87,0
SEQ_064467,SUBJ_059960,Pinch knee/leg skin,73,1
SEQ_064490,SUBJ_021670,Drink from bottle/cup,68,2
SEQ_064503,SUBJ_027682,Text on phone,89,4
SEQ_064512,SUBJ_017170,Forehead - scratch,75,2
SEQ_064518,SUBJ_063464,Text on phone,181,2
SEQ_064522,SUBJ_032585,Forehead - scratch,58,3
SEQ_064534,SUBJ_061552,Pull air toward your face,54,0
SEQ_064540,SUBJ_039498,Text on phone,72,0
SEQ_064547,SUBJ_008728,Drink from bottle/cup,59,2
SEQ_064550,SUBJ_017807,Eyebrow - pull hair,119,1
SEQ_064553,SUBJ_027671,Above ear - pull hair,49,1
SEQ_064558,SUBJ_063346,Pinch knee/leg skin,44,2
SEQ_064562,SUBJ_008728,Glasses on/off,186,2
SEQ_064569,SUBJ_047636,Forehead - pull hairline,61,0
SEQ_064576,SUBJ_017807,Forehead - pull hairline,52,1
SEQ_064578,SUBJ_011323,Eyebrow - pull hair,52,2
SEQ_064581,SUBJ_050642,Neck - scratch,45,3
SEQ_064582,SUBJ_019297,Wave hello,49,3
SEQ_064584,SUBJ_032704,Eyelash - pull hair,51,1
SEQ_064586,SUBJ_030676,Cheek - pinch skin,43,4
SEQ_064587,SUBJ_026460,Forehead - scratch,46,3
SEQ_064589,SUBJ_032704,Eyelash - pull hair,50,1
SEQ_064592,SUBJ_013623,Eyebrow - pull hair,68,4
SEQ_064603,SUBJ_020948,Cheek - pinch skin,55,0
SEQ_064605,SUBJ_019756,Forehead - pull hairline,51,4
SEQ_064610,SUBJ_047636,Text on phone,69,0
SEQ_064611,SUBJ_055211,Forehead - pull hairline,50,2
SEQ_064626,SUBJ_032761,Cheek - pinch skin,65,2
SEQ_064628,SUBJ_019297,Neck - scratch,49,3
SEQ_064638,SUBJ_056936,Forehead - pull hairline,67,4
SEQ_064644,SUBJ_003328,Scratch knee/leg skin,93,3
SEQ_064651,SUBJ_053217,Neck - pinch skin,68,4
SEQ_064660,SUBJ_056936,Cheek - pinch skin,51,4
SEQ_064669,SUBJ_030676,Cheek - pinch skin,62,4
SEQ_064679,SUBJ_012088,Forehead - pull hairline,53,0
SEQ_064689,SUBJ_064387,Forehead - scratch,47,4
SEQ_064692,SUBJ_042254,Neck - scratch,51,1
SEQ_064697,SUBJ_003328,Above ear - pull hair,44,3
SEQ_064703,SUBJ_032761,Forehead - pull hairline,166,2
SEQ_064707,SUBJ_036450,Pinch knee/leg skin,49,2
SEQ_064716,SUBJ_058786,Feel around in tray and pull out an object,189,2
SEQ_064718,SUBJ_032165,Write name in air,59,1
SEQ_064725,SUBJ_063346,Glasses on/off,55,2
SEQ_064729,SUBJ_019663,Neck - pinch skin,50,1
SEQ_064730,SUBJ_035353,Forehead - pull hairline,62,3
SEQ_064749,SUBJ_041770,Cheek - pinch skin,70,1
SEQ_064761,SUBJ_030676,Scratch knee/leg skin,49,4
SEQ_064762,SUBJ_027682,Glasses on/off,59,4
SEQ_064763,SUBJ_058967,Forehead - scratch,94,4
SEQ_064785,SUBJ_039234,Neck - pinch skin,49,4
SEQ_064786,SUBJ_034631,Pinch knee/leg skin,62,3
SEQ_064787,SUBJ_038277,Above ear - pull hair,103,0
SEQ_064799,SUBJ_040724,Pull air toward your face,48,2
SEQ_064803,SUBJ_021670,Above ear - pull hair,53,2
SEQ_064808,SUBJ_017170,Neck - pinch skin,74,2
SEQ_064829,SUBJ_028998,Forehead - scratch,56,1
SEQ_064830,SUBJ_038709,Write name in air,55,4
SEQ_064831,SUBJ_004117,Eyebrow - pull hair,58,3
SEQ_064849,SUBJ_053906,Cheek - pinch skin,48,1
SEQ_064855,SUBJ_021670,Write name in air,78,2
SEQ_064857,SUBJ_036450,Scratch knee/leg skin,46,2
SEQ_064867,SUBJ_012088,Forehead - pull hairline,101,0
SEQ_064868,SUBJ_008728,Neck - scratch,133,2
SEQ_064873,SUBJ_040310,Text on phone,66,1
SEQ_064881,SUBJ_026824,Eyelash - pull hair,63,4
SEQ_064882,SUBJ_053906,Eyebrow - pull hair,64,1
SEQ_064889,SUBJ_064387,Eyebrow - pull hair,74,4
SEQ_064890,SUBJ_053906,Forehead - scratch,48,1
SEQ_064897,SUBJ_044680,Scratch knee/leg skin,111,3
SEQ_064901,SUBJ_041243,Wave hello,57,0
SEQ_064911,SUBJ_063447,Eyebrow - pull hair,49,0
SEQ_064922,SUBJ_063447,Forehead - pull hairline,52,0
SEQ_064924,SUBJ_017170,Write name in air,47,2
SEQ_064929,SUBJ_023739,Neck - pinch skin,55,2
SEQ_064940,SUBJ_042794,Text on phone,58,0
SEQ_064947,SUBJ_063346,Forehead - scratch,53,2
SEQ_064948,SUBJ_017807,Write name in air,84,1
SEQ_064954,SUBJ_038023,Neck - pinch skin,51,3
SEQ_064968,SUBJ_054811,Forehead - scratch,103,3
SEQ_064975,SUBJ_047636,Neck - scratch,50,0
SEQ_064982,SUBJ_027671,Neck - pinch skin,55,1
SEQ_064985,SUBJ_003328,Neck - pinch skin,63,3
SEQ_064992,SUBJ_042779,Eyebrow - pull hair,43,1
SEQ_064994,SUBJ_035353,Drink from bottle/cup,63,3
SEQ_064995,SUBJ_004117,Write name in air,62,3
SEQ_065001,SUBJ_019297,Text on phone,62,3
SEQ_065009,SUBJ_038277,Eyelash - pull hair,56,0
SEQ_065022,SUBJ_057917,Wave hello,46,2
SEQ_065053,SUBJ_051942,Write name on leg,54,2
SEQ_065060,SUBJ_013623,Write name in air,87,4
SEQ_065065,SUBJ_040724,Wave hello,52,2
SEQ_065079,SUBJ_040282,Neck - scratch,224,1
SEQ_065086,SUBJ_040724,Eyebrow - pull hair,59,2
SEQ_065096,SUBJ_043192,Above ear - pull hair,78,3
SEQ_065103,SUBJ_039234,Text on phone,86,4
SEQ_065114,SUBJ_038023,Glasses on/off,91,3
SEQ_065118,SUBJ_061552,Drink from bottle/cup,79,0
SEQ_065126,SUBJ_063447,Eyelash - pull hair,64,0
SEQ_065128,SUBJ_041243,Drink from bottle/cup,68,0
SEQ_065136,SUBJ_042779,Neck - pinch skin,49,1
SEQ_065161,SUBJ_008304,Write name in air,104,0
SEQ_065173,SUBJ_035353,Pull air toward your face,78,3
SEQ_065174,SUBJ_059330,Forehead - pull hairline,45,4
SEQ_065176,SUBJ_027682,Cheek - pinch skin,53,4
SEQ_065179,SUBJ_011323,Eyelash - pull hair,60,2
SEQ_065181,SUBJ_054811,Cheek - pinch skin,51,3
SEQ_065187,SUBJ_034631,Forehead - scratch,57,3
SEQ_065189,SUBJ_040724,Eyebrow - pull hair,52,2
SEQ_065209,SUBJ_020948,Eyebrow - pull hair,54,0
SEQ_065220,SUBJ_019756,Write name in air,98,4
SEQ_065223,SUBJ_030676,Neck - scratch,54,4
SEQ_065225,SUBJ_042794,Wave hello,51,0
SEQ_065246,SUBJ_003328,Neck - pinch skin,55,3
SEQ_065252,SUBJ_001430,Scratch knee/leg skin,52,0
SEQ_065254,SUBJ_035353,Above ear - pull hair,44,3
SEQ_065256,SUBJ_055211,Eyebrow - pull hair,49,2
SEQ_065261,SUBJ_063319,Text on phone,63,4
SEQ_065266,SUBJ_017170,Neck - pinch skin,43,2
SEQ_065272,SUBJ_017807,Forehead - scratch,49,1
SEQ_065274,SUBJ_020948,Eyelash - pull hair,51,0
SEQ_065278,SUBJ_013623,Forehead - pull hairline,55,4
SEQ_065281,SUBJ_040310,Eyebrow - pull hair,88,1
SEQ_065287,SUBJ_042794,Write name in air,97,0
SEQ_065309,SUBJ_039234,Cheek - pinch skin,40,4
SEQ_065322,SUBJ_019756,Cheek - pinch skin,46,4
SEQ_065329,SUBJ_051942,Feel around in tray and pull out an object,170,2
SEQ_065331,SUBJ_011323,Cheek - pinch skin,78,2
SEQ_065335,SUBJ_053173,Eyelash - pull hair,58,1
SEQ_065347,SUBJ_039234,Cheek - pinch skin,52,4
SEQ_065348,SUBJ_041243,Forehead - scratch,52,0
SEQ_065353,SUBJ_063319,Cheek - pinch skin,47,4
SEQ_065372,SUBJ_040310,Cheek - pinch skin,47,1
SEQ_065374,SUBJ_012088,Pinch knee/leg skin,52,0
SEQ_065375,SUBJ_000206,Scratch knee/leg skin,49,2
SEQ_065379,SUBJ_038023,Eyelash - pull hair,62,3
SEQ_065397,SUBJ_003328,Forehead - pull hairline,62,3
SEQ_065403,SUBJ_035353,Scratch knee/leg skin,45,3
SEQ_065413,SUBJ_023739,Forehead - scratch,63,2
SEQ_065424,SUBJ_042254,Write name in air,62,1
SEQ_065430,SUBJ_054811,Neck - pinch skin,86,3
SEQ_065435,SUBJ_034574,Write name on leg,48,3
SEQ_065443,SUBJ_017170,Eyebrow - pull hair,52,2
SEQ_065449,SUBJ_041243,Eyelash - pull hair,87,0
SEQ_065451,SUBJ_059520,Pull air toward your face,113,1
SEQ_065452,SUBJ_036450,Pinch knee/leg skin,84,2
SEQ_065470,SUBJ_061552,Eyebrow - pull hair,61,0
SEQ_065471,SUBJ_035353,Forehead - pull hairline,44,3
SEQ_065478,SUBJ_052342,Neck - scratch,426,3
SEQ_065487,SUBJ_030676,Neck - pinch skin,62,4
SEQ_065508,SUBJ_027682,Text on phone,76,4
SEQ_065519,SUBJ_050642,Neck - scratch,84,3
SEQ_065522,SUBJ_040282,Above ear - pull hair,78,1
SEQ_065526,SUBJ_063447,Cheek - pinch skin,48,0
SEQ_065531,SUBJ_039498,Write name on leg,53,0
